{"__meta":{"schema_version":3,"schema_name":"GBMModelV3","schema_type":"GBMModel"},"model_id":{"__meta":{"schema_version":3,"schema_name":"ModelKeyV3","schema_type":"Key<Model>"},"name":"GBM_model_python_1600930320161_695","type":"Key<Model>","URL":"/3/Models/GBM_model_python_1600930320161_695"},"algo":"gbm","algo_full_name":"Gradient Boosting Machine","response_column_name":"algo_graydiff_class","data_frame":{"__meta":{"schema_version":3,"schema_name":"FrameKeyV3","schema_type":"Key<Frame>"},"name":"py_52_sid_8a90","type":"Key<Frame>","URL":"/3/Frames/py_52_sid_8a90"},"timestamp":1600962674356,"have_pojo":true,"have_mojo":true,"algo":"gbm","algo_full_name":"Gradient Boosting Machine","model_id":{"__meta":{"schema_version":3,"schema_name":"ModelKeyV3","schema_type":"Key<Model>"},"name":"GBM_model_python_1600930320161_695","type":"Key<Model>","URL":"/3/Models/GBM_model_python_1600930320161_695"},"parameters":[{"__meta":{"schema_version":3,"schema_name":"ModelParameterSchemaV3","schema_type":"Iced"},"name":"model_id","label":"model_id","help":"Destination id for this model; auto-generated if not specified.","required":false,"type":"Key<Model>","default_value":null,"actual_value":{"__meta":{"schema_version":3,"schema_name":"ModelKeyV3","schema_type":"Key<Model>"},"name":"GBM_model_python_1600930320161_695","type":"Key<Model>","URL":"/3/Models/GBM_model_python_1600930320161_695"},"input_value":null,"level":"critical","values":[],"is_member_of_frames":[],"is_mutually_exclusive_with":[],"gridable":false},{"__meta":{"schema_version":3,"schema_name":"ModelParameterSchemaV3","schema_type":"Iced"},"name":"training_frame","label":"training_frame","help":"Id of the training data frame.","required":false,"type":"Key<Frame>","default_value":null,"actual_value":{"__meta":{"schema_version":3,"schema_name":"FrameKeyV3","schema_type":"Key<Frame>"},"name":"py_52_sid_8a90","type":"Key<Frame>","URL":"/3/Frames/py_52_sid_8a90"},"input_value":{"__meta":{"schema_version":3,"schema_name":"FrameKeyV3","schema_type":"Key<Frame>"},"name":"py_52_sid_8a90","type":"Key<Frame>","URL":"/3/Frames/py_52_sid_8a90"},"level":"critical","values":[],"is_member_of_frames":[],"is_mutually_exclusive_with":[],"gridable":false},{"__meta":{"schema_version":3,"schema_name":"ModelParameterSchemaV3","schema_type":"Iced"},"name":"validation_frame","label":"validation_frame","help":"Id of the validation data frame.","required":false,"type":"Key<Frame>","default_value":null,"actual_value":{"__meta":{"schema_version":3,"schema_name":"FrameKeyV3","schema_type":"Key<Frame>"},"name":"py_53_sid_8a90","type":"Key<Frame>","URL":"/3/Frames/py_53_sid_8a90"},"input_value":{"__meta":{"schema_version":3,"schema_name":"FrameKeyV3","schema_type":"Key<Frame>"},"name":"py_53_sid_8a90","type":"Key<Frame>","URL":"/3/Frames/py_53_sid_8a90"},"level":"critical","values":[],"is_member_of_frames":[],"is_mutually_exclusive_with":[],"gridable":true},{"__meta":{"schema_version":3,"schema_name":"ModelParameterSchemaV3","schema_type":"Iced"},"name":"nfolds","label":"nfolds","help":"Number of folds for K-fold cross-validation (0 to disable or >= 2).","required":false,"type":"int","default_value":0,"actual_value":0,"input_value":0,"level":"critical","values":[],"is_member_of_frames":[],"is_mutually_exclusive_with":[],"gridable":false},{"__meta":{"schema_version":3,"schema_name":"ModelParameterSchemaV3","schema_type":"Iced"},"name":"keep_cross_validation_models","label":"keep_cross_validation_models","help":"Whether to keep the cross-validation models.","required":false,"type":"boolean","default_value":true,"actual_value":true,"input_value":true,"level":"expert","values":[],"is_member_of_frames":[],"is_mutually_exclusive_with":[],"gridable":false},{"__meta":{"schema_version":3,"schema_name":"ModelParameterSchemaV3","schema_type":"Iced"},"name":"keep_cross_validation_predictions","label":"keep_cross_validation_predictions","help":"Whether to keep the predictions of the cross-validation models.","required":false,"type":"boolean","default_value":false,"actual_value":false,"input_value":false,"level":"expert","values":[],"is_member_of_frames":[],"is_mutually_exclusive_with":[],"gridable":false},{"__meta":{"schema_version":3,"schema_name":"ModelParameterSchemaV3","schema_type":"Iced"},"name":"keep_cross_validation_fold_assignment","label":"keep_cross_validation_fold_assignment","help":"Whether to keep the cross-validation fold assignment.","required":false,"type":"boolean","default_value":false,"actual_value":false,"input_value":false,"level":"expert","values":[],"is_member_of_frames":[],"is_mutually_exclusive_with":[],"gridable":false},{"__meta":{"schema_version":3,"schema_name":"ModelParameterSchemaV3","schema_type":"Iced"},"name":"score_each_iteration","label":"score_each_iteration","help":"Whether to score during each iteration of model training.","required":false,"type":"boolean","default_value":false,"actual_value":false,"input_value":false,"level":"secondary","values":[],"is_member_of_frames":[],"is_mutually_exclusive_with":[],"gridable":false},{"__meta":{"schema_version":3,"schema_name":"ModelParameterSchemaV3","schema_type":"Iced"},"name":"score_tree_interval","label":"score_tree_interval","help":"Score the model after every so many trees. Disabled if set to 0.","required":false,"type":"int","default_value":0,"actual_value":0,"input_value":0,"level":"secondary","values":[],"is_member_of_frames":[],"is_mutually_exclusive_with":[],"gridable":false},{"__meta":{"schema_version":3,"schema_name":"ModelParameterSchemaV3","schema_type":"Iced"},"name":"fold_assignment","label":"fold_assignment","help":"Cross-validation fold assignment scheme, if fold_column is not specified. The 'Stratified' option will stratify the folds based on the response variable, for classification problems.","required":false,"type":"enum","default_value":"AUTO","actual_value":null,"input_value":"AUTO","level":"secondary","values":["AUTO","Random","Modulo","Stratified"],"is_member_of_frames":[],"is_mutually_exclusive_with":[],"gridable":true},{"__meta":{"schema_version":3,"schema_name":"ModelParameterSchemaV3","schema_type":"Iced"},"name":"fold_column","label":"fold_column","help":"Column with cross-validation fold index assignment per observation.","required":false,"type":"VecSpecifier","default_value":null,"actual_value":null,"input_value":null,"level":"secondary","values":[],"is_member_of_frames":["training_frame"],"is_mutually_exclusive_with":["response_column","weights_column","ignored_columns","offset_column"],"gridable":true},{"__meta":{"schema_version":3,"schema_name":"ModelParameterSchemaV3","schema_type":"Iced"},"name":"response_column","label":"response_column","help":"Response variable column.","required":false,"type":"VecSpecifier","default_value":null,"actual_value":{"__meta":{"schema_version":3,"schema_name":"ColSpecifierV3","schema_type":"VecSpecifier"},"column_name":"algo_graydiff_class","is_member_of_frames":null},"input_value":{"__meta":{"schema_version":3,"schema_name":"ColSpecifierV3","schema_type":"VecSpecifier"},"column_name":"algo_graydiff_class","is_member_of_frames":null},"level":"critical","values":[],"is_member_of_frames":["training_frame","validation_frame"],"is_mutually_exclusive_with":["weights_column","ignored_columns","offset_column","fold_column"],"gridable":true},{"__meta":{"schema_version":3,"schema_name":"ModelParameterSchemaV3","schema_type":"Iced"},"name":"ignored_columns","label":"ignored_columns","help":"Names of columns to ignore for training.","required":false,"type":"string[]","default_value":null,"actual_value":["insp_st_time"],"input_value":["insp_st_time"],"level":"critical","values":[],"is_member_of_frames":["training_frame","validation_frame"],"is_mutually_exclusive_with":["response_column","weights_column","offset_column","fold_column"],"gridable":false},{"__meta":{"schema_version":3,"schema_name":"ModelParameterSchemaV3","schema_type":"Iced"},"name":"ignore_const_cols","label":"ignore_const_cols","help":"Ignore constant columns.","required":false,"type":"boolean","default_value":true,"actual_value":true,"input_value":true,"level":"critical","values":[],"is_member_of_frames":[],"is_mutually_exclusive_with":[],"gridable":false},{"__meta":{"schema_version":3,"schema_name":"ModelParameterSchemaV3","schema_type":"Iced"},"name":"offset_column","label":"offset_column","help":"Offset column. This will be added to the combination of columns before applying the link function.","required":false,"type":"VecSpecifier","default_value":null,"actual_value":null,"input_value":null,"level":"secondary","values":[],"is_member_of_frames":["training_frame","validation_frame"],"is_mutually_exclusive_with":["response_column","weights_column","ignored_columns","fold_column"],"gridable":true},{"__meta":{"schema_version":3,"schema_name":"ModelParameterSchemaV3","schema_type":"Iced"},"name":"weights_column","label":"weights_column","help":"Column with observation weights. Giving some observation a weight of zero is equivalent to excluding it from the dataset; giving an observation a relative weight of 2 is equivalent to repeating that row twice. Negative weights are not allowed. Note: Weights are per-row observation weights and do not increase the size of the data frame. This is typically the number of times a row is repeated, but non-integer values are supported as well. During training, rows with higher weights matter more, due to the larger loss function pre-factor.","required":false,"type":"VecSpecifier","default_value":null,"actual_value":null,"input_value":null,"level":"secondary","values":[],"is_member_of_frames":["training_frame","validation_frame"],"is_mutually_exclusive_with":["response_column","ignored_columns","offset_column","fold_column"],"gridable":true},{"__meta":{"schema_version":3,"schema_name":"ModelParameterSchemaV3","schema_type":"Iced"},"name":"balance_classes","label":"balance_classes","help":"Balance training data class counts via over/under-sampling (for imbalanced data).","required":false,"type":"boolean","default_value":false,"actual_value":true,"input_value":true,"level":"secondary","values":[],"is_member_of_frames":[],"is_mutually_exclusive_with":[],"gridable":true},{"__meta":{"schema_version":3,"schema_name":"ModelParameterSchemaV3","schema_type":"Iced"},"name":"class_sampling_factors","label":"class_sampling_factors","help":"Desired over/under-sampling ratios per class (in lexicographic order). If not specified, sampling factors will be automatically computed to obtain class balance during training. Requires balance_classes.","required":false,"type":"float[]","default_value":null,"actual_value":null,"input_value":null,"level":"expert","values":[],"is_member_of_frames":[],"is_mutually_exclusive_with":[],"gridable":true},{"__meta":{"schema_version":3,"schema_name":"ModelParameterSchemaV3","schema_type":"Iced"},"name":"max_after_balance_size","label":"max_after_balance_size","help":"Maximum relative size of the training data after balancing class counts (can be less than 1.0). Requires balance_classes.","required":false,"type":"float","default_value":5.0,"actual_value":5.0,"input_value":5.0,"level":"expert","values":[],"is_member_of_frames":[],"is_mutually_exclusive_with":[],"gridable":true},{"__meta":{"schema_version":3,"schema_name":"ModelParameterSchemaV3","schema_type":"Iced"},"name":"max_confusion_matrix_size","label":"max_confusion_matrix_size","help":"[Deprecated] Maximum size (# classes) for confusion matrices to be printed in the Logs","required":false,"type":"int","default_value":20,"actual_value":20,"input_value":20,"level":"secondary","values":[],"is_member_of_frames":[],"is_mutually_exclusive_with":[],"gridable":false},{"__meta":{"schema_version":3,"schema_name":"ModelParameterSchemaV3","schema_type":"Iced"},"name":"max_hit_ratio_k","label":"max_hit_ratio_k","help":"Max. number (top K) of predictions to use for hit ratio computation (for multi-class only, 0 to disable)","required":false,"type":"int","default_value":0,"actual_value":0,"input_value":0,"level":"secondary","values":[],"is_member_of_frames":[],"is_mutually_exclusive_with":[],"gridable":false},{"__meta":{"schema_version":3,"schema_name":"ModelParameterSchemaV3","schema_type":"Iced"},"name":"ntrees","label":"ntrees","help":"Number of trees.","required":false,"type":"int","default_value":50,"actual_value":50,"input_value":50,"level":"critical","values":[],"is_member_of_frames":[],"is_mutually_exclusive_with":[],"gridable":true},{"__meta":{"schema_version":3,"schema_name":"ModelParameterSchemaV3","schema_type":"Iced"},"name":"max_depth","label":"max_depth","help":"Maximum tree depth (0 for unlimited).","required":false,"type":"int","default_value":5,"actual_value":5,"input_value":5,"level":"critical","values":[],"is_member_of_frames":[],"is_mutually_exclusive_with":[],"gridable":true},{"__meta":{"schema_version":3,"schema_name":"ModelParameterSchemaV3","schema_type":"Iced"},"name":"min_rows","label":"min_rows","help":"Fewest allowed (weighted) observations in a leaf.","required":false,"type":"double","default_value":10.0,"actual_value":10.0,"input_value":10.0,"level":"critical","values":[],"is_member_of_frames":[],"is_mutually_exclusive_with":[],"gridable":true},{"__meta":{"schema_version":3,"schema_name":"ModelParameterSchemaV3","schema_type":"Iced"},"name":"nbins","label":"nbins","help":"For numerical columns (real/int), build a histogram of (at least) this many bins, then split at the best point","required":false,"type":"int","default_value":20,"actual_value":20,"input_value":20,"level":"critical","values":[],"is_member_of_frames":[],"is_mutually_exclusive_with":[],"gridable":true},{"__meta":{"schema_version":3,"schema_name":"ModelParameterSchemaV3","schema_type":"Iced"},"name":"nbins_top_level","label":"nbins_top_level","help":"For numerical columns (real/int), build a histogram of (at most) this many bins at the root level, then decrease by factor of two per level","required":false,"type":"int","default_value":1024,"actual_value":1024,"input_value":1024,"level":"secondary","values":[],"is_member_of_frames":[],"is_mutually_exclusive_with":[],"gridable":true},{"__meta":{"schema_version":3,"schema_name":"ModelParameterSchemaV3","schema_type":"Iced"},"name":"nbins_cats","label":"nbins_cats","help":"For categorical columns (factors), build a histogram of this many bins, then split at the best point. Higher values can lead to more overfitting.","required":false,"type":"int","default_value":1024,"actual_value":1024,"input_value":1024,"level":"secondary","values":[],"is_member_of_frames":[],"is_mutually_exclusive_with":[],"gridable":true},{"__meta":{"schema_version":3,"schema_name":"ModelParameterSchemaV3","schema_type":"Iced"},"name":"r2_stopping","label":"r2_stopping","help":"r2_stopping is no longer supported and will be ignored if set - please use stopping_rounds, stopping_metric and stopping_tolerance instead. Previous version of H2O would stop making trees when the R^2 metric equals or exceeds this","required":false,"type":"double","default_value":1.7976931348623157E308,"actual_value":1.7976931348623157E308,"input_value":1.7976931348623157E308,"level":"secondary","values":[],"is_member_of_frames":[],"is_mutually_exclusive_with":[],"gridable":true},{"__meta":{"schema_version":3,"schema_name":"ModelParameterSchemaV3","schema_type":"Iced"},"name":"stopping_rounds","label":"stopping_rounds","help":"Early stopping based on convergence of stopping_metric. Stop if simple moving average of length k of the stopping_metric does not improve for k:=stopping_rounds scoring events (0 to disable)","required":false,"type":"int","default_value":0,"actual_value":0,"input_value":0,"level":"secondary","values":[],"is_member_of_frames":[],"is_mutually_exclusive_with":[],"gridable":true},{"__meta":{"schema_version":3,"schema_name":"ModelParameterSchemaV3","schema_type":"Iced"},"name":"stopping_metric","label":"stopping_metric","help":"Metric to use for early stopping (AUTO: logloss for classification, deviance for regression and anonomaly_score for Isolation Forest). Note that custom and custom_increasing can only be used in GBM and DRF with the Python client.","required":false,"type":"enum","default_value":"AUTO","actual_value":null,"input_value":"AUTO","level":"secondary","values":["AUTO","deviance","logloss","MSE","RMSE","MAE","RMSLE","AUC","AUCPR","lift_top_group","misclassification","mean_per_class_error","anomaly_score","custom","custom_increasing"],"is_member_of_frames":[],"is_mutually_exclusive_with":[],"gridable":true},{"__meta":{"schema_version":3,"schema_name":"ModelParameterSchemaV3","schema_type":"Iced"},"name":"stopping_tolerance","label":"stopping_tolerance","help":"Relative tolerance for metric-based stopping criterion (stop if relative improvement is not at least this much)","required":false,"type":"double","default_value":0.001,"actual_value":0.001,"input_value":0.001,"level":"secondary","values":[],"is_member_of_frames":[],"is_mutually_exclusive_with":[],"gridable":true},{"__meta":{"schema_version":3,"schema_name":"ModelParameterSchemaV3","schema_type":"Iced"},"name":"max_runtime_secs","label":"max_runtime_secs","help":"Maximum allowed runtime in seconds for model training. Use 0 to disable.","required":false,"type":"double","default_value":0.0,"actual_value":0.0,"input_value":0.0,"level":"secondary","values":[],"is_member_of_frames":[],"is_mutually_exclusive_with":[],"gridable":true},{"__meta":{"schema_version":3,"schema_name":"ModelParameterSchemaV3","schema_type":"Iced"},"name":"seed","label":"seed","help":"Seed for pseudo random number generator (if applicable)","required":false,"type":"long","default_value":-1,"actual_value":12345,"input_value":12345,"level":"critical","values":[],"is_member_of_frames":[],"is_mutually_exclusive_with":[],"gridable":true},{"__meta":{"schema_version":3,"schema_name":"ModelParameterSchemaV3","schema_type":"Iced"},"name":"build_tree_one_node","label":"build_tree_one_node","help":"Run on one node only; no network overhead but fewer cpus used. Suitable for small datasets.","required":false,"type":"boolean","default_value":false,"actual_value":false,"input_value":false,"level":"expert","values":[],"is_member_of_frames":[],"is_mutually_exclusive_with":[],"gridable":false},{"__meta":{"schema_version":3,"schema_name":"ModelParameterSchemaV3","schema_type":"Iced"},"name":"learn_rate","label":"learn_rate","help":"Learning rate (from 0.0 to 1.0)","required":false,"type":"double","default_value":0.1,"actual_value":0.1,"input_value":0.1,"level":"critical","values":[],"is_member_of_frames":[],"is_mutually_exclusive_with":[],"gridable":true},{"__meta":{"schema_version":3,"schema_name":"ModelParameterSchemaV3","schema_type":"Iced"},"name":"learn_rate_annealing","label":"learn_rate_annealing","help":"Scale the learning rate by this factor after each tree (e.g., 0.99 or 0.999) ","required":false,"type":"double","default_value":1.0,"actual_value":1.0,"input_value":1.0,"level":"secondary","values":[],"is_member_of_frames":[],"is_mutually_exclusive_with":[],"gridable":true},{"__meta":{"schema_version":3,"schema_name":"ModelParameterSchemaV3","schema_type":"Iced"},"name":"distribution","label":"distribution","help":"Distribution function","required":false,"type":"enum","default_value":"AUTO","actual_value":"bernoulli","input_value":"AUTO","level":"secondary","values":["AUTO","bernoulli","quasibinomial","ordinal","multinomial","gaussian","poisson","gamma","tweedie","laplace","quantile","huber","custom"],"is_member_of_frames":[],"is_mutually_exclusive_with":[],"gridable":true},{"__meta":{"schema_version":3,"schema_name":"ModelParameterSchemaV3","schema_type":"Iced"},"name":"quantile_alpha","label":"quantile_alpha","help":"Desired quantile for Quantile regression, must be between 0 and 1.","required":false,"type":"double","default_value":0.5,"actual_value":0.5,"input_value":0.5,"level":"secondary","values":[],"is_member_of_frames":[],"is_mutually_exclusive_with":[],"gridable":true},{"__meta":{"schema_version":3,"schema_name":"ModelParameterSchemaV3","schema_type":"Iced"},"name":"tweedie_power","label":"tweedie_power","help":"Tweedie power for Tweedie regression, must be between 1 and 2.","required":false,"type":"double","default_value":1.5,"actual_value":1.5,"input_value":1.5,"level":"secondary","values":[],"is_member_of_frames":[],"is_mutually_exclusive_with":[],"gridable":true},{"__meta":{"schema_version":3,"schema_name":"ModelParameterSchemaV3","schema_type":"Iced"},"name":"huber_alpha","label":"huber_alpha","help":"Desired quantile for Huber/M-regression (threshold between quadratic and linear loss, must be between 0 and 1).","required":false,"type":"double","default_value":0.9,"actual_value":0.9,"input_value":0.9,"level":"secondary","values":[],"is_member_of_frames":[],"is_mutually_exclusive_with":[],"gridable":true},{"__meta":{"schema_version":3,"schema_name":"ModelParameterSchemaV3","schema_type":"Iced"},"name":"checkpoint","label":"checkpoint","help":"Model checkpoint to resume training with.","required":false,"type":"Key<Model>","default_value":null,"actual_value":null,"input_value":null,"level":"secondary","values":[],"is_member_of_frames":[],"is_mutually_exclusive_with":[],"gridable":false},{"__meta":{"schema_version":3,"schema_name":"ModelParameterSchemaV3","schema_type":"Iced"},"name":"sample_rate","label":"sample_rate","help":"Row sample rate per tree (from 0.0 to 1.0)","required":false,"type":"double","default_value":1.0,"actual_value":1.0,"input_value":1.0,"level":"critical","values":[],"is_member_of_frames":[],"is_mutually_exclusive_with":[],"gridable":true},{"__meta":{"schema_version":3,"schema_name":"ModelParameterSchemaV3","schema_type":"Iced"},"name":"sample_rate_per_class","label":"sample_rate_per_class","help":"A list of row sample rates per class (relative fraction for each class, from 0.0 to 1.0), for each tree","required":false,"type":"double[]","default_value":null,"actual_value":null,"input_value":null,"level":"expert","values":[],"is_member_of_frames":[],"is_mutually_exclusive_with":[],"gridable":true},{"__meta":{"schema_version":3,"schema_name":"ModelParameterSchemaV3","schema_type":"Iced"},"name":"col_sample_rate","label":"col_sample_rate","help":"Column sample rate (from 0.0 to 1.0)","required":false,"type":"double","default_value":1.0,"actual_value":1.0,"input_value":1.0,"level":"critical","values":[],"is_member_of_frames":[],"is_mutually_exclusive_with":[],"gridable":true},{"__meta":{"schema_version":3,"schema_name":"ModelParameterSchemaV3","schema_type":"Iced"},"name":"col_sample_rate_change_per_level","label":"col_sample_rate_change_per_level","help":"Relative change of the column sampling rate for every level (must be > 0.0 and <= 2.0)","required":false,"type":"double","default_value":1.0,"actual_value":1.0,"input_value":1.0,"level":"expert","values":[],"is_member_of_frames":[],"is_mutually_exclusive_with":[],"gridable":true},{"__meta":{"schema_version":3,"schema_name":"ModelParameterSchemaV3","schema_type":"Iced"},"name":"col_sample_rate_per_tree","label":"col_sample_rate_per_tree","help":"Column sample rate per tree (from 0.0 to 1.0)","required":false,"type":"double","default_value":1.0,"actual_value":1.0,"input_value":1.0,"level":"secondary","values":[],"is_member_of_frames":[],"is_mutually_exclusive_with":[],"gridable":true},{"__meta":{"schema_version":3,"schema_name":"ModelParameterSchemaV3","schema_type":"Iced"},"name":"min_split_improvement","label":"min_split_improvement","help":"Minimum relative improvement in squared error reduction for a split to happen","required":false,"type":"double","default_value":1.0E-5,"actual_value":1.0E-5,"input_value":1.0E-5,"level":"secondary","values":[],"is_member_of_frames":[],"is_mutually_exclusive_with":[],"gridable":true},{"__meta":{"schema_version":3,"schema_name":"ModelParameterSchemaV3","schema_type":"Iced"},"name":"histogram_type","label":"histogram_type","help":"What type of histogram to use for finding optimal split points","required":false,"type":"enum","default_value":"AUTO","actual_value":"UniformAdaptive","input_value":"AUTO","level":"secondary","values":["AUTO","UniformAdaptive","Random","QuantilesGlobal","RoundRobin"],"is_member_of_frames":[],"is_mutually_exclusive_with":[],"gridable":true},{"__meta":{"schema_version":3,"schema_name":"ModelParameterSchemaV3","schema_type":"Iced"},"name":"max_abs_leafnode_pred","label":"max_abs_leafnode_pred","help":"Maximum absolute value of a leaf node prediction","required":false,"type":"double","default_value":1.7976931348623157E308,"actual_value":1.7976931348623157E308,"input_value":1.7976931348623157E308,"level":"expert","values":[],"is_member_of_frames":[],"is_mutually_exclusive_with":[],"gridable":true},{"__meta":{"schema_version":3,"schema_name":"ModelParameterSchemaV3","schema_type":"Iced"},"name":"pred_noise_bandwidth","label":"pred_noise_bandwidth","help":"Bandwidth (sigma) of Gaussian multiplicative noise ~N(1,sigma) for tree node predictions","required":false,"type":"double","default_value":0.0,"actual_value":0.0,"input_value":0.0,"level":"expert","values":[],"is_member_of_frames":[],"is_mutually_exclusive_with":[],"gridable":true},{"__meta":{"schema_version":3,"schema_name":"ModelParameterSchemaV3","schema_type":"Iced"},"name":"categorical_encoding","label":"categorical_encoding","help":"Encoding scheme for categorical features","required":false,"type":"enum","default_value":"AUTO","actual_value":"Enum","input_value":"AUTO","level":"secondary","values":["AUTO","Enum","OneHotInternal","OneHotExplicit","Binary","Eigen","LabelEncoder","SortByResponse","EnumLimited"],"is_member_of_frames":[],"is_mutually_exclusive_with":[],"gridable":true},{"__meta":{"schema_version":3,"schema_name":"ModelParameterSchemaV3","schema_type":"Iced"},"name":"calibrate_model","label":"calibrate_model","help":"Use Platt Scaling to calculate calibrated class probabilities. Calibration can provide more accurate estimates of class probabilities.","required":false,"type":"boolean","default_value":false,"actual_value":false,"input_value":false,"level":"expert","values":[],"is_member_of_frames":[],"is_mutually_exclusive_with":[],"gridable":false},{"__meta":{"schema_version":3,"schema_name":"ModelParameterSchemaV3","schema_type":"Iced"},"name":"calibration_frame","label":"calibration_frame","help":"Calibration frame for Platt Scaling","required":false,"type":"Key<Frame>","default_value":null,"actual_value":null,"input_value":null,"level":"expert","values":[],"is_member_of_frames":[],"is_mutually_exclusive_with":[],"gridable":false},{"__meta":{"schema_version":3,"schema_name":"ModelParameterSchemaV3","schema_type":"Iced"},"name":"custom_metric_func","label":"custom_metric_func","help":"Reference to custom evaluation function, format: `language:keyName=funcName`","required":false,"type":"string","default_value":null,"actual_value":null,"input_value":null,"level":"secondary","values":[],"is_member_of_frames":[],"is_mutually_exclusive_with":[],"gridable":false},{"__meta":{"schema_version":3,"schema_name":"ModelParameterSchemaV3","schema_type":"Iced"},"name":"custom_distribution_func","label":"custom_distribution_func","help":"Reference to custom distribution, format: `language:keyName=funcName`","required":false,"type":"string","default_value":null,"actual_value":null,"input_value":null,"level":"secondary","values":[],"is_member_of_frames":[],"is_mutually_exclusive_with":[],"gridable":false},{"__meta":{"schema_version":3,"schema_name":"ModelParameterSchemaV3","schema_type":"Iced"},"name":"export_checkpoints_dir","label":"export_checkpoints_dir","help":"Automatically export generated models to this directory.","required":false,"type":"string","default_value":null,"actual_value":null,"input_value":null,"level":"secondary","values":[],"is_member_of_frames":[],"is_mutually_exclusive_with":[],"gridable":false},{"__meta":{"schema_version":3,"schema_name":"ModelParameterSchemaV3","schema_type":"Iced"},"name":"monotone_constraints","label":"monotone_constraints","help":"A mapping representing monotonic constraints. Use +1 to enforce an increasing constraint and -1 to specify a decreasing constraint.","required":false,"type":"KeyValue[]","default_value":null,"actual_value":null,"input_value":null,"level":"secondary","values":[],"is_member_of_frames":[],"is_mutually_exclusive_with":[],"gridable":false},{"__meta":{"schema_version":3,"schema_name":"ModelParameterSchemaV3","schema_type":"Iced"},"name":"check_constant_response","label":"check_constant_response","help":"Check if response column is constant. If enabled, then an exception is thrown if the response column is a constant value.If disabled, then model will train regardless of the response column being a constant value or not.","required":false,"type":"boolean","default_value":true,"actual_value":true,"input_value":true,"level":"expert","values":[],"is_member_of_frames":[],"is_mutually_exclusive_with":[],"gridable":false},{"__meta":{"schema_version":3,"schema_name":"ModelParameterSchemaV3","schema_type":"Iced"},"name":"gainslift_bins","label":"gainslift_bins","help":"Gains/Lift table number of bins. 0 means disabled.. Default value -1 means automatic binning.","required":false,"type":"int","default_value":-1,"actual_value":-1,"input_value":-1,"level":"secondary","values":[],"is_member_of_frames":[],"is_mutually_exclusive_with":[],"gridable":false}],"output":{"__meta":{"schema_version":3,"schema_name":"GBMModelOutputV3","schema_type":"GBMOutput"},"names":["T_GrayDiff","R_GrayDiff","algo_graydiff_class"],"original_names":null,"column_types":["Numeric","Numeric","Enum"],"domains":[null,null,["false","true"]],"cross_validation_models":null,"cross_validation_predictions":null,"cross_validation_holdout_predictions_frame_id":null,"cross_validation_fold_assignment_frame_id":null,"model_category":"Binomial","model_summary":{"__meta":{"schema_version":3,"schema_name":"TwoDimTableV3","schema_type":"TwoDimTable"},"name":"Model Summary","description":"","columns":[{"__meta":{"schema_version":-1,"schema_name":"ColumnSpecsBase","schema_type":"Iced"},"name":"","type":"string","format":"%s","description":""},{"__meta":{"schema_version":-1,"schema_name":"ColumnSpecsBase","schema_type":"Iced"},"name":"number_of_trees","type":"long","format":"%d","description":"Number of Trees"},{"__meta":{"schema_version":-1,"schema_name":"ColumnSpecsBase","schema_type":"Iced"},"name":"number_of_internal_trees","type":"long","format":"%d","description":"Number of Internal Trees"},{"__meta":{"schema_version":-1,"schema_name":"ColumnSpecsBase","schema_type":"Iced"},"name":"model_size_in_bytes","type":"long","format":"%d","description":"Model Size in Bytes"},{"__meta":{"schema_version":-1,"schema_name":"ColumnSpecsBase","schema_type":"Iced"},"name":"min_depth","type":"long","format":"%d","description":"Min. Depth"},{"__meta":{"schema_version":-1,"schema_name":"ColumnSpecsBase","schema_type":"Iced"},"name":"max_depth","type":"long","format":"%d","description":"Max. Depth"},{"__meta":{"schema_version":-1,"schema_name":"ColumnSpecsBase","schema_type":"Iced"},"name":"mean_depth","type":"double","format":"%.5f","description":"Mean Depth"},{"__meta":{"schema_version":-1,"schema_name":"ColumnSpecsBase","schema_type":"Iced"},"name":"min_leaves","type":"long","format":"%d","description":"Min. Leaves"},{"__meta":{"schema_version":-1,"schema_name":"ColumnSpecsBase","schema_type":"Iced"},"name":"max_leaves","type":"long","format":"%d","description":"Max. Leaves"},{"__meta":{"schema_version":-1,"schema_name":"ColumnSpecsBase","schema_type":"Iced"},"name":"mean_leaves","type":"double","format":"%.5f","description":"Mean Leaves"}],"rowcount":1,"data":[[""],[50],[50],[9236],[5],[5],[5.0],[9],[13],[10.16]]},"scoring_history":{"__meta":{"schema_version":3,"schema_name":"TwoDimTableV3","schema_type":"TwoDimTable"},"name":"Scoring History","description":"","columns":[{"__meta":{"schema_version":-1,"schema_name":"ColumnSpecsBase","schema_type":"Iced"},"name":"","type":"string","format":"%s","description":""},{"__meta":{"schema_version":-1,"schema_name":"ColumnSpecsBase","schema_type":"Iced"},"name":"timestamp","type":"string","format":"%s","description":"Timestamp"},{"__meta":{"schema_version":-1,"schema_name":"ColumnSpecsBase","schema_type":"Iced"},"name":"duration","type":"string","format":"%s","description":"Duration"},{"__meta":{"schema_version":-1,"schema_name":"ColumnSpecsBase","schema_type":"Iced"},"name":"number_of_trees","type":"long","format":"%d","description":"Number of Trees"},{"__meta":{"schema_version":-1,"schema_name":"ColumnSpecsBase","schema_type":"Iced"},"name":"training_rmse","type":"double","format":"%.5f","description":"Training RMSE"},{"__meta":{"schema_version":-1,"schema_name":"ColumnSpecsBase","schema_type":"Iced"},"name":"training_logloss","type":"double","format":"%.5f","description":"Training LogLoss"},{"__meta":{"schema_version":-1,"schema_name":"ColumnSpecsBase","schema_type":"Iced"},"name":"training_auc","type":"double","format":"%.5f","description":"Training AUC"},{"__meta":{"schema_version":-1,"schema_name":"ColumnSpecsBase","schema_type":"Iced"},"name":"training_pr_auc","type":"double","format":"%.5f","description":"Training pr_auc"},{"__meta":{"schema_version":-1,"schema_name":"ColumnSpecsBase","schema_type":"Iced"},"name":"training_lift","type":"double","format":"%.5f","description":"Training Lift"},{"__meta":{"schema_version":-1,"schema_name":"ColumnSpecsBase","schema_type":"Iced"},"name":"training_classification_error","type":"double","format":"%.5f","description":"Training Classification Error"},{"__meta":{"schema_version":-1,"schema_name":"ColumnSpecsBase","schema_type":"Iced"},"name":"validation_rmse","type":"double","format":"%.5f","description":"Validation RMSE"},{"__meta":{"schema_version":-1,"schema_name":"ColumnSpecsBase","schema_type":"Iced"},"name":"validation_logloss","type":"double","format":"%.5f","description":"Validation LogLoss"},{"__meta":{"schema_version":-1,"schema_name":"ColumnSpecsBase","schema_type":"Iced"},"name":"validation_auc","type":"double","format":"%.5f","description":"Validation AUC"},{"__meta":{"schema_version":-1,"schema_name":"ColumnSpecsBase","schema_type":"Iced"},"name":"validation_pr_auc","type":"double","format":"%.5f","description":"Validation pr_auc"},{"__meta":{"schema_version":-1,"schema_name":"ColumnSpecsBase","schema_type":"Iced"},"name":"validation_lift","type":"double","format":"%.5f","description":"Validation Lift"},{"__meta":{"schema_version":-1,"schema_name":"ColumnSpecsBase","schema_type":"Iced"},"name":"validation_classification_error","type":"double","format":"%.5f","description":"Validation Classification Error"}],"rowcount":51,"data":[["","","","","","","","","","","","","","","","","","","","","","","","","","","","","","","","","","","","","","","","","","","","","","","","","","",""],["2020-09-24 17:51:13","2020-09-24 17:51:13","2020-09-24 17:51:13","2020-09-24 17:51:13","2020-09-24 17:51:13","2020-09-24 17:51:13","2020-09-24 17:51:13","2020-09-24 17:51:13","2020-09-24 17:51:13","2020-09-24 17:51:13","2020-09-24 17:51:13","2020-09-24 17:51:13","2020-09-24 17:51:13","2020-09-24 17:51:13","2020-09-24 17:51:13","2020-09-24 17:51:13","2020-09-24 17:51:13","2020-09-24 17:51:13","2020-09-24 17:51:13","2020-09-24 17:51:13","2020-09-24 17:51:13","2020-09-24 17:51:13","2020-09-24 17:51:13","2020-09-24 17:51:13","2020-09-24 17:51:13","2020-09-24 17:51:13","2020-09-24 17:51:13","2020-09-24 17:51:13","2020-09-24 17:51:13","2020-09-24 17:51:13","2020-09-24 17:51:13","2020-09-24 17:51:13","2020-09-24 17:51:13","2020-09-24 17:51:13","2020-09-24 17:51:13","2020-09-24 17:51:14","2020-09-24 17:51:14","2020-09-24 17:51:14","2020-09-24 17:51:14","2020-09-24 17:51:14","2020-09-24 17:51:14","2020-09-24 17:51:14","2020-09-24 17:51:14","2020-09-24 17:51:14","2020-09-24 17:51:14","2020-09-24 17:51:14","2020-09-24 17:51:14","2020-09-24 17:51:14","2020-09-24 17:51:14","2020-09-24 17:51:14","2020-09-24 17:51:14"],[" 0.003 sec"," 0.037 sec"," 0.063 sec"," 0.083 sec"," 0.102 sec"," 0.132 sec"," 0.152 sec"," 0.172 sec"," 0.200 sec"," 0.220 sec"," 0.239 sec"," 0.259 sec"," 0.279 sec"," 0.298 sec"," 0.318 sec"," 0.338 sec"," 0.359 sec"," 0.379 sec"," 0.399 sec"," 0.423 sec"," 0.445 sec"," 0.466 sec"," 0.488 sec"," 0.511 sec"," 0.532 sec"," 0.563 sec"," 0.584 sec"," 0.610 sec"," 0.634 sec"," 0.658 sec"," 0.679 sec"," 0.703 sec"," 0.724 sec"," 0.748 sec"," 0.770 sec"," 0.795 sec"," 0.818 sec"," 0.840 sec"," 0.860 sec"," 0.881 sec"," 0.901 sec"," 0.923 sec"," 0.952 sec"," 0.977 sec"," 0.998 sec"," 1.019 sec"," 1.047 sec"," 1.067 sec"," 1.088 sec"," 1.110 sec"," 1.131 sec"],[0,1,2,3,4,5,6,7,8,9,10,11,12,13,14,15,16,17,18,19,20,21,22,23,24,25,26,27,28,29,30,31,32,33,34,35,36,37,38,39,40,41,42,43,44,45,46,47,48,49,50],[0.6929087099675115,0.6897598012222362,0.686350298153887,0.6826458181599586,0.6786153168768032,0.6742289094329695,0.6694569494079812,0.6642696393397062,0.6586370268542301,0.6525290334496217,0.6459158398688918,0.6387680708340454,0.6310574251759407,0.6227571874542229,0.6138426217200323,0.6042921730435966,0.5940882977670637,0.5832162068403935,0.5716679368131496,0.5594417127793434,0.546543222146885,0.5329822190512378,0.5187817586348131,0.5039693639092808,0.4885847803277138,0.4726776594047061,0.45629855040614914,0.43951636014620143,0.42240096986501824,0.4050352697098242,0.3875032689737523,0.3698850449371309,0.3522735378229016,0.33476151045157254,0.31744235644233487,0.30038732399620693,0.2836909593085612,0.2674271375667657,0.2516513371284075,0.2364291651408638,0.2218163380290354,0.20786344085046624,0.1945854745486756,0.18201224446413855,0.1701811059318122,0.15906341330075432,0.14868030872651303,0.1390473110469255,0.13010989398988076,0.12187269027020485,0.11434028389842435],[1.9581069482820035,1.8586248474278964,1.768863973368119,1.6864507920984182,1.6098016903903185,1.537809356853028,1.469671965860671,1.4047932607636582,1.342721170897512,1.2831075410524055,1.2256821157222677,1.170233193648406,1.1165952262887693,1.064638999377703,1.0142636912270062,0.9653929467511575,0.9179704804490046,0.8719512729863,0.8273074528090147,0.7840214709514594,0.7420852545619362,0.7014899836879428,0.6622418549952577,0.6243430182268384,0.5878029739165526,0.5526334016460973,0.518833535788147,0.4864167119436603,0.4553847274760796,0.42574454665914563,0.39749434282888335,0.3706191485167764,0.3451127413227958,0.3209629242655983,0.2981535217112985,0.2766459983951344,0.2564248301348793,0.23745243871390573,0.21968214382624096,0.20307681144671258,0.18759606412603372,0.17319565983672827,0.1598182342548638,0.1474153844560929,0.1359475514795334,0.12534006165546718,0.11555904596279322,0.10655917985164162,0.09826971631477734,0.09065883001100994,0.08368464637737447],[0.5,0.9999800638212653,0.9999800638212653,0.9999800638212653,0.9999800638212653,0.9999808574425701,0.9999817546996551,0.9999819790426662,0.9999819790426662,0.9999826741438786,0.9999826741438786,0.9999826741438786,0.999982691502728,0.999982691502728,0.999982691502728,0.999982691502728,0.9999824733675174,0.9999825755663065,0.9999825755663065,0.9999829878102408,0.9999829878102408,0.9999829878102408,0.9999829795331734,0.9999827477752897,0.9999827477752897,0.9999827477752897,0.9999827477752897,0.9999827590412979,0.9999827645593428,0.9999827590412979,0.9999827590412979,0.999982764674302,0.999982764674302,0.999982764674302,0.999982764674302,0.999982764674302,0.999982764674302,0.999982764674302,0.999982764674302,0.999982764674302,0.999982764674302,0.999982764674302,0.999982764674302,0.999982764674302,0.9999830585101903,0.9999830585101903,0.9999830585101903,0.9999830585101903,0.9999830585101903,0.9999830585101903,0.9999831473737044],[0.499951751423333,0.9999812320455918,0.9999812320455918,0.9999812320455918,0.9999812320455918,0.9999818775006929,0.9999827456100714,0.9999829280574536,0.9999829280574536,0.9999834708291312,0.9999834708291312,0.9999834708291312,0.9999834857217021,0.9999834857217021,0.9999834857217021,0.9999834857217021,0.999983328536916,0.9999834255842972,0.9999834255842972,0.9999837579840892,0.9999837579840892,0.9999837579840892,0.9999837510006624,0.9999835733680731,0.9999835733680731,0.9999835733680731,0.9999835733680731,0.9999835830702225,0.9999835879548306,0.9999835830702225,0.9999835830702225,0.999983587433553,0.999983587433553,0.999983587433553,0.999983587433553,0.999983587433553,0.999983587433553,0.999983587433553,0.999983587433553,0.999983587433553,0.999983587433553,0.999983587433553,0.999983587433553,0.999983587433553,0.9999838690262234,0.9999838690262234,0.9999838690262234,0.9999838690262234,0.9999838690262234,0.9999838690262234,0.9999839528423353],[1.0,2.000193012931866,2.000193012931866,2.000193012931866,2.000193012931866,2.000193012931866,2.000193012931866,2.000193012931866,2.000193012931866,2.000193012931866,2.000193012931866,2.000193012931866,2.000193012931866,2.000193012931866,2.000193012931866,2.000193012931866,2.000193012931866,2.000193012931866,2.000193012931866,2.000193012931866,2.000193012931866,2.000193012931866,2.000193012931866,2.000193012931866,2.000193012931866,2.000193012931866,2.000193012931866,2.000193012931866,2.000193012931866,2.000193012931866,2.000193012931866,2.000193012931866,2.000193012931866,2.000193012931866,2.000193012931866,2.000193012931866,2.000193012931866,2.000193012931866,2.000193012931866,2.000193012931866,2.000193012931866,2.000193012931866,2.000193012931866,2.000193012931866,2.000193012931866,2.000193012931866,2.000193012931866,2.000193012931866,2.000193012931866,2.000193012931866,2.000193012931866],[0.500048248576667,3.0021336592792736E-4,3.0021336592792736E-4,3.0021336592792736E-4,3.0021336592792736E-4,3.0021336592792736E-4,3.0021336592792736E-4,3.0021336592792736E-4,3.0021336592792736E-4,3.0021336592792736E-4,3.0021336592792736E-4,3.0021336592792736E-4,3.0021336592792736E-4,3.0021336592792736E-4,3.0021336592792736E-4,3.0021336592792736E-4,3.0021336592792736E-4,3.0021336592792736E-4,3.0021336592792736E-4,3.0021336592792736E-4,3.0021336592792736E-4,3.0021336592792736E-4,3.0021336592792736E-4,3.0021336592792736E-4,3.0021336592792736E-4,3.0021336592792736E-4,3.0021336592792736E-4,3.0021336592792736E-4,3.0021336592792736E-4,3.0021336592792736E-4,3.0021336592792736E-4,3.0021336592792736E-4,3.0021336592792736E-4,3.0021336592792736E-4,3.0021336592792736E-4,3.0021336592792736E-4,3.0021336592792736E-4,3.0021336592792736E-4,3.0021336592792736E-4,3.0021336592792736E-4,3.0021336592792736E-4,3.0021336592792736E-4,3.0021336592792736E-4,3.0021336592792736E-4,3.0021336592792736E-4,3.0021336592792736E-4,3.0021336592792736E-4,3.0021336592792736E-4,3.0021336592792736E-4,3.0021336592792736E-4,3.0021336592792736E-4],[0.14474532682222221,0.14365378806345022,0.1426717389638505,0.1417232704260351,0.14076542824293456,0.13977126122217723,0.13872226854732775,0.13760444437625494,0.13640671817915223,0.13511944740011628,0.13373435835372274,0.1322437272093718,0.13064069309178578,0.12891917569043318,0.1270733577516431,0.12509872888786078,0.1229905984743862,0.12074724079726729,0.11836640533281964,0.11584823144628385,0.11319245079669027,0.11040328159629481,0.10748500137157878,0.10444360110254176,0.10128864671724849,0.09802734211388921,0.09467456238257041,0.09124518337120782,0.08775093770841853,0.08421188073074452,0.08064193001842901,0.07706596098571432,0.07349785517258621,0.06996367500559811,0.0664700806571685,0.06304490544779953,0.05970790585741984,0.056465051739991654,0.05334481851391405,0.050347963011893246,0.04750069940054398,0.044788826775065606,0.042226780891682726,0.039841143679423305,0.037610018657883895,0.03554649388416525,0.03366417154880944,0.03190691300502338,0.03032898492160082,0.028915126273170656,0.02762920115427299],[0.10349910626533172,0.09570855133112861,0.08920544741724731,0.08360740095632958,0.0786756910406925,0.07425248459365512,0.07022899047344354,0.06652705167806984,0.06308975053601047,0.0598738064077978,0.05684658940408097,0.05398234251635685,0.051261138869975256,0.0486673625248266,0.04618809032874271,0.04381358289400653,0.04153487312683858,0.039346983810581194,0.03724409977582682,0.035222501118804345,0.033277768655115,0.031408849801169446,0.029613298651878103,0.027889362231012838,0.026236435283697252,0.02465176577730875,0.02313646730278153,0.0216898086195042,0.020309552124872378,0.018996162253126406,0.017747162685583396,0.01656431081912829,0.015444475761325417,0.01438844123206879,0.013391046343987635,0.012454090993084244,0.011575994133769741,0.0107522976035336,0.009984727214170316,0.009268146710804854,0.008603436993625027,0.007983497658819127,0.007407955733180492,0.006878286164251724,0.006387418106570787,0.00593529265817112,0.005521517661319807,0.005135337013255234,0.004784151552166879,0.004463780121102542,0.004168112717355426],[0.5,0.9999858700015923,0.9999858700015923,0.9999858700015923,0.9999858700015923,0.9999848318792603,0.9999850914098434,0.9999850914098434,0.9999850914098434,0.9999850193180148,0.9999850193180148,0.9999850193180148,0.9999850193180148,0.9999850193180148,0.9999850193180148,0.9999850193180148,0.99998682161373,0.9999873406748959,0.9999873406748959,0.9999868504504614,0.9999868504504614,0.9999868504504614,0.9999868504504614,0.9999873406748959,0.9999873406748959,0.9999873406748959,0.9999873406748959,0.9999874271850904,0.9999874271850904,0.9999874271850904,0.9999874271850904,0.9999874271850904,0.9999874271850904,0.9999874271850904,0.9999874271850904,0.9999874271850904,0.9999874271850904,0.9999874271850904,0.9999874271850904,0.9999874271850904,0.9999874271850904,0.9999874271850904,0.9999874271850904,0.9999874271850904,0.9999877299707705,0.9999877299707705,0.9999877299707705,0.9999877299707705,0.9999877299707705,0.9999877299707705,0.9999879029911592],[0.9785916185326288,0.999999691252775,0.999999691252775,0.999999691252775,0.999999691252775,0.9999996686760574,0.9999996743515513,0.9999996743515513,0.9999996743515513,0.9999996727857388,0.9999996727857388,0.9999996727857388,0.9999996727857388,0.9999996727857388,0.9999996727857388,0.9999996727857388,0.9999997119846842,0.9999997233306368,0.9999997233306368,0.999999712660735,0.999999712660735,0.999999712660735,0.999999712660735,0.9999997233306368,0.9999997233306368,0.9999997233306368,0.9999997233306368,0.9999997252145044,0.9999997252145044,0.9999997252145044,0.9999997252145044,0.9999997252145044,0.9999997252145044,0.9999997252145044,0.9999997252145044,0.9999997252145044,0.9999997252145044,0.9999997252145044,0.9999997252145044,0.9999997252145044,0.9999997252145044,0.9999997252145044,0.9999997252145044,0.9999997252145044,0.9999997318343063,0.9999997318343063,0.9999997318343063,0.9999997318343063,0.9999997318343063,0.9999997318343063,0.9999997356154362],[1.0,1.0218767267795248,1.0218767267795248,1.0218767267795248,1.0218767267795248,1.0218767267795248,1.0218767267795248,1.0218767267795248,1.0218767267795248,1.0218767267795248,1.0218767267795248,1.0218767267795248,1.0218767267795248,1.0218767267795248,1.0218767267795248,1.0218767267795248,1.0218767267795248,1.0218767267795248,1.0218767267795248,1.0218767267795248,1.0218767267795248,1.0218767267795248,1.0218767267795248,1.0218767267795248,1.0218767267795248,1.0218767267795248,1.0218767267795248,1.0218767267795248,1.0218767267795248,1.0218767267795248,1.0218767267795248,1.0218767267795248,0.0,1.0218767267795248,1.0218767267795248,1.0218767267795248,1.0218767267795248,1.0218767267795248,1.0218767267795248,1.0218767267795248,0.0,1.0218767267795248,0.0,1.0218767267795248,1.0218767267795248,1.0218767267795248,1.0218767267795248,1.0218767267795248,1.0218767267795248,1.0218767267795248,1.0218767267795248],[0.021408381467371267,4.915816640039326E-4,4.915816640039326E-4,4.915816640039326E-4,4.915816640039326E-4,4.915816640039326E-4,4.915816640039326E-4,4.915816640039326E-4,4.915816640039326E-4,4.915816640039326E-4,4.915816640039326E-4,4.915816640039326E-4,4.915816640039326E-4,4.915816640039326E-4,4.915816640039326E-4,4.915816640039326E-4,4.915816640039326E-4,4.915816640039326E-4,4.915816640039326E-4,4.915816640039326E-4,4.915816640039326E-4,4.915816640039326E-4,4.915816640039326E-4,4.915816640039326E-4,4.915816640039326E-4,4.915816640039326E-4,4.915816640039326E-4,4.915816640039326E-4,4.915816640039326E-4,4.915816640039326E-4,4.915816640039326E-4,4.915816640039326E-4,4.915816640039326E-4,4.915816640039326E-4,4.915816640039326E-4,4.915816640039326E-4,4.915816640039326E-4,4.915816640039326E-4,4.915816640039326E-4,4.915816640039326E-4,4.915816640039326E-4,4.915816640039326E-4,4.915816640039326E-4,4.915816640039326E-4,4.915816640039326E-4,4.915816640039326E-4,4.915816640039326E-4,4.915816640039326E-4,4.915816640039326E-4,4.915816640039326E-4,4.915816640039326E-4]]},"reproducibility_information_table":[{"__meta":{"schema_version":3,"schema_name":"TwoDimTableV3","schema_type":"TwoDimTable"},"name":"Node Information","description":"","columns":[{"__meta":{"schema_version":-1,"schema_name":"ColumnSpecsBase","schema_type":"Iced"},"name":"","type":"string","format":"%s","description":""},{"__meta":{"schema_version":-1,"schema_name":"ColumnSpecsBase","schema_type":"Iced"},"name":"node","type":"int","format":"%d","description":"node"},{"__meta":{"schema_version":-1,"schema_name":"ColumnSpecsBase","schema_type":"Iced"},"name":"h2o","type":"string","format":"%s","description":"h2o"},{"__meta":{"schema_version":-1,"schema_name":"ColumnSpecsBase","schema_type":"Iced"},"name":"healthy","type":"string","format":"%s","description":"healthy"},{"__meta":{"schema_version":-1,"schema_name":"ColumnSpecsBase","schema_type":"Iced"},"name":"last_ping","type":"string","format":"%s","description":"last_ping"},{"__meta":{"schema_version":-1,"schema_name":"ColumnSpecsBase","schema_type":"Iced"},"name":"num_cpus","type":"int","format":"%d","description":"num_cpus"},{"__meta":{"schema_version":-1,"schema_name":"ColumnSpecsBase","schema_type":"Iced"},"name":"sys_load","type":"double","format":"%.5f","description":"sys_load"},{"__meta":{"schema_version":-1,"schema_name":"ColumnSpecsBase","schema_type":"Iced"},"name":"mem_value_size","type":"long","format":"%d","description":"mem_value_size"},{"__meta":{"schema_version":-1,"schema_name":"ColumnSpecsBase","schema_type":"Iced"},"name":"free_mem","type":"long","format":"%d","description":"free_mem"},{"__meta":{"schema_version":-1,"schema_name":"ColumnSpecsBase","schema_type":"Iced"},"name":"pojo_mem","type":"long","format":"%d","description":"pojo_mem"},{"__meta":{"schema_version":-1,"schema_name":"ColumnSpecsBase","schema_type":"Iced"},"name":"swap_mem","type":"long","format":"%d","description":"swap_mem"},{"__meta":{"schema_version":-1,"schema_name":"ColumnSpecsBase","schema_type":"Iced"},"name":"free_disc","type":"long","format":"%d","description":"free_disc"},{"__meta":{"schema_version":-1,"schema_name":"ColumnSpecsBase","schema_type":"Iced"},"name":"max_disc","type":"long","format":"%d","description":"max_disc"},{"__meta":{"schema_version":-1,"schema_name":"ColumnSpecsBase","schema_type":"Iced"},"name":"pid","type":"int","format":"%d","description":"pid"},{"__meta":{"schema_version":-1,"schema_name":"ColumnSpecsBase","schema_type":"Iced"},"name":"num_keys","type":"int","format":"%d","description":"num_keys"},{"__meta":{"schema_version":-1,"schema_name":"ColumnSpecsBase","schema_type":"Iced"},"name":"tcps_active","type":"string","format":"%s","description":"tcps_active"},{"__meta":{"schema_version":-1,"schema_name":"ColumnSpecsBase","schema_type":"Iced"},"name":"open_fds","type":"int","format":"%d","description":"open_fds"},{"__meta":{"schema_version":-1,"schema_name":"ColumnSpecsBase","schema_type":"Iced"},"name":"rpcs_active","type":"string","format":"%s","description":"rpcs_active"},{"__meta":{"schema_version":-1,"schema_name":"ColumnSpecsBase","schema_type":"Iced"},"name":"nthreads","type":"int","format":"%d","description":"nthreads"},{"__meta":{"schema_version":-1,"schema_name":"ColumnSpecsBase","schema_type":"Iced"},"name":"is_leader","type":"string","format":"%s","description":"is_leader"},{"__meta":{"schema_version":-1,"schema_name":"ColumnSpecsBase","schema_type":"Iced"},"name":"total_mem","type":"long","format":"%d","description":"total_mem"},{"__meta":{"schema_version":-1,"schema_name":"ColumnSpecsBase","schema_type":"Iced"},"name":"max_mem","type":"long","format":"%d","description":"max_mem"},{"__meta":{"schema_version":-1,"schema_name":"ColumnSpecsBase","schema_type":"Iced"},"name":"java_version","type":"string","format":"%s","description":"java_version"},{"__meta":{"schema_version":-1,"schema_name":"ColumnSpecsBase","schema_type":"Iced"},"name":"jvm_launch_parameters","type":"string","format":"%s","description":"jvm_launch_parameters"},{"__meta":{"schema_version":-1,"schema_name":"ColumnSpecsBase","schema_type":"Iced"},"name":"os_version","type":"string","format":"%s","description":"os_version"},{"__meta":{"schema_version":-1,"schema_name":"ColumnSpecsBase","schema_type":"Iced"},"name":"machine_physical_mem","type":"long","format":"%d","description":"machine_physical_mem"},{"__meta":{"schema_version":-1,"schema_name":"ColumnSpecsBase","schema_type":"Iced"},"name":"machine_locale","type":"string","format":"%s","description":"machine_locale"}],"rowcount":1,"data":[[""],[0],["10.25.9.1:54321"],["true"],["1600962672751"],[12],[3.81],[683295289],[6485373698],[467061445],[0],[182243557376],[200510799872],[21744],[22707],["\u0000"],[492],["\u0000"],[12],["true"],[6903824384],[7635730432],["Java 1.8.0_265 (from Private Build)"],["[-Xmx8g]"],["Linux 5.0.0-32-generic (amd64)"],[16586338304],["en_US"]]},{"__meta":{"schema_version":3,"schema_name":"TwoDimTableV3","schema_type":"TwoDimTable"},"name":"Cluster Configuration","description":"","columns":[{"__meta":{"schema_version":-1,"schema_name":"ColumnSpecsBase","schema_type":"Iced"},"name":"","type":"string","format":"%s","description":""},{"__meta":{"schema_version":-1,"schema_name":"ColumnSpecsBase","schema_type":"Iced"},"name":"h2o_cluster_uptime","type":"long","format":"%d","description":"H2O cluster uptime"},{"__meta":{"schema_version":-1,"schema_name":"ColumnSpecsBase","schema_type":"Iced"},"name":"h2o_cluster_timezone","type":"string","format":"%s","description":"H2O cluster timezone"},{"__meta":{"schema_version":-1,"schema_name":"ColumnSpecsBase","schema_type":"Iced"},"name":"h2o_data_parsing_timezone","type":"string","format":"%s","description":"H2O data parsing timezone"},{"__meta":{"schema_version":-1,"schema_name":"ColumnSpecsBase","schema_type":"Iced"},"name":"h2o_cluster_version","type":"string","format":"%s","description":"H2O cluster version"},{"__meta":{"schema_version":-1,"schema_name":"ColumnSpecsBase","schema_type":"Iced"},"name":"h2o_cluster_version_age","type":"string","format":"%s","description":"H2O cluster version age"},{"__meta":{"schema_version":-1,"schema_name":"ColumnSpecsBase","schema_type":"Iced"},"name":"h2o_cluster_name","type":"string","format":"%s","description":"H2O cluster name"},{"__meta":{"schema_version":-1,"schema_name":"ColumnSpecsBase","schema_type":"Iced"},"name":"h2o_cluster_total_nodes","type":"int","format":"%d","description":"H2O cluster total nodes"},{"__meta":{"schema_version":-1,"schema_name":"ColumnSpecsBase","schema_type":"Iced"},"name":"h2o_cluster_free_memory","type":"long","format":"%d","description":"H2O cluster free memory"},{"__meta":{"schema_version":-1,"schema_name":"ColumnSpecsBase","schema_type":"Iced"},"name":"h2o_cluster_total_cores","type":"int","format":"%d","description":"H2O cluster total cores"},{"__meta":{"schema_version":-1,"schema_name":"ColumnSpecsBase","schema_type":"Iced"},"name":"h2o_cluster_allowed_cores","type":"int","format":"%d","description":"H2O cluster allowed cores"},{"__meta":{"schema_version":-1,"schema_name":"ColumnSpecsBase","schema_type":"Iced"},"name":"h2o_cluster_status","type":"string","format":"%s","description":"H2O cluster status"},{"__meta":{"schema_version":-1,"schema_name":"ColumnSpecsBase","schema_type":"Iced"},"name":"h2o_internal_security","type":"string","format":"%s","description":"H2O internal security"},{"__meta":{"schema_version":-1,"schema_name":"ColumnSpecsBase","schema_type":"Iced"},"name":"h2o_api_extensions","type":"string","format":"%s","description":"H2O API Extensions"}],"rowcount":1,"data":[[""],[32352769],["Europe/Paris"],["UTC"],["3.30.1.2"],["20 days"],["sparkling-water-gabriel_local-1600930318269"],[1],[6485373698],[12],[12],["locked, healthly"],["false"],["XGBoost, Algos, Amazon S3, Sparkling Water REST API Extensions, AutoML, Core V3, TargetEncoder, Core V4"]]},{"__meta":{"schema_version":3,"schema_name":"TwoDimTableV3","schema_type":"TwoDimTable"},"name":"Input Frames Information","description":"","columns":[{"__meta":{"schema_version":-1,"schema_name":"ColumnSpecsBase","schema_type":"Iced"},"name":"","type":"string","format":"%s","description":""},{"__meta":{"schema_version":-1,"schema_name":"ColumnSpecsBase","schema_type":"Iced"},"name":"input_frame","type":"string","format":"%s","description":"Input Frame"},{"__meta":{"schema_version":-1,"schema_name":"ColumnSpecsBase","schema_type":"Iced"},"name":"checksum","type":"long","format":"%d","description":"Checksum"},{"__meta":{"schema_version":-1,"schema_name":"ColumnSpecsBase","schema_type":"Iced"},"name":"espc","type":"string","format":"%d","description":"ESPC"}],"rowcount":3,"data":[["","",""],["training_frame","validation_frame","calibration_frame"],[-1717294998814569408,-1716520537684797192,-1],["[0, 506, 912, 1401, 1828, 2525, 3241, 3688, 4235, 4655, 5106, 5710, 6204, 6720, 7038, 7555, 8098, 8700, 9336, 9860, 10224, 10578, 11296, 11889, 12328, 12777, 13194, 13730, 14218, 14799, 15161, 15751, 16255, 17067, 17549, 17909, 18474, 18957, 19491, 19891, 20357, 20902, 21332, 21749, 22142, 22604, 22768, 23017, 23276, 23759, 24195, 24682, 25079, 25490, 26019, 26254, 26803, 27267, 27815, 28351, 28784, 29205, 29702, 30033, 30413, 30799, 31690, 32252, 32980, 33439, 34034, 34379, 34879, 35319, 35693, 36254, 36592, 36912, 37306, 37853, 38502, 38900, 39439, 39927, 40550, 40842, 41296, 41629, 42080, 42630, 42971, 43520, 43922, 44596, 44994, 45584, 46202, 46421, 47082, 47692, 48336, 48819, 49129, 49522, 49879, 50426, 50741, 51207, 51872, 52463, 52834, 53096, 53632, 54074, 54472, 54876, 55348, 55798, 56172, 56765, 57218, 57820, 58300, 58738, 59179, 59792, 60548, 61057, 61736, 62155, 62552, 62904, 63412, 63935, 64391, 64674, 65088, 65651, 65986, 66500, 67055, 67391, 67930, 68562, 69042, 69336, 69861, 70443, 70728, 71213, 71499, 71969, 72437, 72852, 73387, 73803, 74114, 74677, 75143, 75706, 76174, 76613, 77308, 77910, 78391, 78825, 79174, 79565, 80038, 80514, 81111, 81651, 82006, 82460, 82814, 83363, 83850, 84089, 84629, 85187, 85651, 86106, 86494, 86989, 87530, 88166, 88741, 89511, 90035, 90713, 91086, 91598, 91924, 92560, 92922, 93234, 93473, 93906, 94223, 94798, 95194]","[0, 196, 384, 591, 770, 1051, 1379, 1574, 1789, 1978, 2172, 2450, 2631, 2841, 2982, 3188, 3413, 3687, 3954, 4159, 4326, 4494, 4772, 5013, 5219, 5403, 5574, 5812, 6008, 6264, 6400, 6662, 6899, 7227, 7435, 7594, 7815, 8016, 8229, 8402, 8587, 8810, 8995, 9175, 9337, 9535, 9605, 9719, 9829, 10036, 10224, 10415, 10588, 10783, 11007, 11105, 11357, 11559, 11791, 12005, 12199, 12384, 12583, 12729, 12910, 13091, 13469, 13711, 14033, 14228, 14503, 14656, 14867, 15060, 15217, 15475, 15644, 15771, 15950, 16198, 16485, 16654, 16895, 17118, 17365, 17499, 17699, 17831, 18016, 18261, 18418, 18664, 18832, 19118, 19302, 19564, 19804, 19897, 20184, 20432, 20712, 20952, 21086, 21242, 21383, 21640, 21778, 21972, 22234, 22495, 22661, 22789, 23015, 23212, 23408, 23571, 23765, 23954, 24117, 24379, 24556, 24797, 25019, 25193, 25367, 25642, 25951, 26153, 26440, 26627, 26785, 26943, 27140, 27373, 27562, 27669, 27843, 28111, 28256, 28459, 28717, 28873, 29087, 29355, 29559, 29700, 29910, 30141, 30252, 30484, 30600, 30775, 30973, 31167, 31394, 31572, 31690, 31952, 32176, 32381, 32585, 32791, 33092, 33339, 33569, 33756, 33899, 34066, 34277, 34497, 34743, 34971, 35132, 35335, 35479, 35677, 35880, 36004, 36244, 36466, 36674, 36873, 37022, 37217, 37456, 37717, 37961, 38286, 38509, 38785, 38943, 39187, 39320, 39587, 39729, 39876, 39967, 40158, 40282, 40508, 40685]","-1"]]}],"training_metrics":{"__meta":{"schema_version":3,"schema_name":"ModelMetricsBinomialV3","schema_type":"ModelMetricsBinomial"},"model":{"__meta":{"schema_version":3,"schema_name":"ModelKeyV3","schema_type":"Key<Model>"},"name":"GBM_model_python_1600930320161_695","type":"Key<Model>","URL":"/3/Models/GBM_model_python_1600930320161_695"},"model_checksum":-3815652082310459326,"frame":{"__meta":{"schema_version":3,"schema_name":"FrameKeyV3","schema_type":"Key<Frame>"},"name":"py_52_sid_8a90","type":"Key<Frame>","URL":"/3/Frames/py_52_sid_8a90"},"frame_checksum":7709844489924133760,"description":null,"model_category":"Binomial","scoring_time":1600962674349,"predictions":null,"MSE":0.013073700521972278,"RMSE":0.11434028389842435,"nobs":186534,"custom_metric_name":null,"custom_metric_value":0.0,"r2":0.9477051974251574,"logloss":0.08368464637737447,"AUC":0.9999831473737044,"pr_auc":0.9999839528423353,"Gini":0.9999662947474088,"mean_per_class_error":3.0024233845889897E-4,"domain":["false","true"],"cm":{"__meta":{"schema_version":3,"schema_name":"ConfusionMatrixV3","schema_type":"ConfusionMatrix"},"table":{"__meta":{"schema_version":3,"schema_name":"TwoDimTableV3","schema_type":"TwoDimTable"},"name":"Confusion Matrix","description":"Row labels: Actual class; Column labels: Predicted class","columns":[{"__meta":{"schema_version":-1,"schema_name":"ColumnSpecsBase","schema_type":"Iced"},"name":"false","type":"long","format":"%d","description":"false"},{"__meta":{"schema_version":-1,"schema_name":"ColumnSpecsBase","schema_type":"Iced"},"name":"true","type":"long","format":"%d","description":"true"},{"__meta":{"schema_version":-1,"schema_name":"ColumnSpecsBase","schema_type":"Iced"},"name":"Error","type":"double","format":"%.4f","description":"Error"},{"__meta":{"schema_version":-1,"schema_name":"ColumnSpecsBase","schema_type":"Iced"},"name":"Rate","type":"string","format":"= %12s","description":"Rate"}],"rowcount":3,"data":[[93276,56,93332],[0,93202,93202],[0.0,6.004846769177979E-4,3.0021336592792736E-4],["0 / 93,276","56 / 93,258","56 / 186,534"]]}},"thresholds_and_metric_scores":{"__meta":{"schema_version":3,"schema_name":"TwoDimTableV3","schema_type":"TwoDimTable"},"name":"Metrics for Thresholds","description":"Binomial metrics as a function of classification thresholds","columns":[{"__meta":{"schema_version":-1,"schema_name":"ColumnSpecsBase","schema_type":"Iced"},"name":"threshold","type":"double","format":"%f","description":"Threshold"},{"__meta":{"schema_version":-1,"schema_name":"ColumnSpecsBase","schema_type":"Iced"},"name":"f1","type":"double","format":"%f","description":"f1"},{"__meta":{"schema_version":-1,"schema_name":"ColumnSpecsBase","schema_type":"Iced"},"name":"f2","type":"double","format":"%f","description":"f2"},{"__meta":{"schema_version":-1,"schema_name":"ColumnSpecsBase","schema_type":"Iced"},"name":"f0point5","type":"double","format":"%f","description":"f0point5"},{"__meta":{"schema_version":-1,"schema_name":"ColumnSpecsBase","schema_type":"Iced"},"name":"accuracy","type":"double","format":"%f","description":"accuracy"},{"__meta":{"schema_version":-1,"schema_name":"ColumnSpecsBase","schema_type":"Iced"},"name":"precision","type":"double","format":"%f","description":"precision"},{"__meta":{"schema_version":-1,"schema_name":"ColumnSpecsBase","schema_type":"Iced"},"name":"recall","type":"double","format":"%f","description":"recall"},{"__meta":{"schema_version":-1,"schema_name":"ColumnSpecsBase","schema_type":"Iced"},"name":"specificity","type":"double","format":"%f","description":"specificity"},{"__meta":{"schema_version":-1,"schema_name":"ColumnSpecsBase","schema_type":"Iced"},"name":"absolute_mcc","type":"double","format":"%f","description":"absolute_mcc"},{"__meta":{"schema_version":-1,"schema_name":"ColumnSpecsBase","schema_type":"Iced"},"name":"min_per_class_accuracy","type":"double","format":"%f","description":"min_per_class_accuracy"},{"__meta":{"schema_version":-1,"schema_name":"ColumnSpecsBase","schema_type":"Iced"},"name":"mean_per_class_accuracy","type":"double","format":"%f","description":"mean_per_class_accuracy"},{"__meta":{"schema_version":-1,"schema_name":"ColumnSpecsBase","schema_type":"Iced"},"name":"tns","type":"long","format":"%d","description":"tns"},{"__meta":{"schema_version":-1,"schema_name":"ColumnSpecsBase","schema_type":"Iced"},"name":"fns","type":"long","format":"%d","description":"fns"},{"__meta":{"schema_version":-1,"schema_name":"ColumnSpecsBase","schema_type":"Iced"},"name":"fps","type":"long","format":"%d","description":"fps"},{"__meta":{"schema_version":-1,"schema_name":"ColumnSpecsBase","schema_type":"Iced"},"name":"tps","type":"long","format":"%d","description":"tps"},{"__meta":{"schema_version":-1,"schema_name":"ColumnSpecsBase","schema_type":"Iced"},"name":"tnr","type":"double","format":"%f","description":"tnr"},{"__meta":{"schema_version":-1,"schema_name":"ColumnSpecsBase","schema_type":"Iced"},"name":"fnr","type":"double","format":"%f","description":"fnr"},{"__meta":{"schema_version":-1,"schema_name":"ColumnSpecsBase","schema_type":"Iced"},"name":"fpr","type":"double","format":"%f","description":"fpr"},{"__meta":{"schema_version":-1,"schema_name":"ColumnSpecsBase","schema_type":"Iced"},"name":"tpr","type":"double","format":"%f","description":"tpr"},{"__meta":{"schema_version":-1,"schema_name":"ColumnSpecsBase","schema_type":"Iced"},"name":"idx","type":"int","format":"%d","description":"idx"}],"rowcount":28,"data":[[0.9999323009864072,0.7281475322083818,0.6621478056757268,0.49605154397125745,0.40484871479617346,0.3910346619593137,0.36358253261604767,0.342804585453448,0.34086741988917857,0.33753481303536187,0.32488556733936536,0.23835421600862225,0.1621347558347595,0.14979090847163107,0.14953494268424683,0.14930150232978467,0.14914761571244287,0.14552826379088968,0.14538056387879367,0.14537226982285764,0.1397216009424326,0.1396259113882729,0.13948001898059953,0.1394796755856921,0.13753793914071571,0.13620596397180493,0.13605960468588368,0.13605175774174647],[0.9996996674890056,0.9994584769799101,0.9994638414686455,0.9992066895368783,0.9924045242847638,0.9909123761744824,0.9876587675716904,0.9849152273807638,0.982668036782336,0.9755301453126471,0.9706574235989673,0.9704150016650017,0.968228917914322,0.9675110103593345,0.9643843266217852,0.9610457866586971,0.945336773120999,0.9395792612892176,0.9330185187037908,0.9151509501543111,0.9127728295977293,0.9110473948233501,0.9044383992086237,0.8995963016017711,0.8993837459374489,0.8970953917782127,0.6800948040109389,0.6666237776634071],[0.9995195545584405,0.9994424011066193,0.9994509807285656,0.9993481067217918,0.9967304538232735,0.9961597804856158,0.9948737867392844,0.9937774992325795,0.9928674721375647,0.9900031425974842,0.9880212240262077,0.987920740053309,0.9870195299765878,0.986727246178687,0.9854239050493268,0.9840391855616145,0.9773871084718689,0.9749164718722426,0.9720855570380255,0.9642398512768232,0.963182225674118,0.9624128742768332,0.959450366977574,0.9572640097555566,0.9571677245071396,0.9561294688169618,0.8416422393253722,0.8333065268440184],[0.9998798453437924,0.9994745533703647,0.9994767025397082,0.9990653123700335,0.9881159825831097,0.9857199649818777,0.9805476443887273,0.9762096216908948,0.9726760222497632,0.9614742164719274,0.9538933965081975,0.953518857082091,0.9501404007841252,0.949028938487904,0.9442243903624411,0.9391023962684433,0.9153216782942236,0.9067141395953005,0.8969702798884293,0.870818097269274,0.8673774986699803,0.8648870225213028,0.855392777343621,0.8484818708853296,0.8481793674989178,0.8449272473589795,0.5705765602171248,0.5555079021293934],[0.9996997866340721,0.9994585437507372,0.9994639047037002,0.9992065789614762,0.9923499201218009,0.9908327704332722,0.987508979596213,0.9846891183376757,0.9823678257046973,0.974921462039092,0.9697749471946133,0.9695176214523894,0.967190967866448,0.9664243515927391,0.963073755990865,0.9594711955997298,0.942182122294059,0.9357007301617936,0.9282168398254473,0.9072930404108634,0.9044463743875111,0.9023716855908306,0.8943516999581845,0.888401042169256,0.888138355474069,0.8853024113566428,0.5296621527442719,0.49995175142333304],[1.0,0.999485271251327,0.9994852767709697,0.998971083149343,0.9852774871323335,0.9822884838267832,0.9758635126648524,0.9704908818386211,0.9661268094542365,0.952326483924997,0.9430354145177274,0.9425778802029636,0.9384522491697695,0.9370949103150279,0.9312462552426602,0.9250218219330265,0.8963485548966272,0.8860522565320665,0.8744467781861825,0.843574458847048,0.8395419599935183,0.8366272237124223,0.8255477360244323,0.8175147928994083,0.817163786758263,0.8133934567782788,0.5152603429985856,0.49995175142333304],[0.9993995153230822,0.9994316841450599,0.9994424070857192,0.9994424070857192,0.9996354200175857,0.9996890347208819,0.9997426494241781,0.9997748182461558,0.9997855411868151,0.9998927705934075,0.9999463852967038,0.9999463852967038,0.9999571082373631,0.9999678311780222,0.9999678311780222,0.9999892770593407,0.9999892770593407,0.9999892770593407,1.0,1.0,1.0,1.0,1.0,1.0,1.0,1.0,1.0,1.0],[1.0,0.9994853981731635,0.9994853981731635,0.998970796346327,0.9850658261503495,0.9819782151893306,0.9752776705690639,0.9696063296024701,0.9649534714181569,0.9499549723401518,0.93960933144646,0.9390947296196235,0.9344311505639178,0.9328873450834084,0.9261868004631416,0.918960933144646,0.8843861229040696,0.8714245893906256,0.8564475320554055,0.8146039710107638,0.8089111883013851,0.804762211072516,0.7887237874694455,0.7768236202238518,0.7762982975256228,0.7706269565590291,0.0594150692568292,0.0],[0.9993997533757372,0.9989170889212231,0.9989278103116671,0.9984132690844114,0.9848044117806056,0.9818195995676463,0.9753099964708688,0.9698198447403297,0.9653216573005454,0.9510299557722242,0.9412654867575279,0.9407793499456216,0.9363951535119062,0.9349554413656721,0.9286796391173802,0.92197520416083,0.8903358305335602,0.8786964789583185,0.865400361157399,0.828962667446527,0.8240842702583462,0.8205400504535226,0.8069257320807265,0.7969095312560083,0.796468992780027,0.7917214940129346,0.17496922290665445,0.0],[0.9993995153230822,0.9994316841450599,0.9994424070857192,0.998970796346327,0.9850658261503495,0.9819782151893306,0.9752776705690639,0.9696063296024701,0.9649534714181569,0.9499549723401518,0.93960933144646,0.9390947296196235,0.9344311505639178,0.9328873450834084,0.9261868004631416,0.918960933144646,0.8843861229040696,0.8714245893906256,0.8564475320554055,0.8146039710107638,0.8089111883013851,0.804762211072516,0.7887237874694455,0.7768236202238518,0.7762982975256228,0.7706269565590291,0.0594150692568292,0.0],[0.9996997576615412,0.9994585411591117,0.9994639026294414,0.999206601716023,0.9923506230839676,0.9908336249551062,0.987510159996621,0.9846905739243129,0.982369506302486,0.9749238714667796,0.9697778583715819,0.9695205574581636,0.9671941294006404,0.9664275881307154,0.9630773158205819,0.9594751051019934,0.9421876999817052,0.9357069332249832,0.9282237660277027,0.9073019855053819,0.9044555941506925,0.902381105536258,0.8943618937347227,0.8884118101119258,0.8881491487628115,0.8853134782795146,0.5297075346284146,0.5],[93276,93228,93228,93180,91883,91595,90970,90441,90007,88608,87643,87595,87160,87016,86391,85717,82492,81283,79886,75983,75452,75065,73569,72459,72410,71881,5542,0],[56,53,52,52,34,29,24,21,20,10,5,5,4,3,3,1,1,1,0,0,0,0,0,0,0,0,0,0],[0,48,48,96,1393,1681,2306,2835,3269,4668,5633,5681,6116,6260,6885,7559,10784,11993,13390,17293,17824,18211,19707,20817,20866,21395,87734,93276],[93202,93205,93206,93206,93224,93229,93234,93237,93238,93248,93253,93253,93254,93255,93255,93257,93257,93257,93258,93258,93258,93258,93258,93258,93258,93258,93258,93258],[1.0,0.9994853981731635,0.9994853981731635,0.998970796346327,0.9850658261503495,0.9819782151893306,0.9752776705690639,0.9696063296024701,0.9649534714181569,0.9499549723401518,0.93960933144646,0.9390947296196235,0.9344311505639178,0.9328873450834084,0.9261868004631416,0.918960933144646,0.8843861229040696,0.8714245893906256,0.8564475320554055,0.8146039710107638,0.8089111883013851,0.804762211072516,0.7887237874694455,0.7768236202238518,0.7762982975256228,0.7706269565590291,0.0594150692568292,0.0],[6.004846769177979E-4,5.683158549400588E-4,5.575929142808124E-4,5.575929142808124E-4,3.645799824143773E-4,3.109652791181454E-4,2.573505758219134E-4,2.2518175384417423E-4,2.1445881318492784E-4,1.0722940659246392E-4,5.361470329623196E-5,5.361470329623196E-5,4.2891762636985565E-5,3.216882197773918E-5,3.216882197773918E-5,1.0722940659246391E-5,1.0722940659246391E-5,1.0722940659246391E-5,0.0,0.0,0.0,0.0,0.0,0.0,0.0,0.0,0.0,0.0],[0.0,5.146018268364853E-4,5.146018268364853E-4,0.0010292036536729706,0.0149341738496505,0.018021784810669413,0.024722329430936146,0.030393670397529913,0.03504652858184313,0.050045027659848196,0.060390668553540035,0.06090527038037652,0.06556884943608217,0.06711265491659162,0.07381319953685836,0.081039066855354,0.11561387709593035,0.12857541060937433,0.14355246794459453,0.18539602898923624,0.19108881169861486,0.19523778892748403,0.21127621253055448,0.2231763797761482,0.22370170247437712,0.22937304344097087,0.9405849307431708,1.0],[0.9993995153230822,0.9994316841450599,0.9994424070857192,0.9994424070857192,0.9996354200175857,0.9996890347208819,0.9997426494241781,0.9997748182461558,0.9997855411868151,0.9998927705934075,0.9999463852967038,0.9999463852967038,0.9999571082373631,0.9999678311780222,0.9999678311780222,0.9999892770593407,0.9999892770593407,0.9999892770593407,1.0,1.0,1.0,1.0,1.0,1.0,1.0,1.0,1.0,1.0],[0,1,2,3,4,5,6,7,8,9,10,11,12,13,14,15,16,17,18,19,20,21,22,23,24,25,26,27]]},"max_criteria_and_metric_scores":{"__meta":{"schema_version":3,"schema_name":"TwoDimTableV3","schema_type":"TwoDimTable"},"name":"Maximum Metrics","description":"Maximum metrics at their respective thresholds","columns":[{"__meta":{"schema_version":-1,"schema_name":"ColumnSpecsBase","schema_type":"Iced"},"name":"metric","type":"string","format":"%s","description":"Metric"},{"__meta":{"schema_version":-1,"schema_name":"ColumnSpecsBase","schema_type":"Iced"},"name":"threshold","type":"double","format":"%f","description":"Threshold"},{"__meta":{"schema_version":-1,"schema_name":"ColumnSpecsBase","schema_type":"Iced"},"name":"value","type":"double","format":"%f","description":"Value"},{"__meta":{"schema_version":-1,"schema_name":"ColumnSpecsBase","schema_type":"Iced"},"name":"idx","type":"long","format":"%d","description":"idx"}],"rowcount":18,"data":[["max f1","max f2","max f0point5","max accuracy","max precision","max recall","max specificity","max absolute_mcc","max min_per_class_accuracy","max mean_per_class_accuracy","max tns","max fns","max fps","max tps","max tnr","max fnr","max fpr","max tpr"],[0.9999323009864072,0.9999323009864072,0.9999323009864072,0.9999323009864072,0.9999323009864072,0.14538056387879367,0.9999323009864072,0.9999323009864072,0.6621478056757268,0.9999323009864072,0.9999323009864072,0.9999323009864072,0.13605175774174647,0.14538056387879367,0.9999323009864072,0.9999323009864072,0.13605175774174647,0.14538056387879367],[0.9996996674890056,0.9995195545584405,0.9998798453437924,0.9996997866340721,1.0,1.0,1.0,0.9993997533757372,0.9994424070857192,0.9996997576615412,93276.0,56.0,93276.0,93258.0,1.0,6.004846769177979E-4,1.0,1.0],[0,0,0,0,0,18,0,0,2,0,0,0,27,18,0,0,27,18]]},"gains_lift_table":{"__meta":{"schema_version":3,"schema_name":"TwoDimTableV3","schema_type":"TwoDimTable"},"name":"Gains/Lift Table","description":"Avg response rate: 50.00 %, avg score: 57.54 %","columns":[{"__meta":{"schema_version":-1,"schema_name":"ColumnSpecsBase","schema_type":"Iced"},"name":"group","type":"int","format":"%d","description":"Group"},{"__meta":{"schema_version":-1,"schema_name":"ColumnSpecsBase","schema_type":"Iced"},"name":"cumulative_data_fraction","type":"double","format":"%.8f","description":"Cumulative Data Fraction"},{"__meta":{"schema_version":-1,"schema_name":"ColumnSpecsBase","schema_type":"Iced"},"name":"lower_threshold","type":"double","format":"%5f","description":"Lower Threshold"},{"__meta":{"schema_version":-1,"schema_name":"ColumnSpecsBase","schema_type":"Iced"},"name":"lift","type":"double","format":"%5f","description":"Lift"},{"__meta":{"schema_version":-1,"schema_name":"ColumnSpecsBase","schema_type":"Iced"},"name":"cumulative_lift","type":"double","format":"%5f","description":"Cumulative Lift"},{"__meta":{"schema_version":-1,"schema_name":"ColumnSpecsBase","schema_type":"Iced"},"name":"response_rate","type":"double","format":"%5f","description":"Response Rate"},{"__meta":{"schema_version":-1,"schema_name":"ColumnSpecsBase","schema_type":"Iced"},"name":"score","type":"double","format":"%5f","description":"Score"},{"__meta":{"schema_version":-1,"schema_name":"ColumnSpecsBase","schema_type":"Iced"},"name":"cumulative_response_rate","type":"double","format":"%5f","description":"Cumulative Response Rate"},{"__meta":{"schema_version":-1,"schema_name":"ColumnSpecsBase","schema_type":"Iced"},"name":"cumulative_score","type":"double","format":"%5f","description":"Cumulative Score"},{"__meta":{"schema_version":-1,"schema_name":"ColumnSpecsBase","schema_type":"Iced"},"name":"capture_rate","type":"double","format":"%5f","description":"Capture Rate"},{"__meta":{"schema_version":-1,"schema_name":"ColumnSpecsBase","schema_type":"Iced"},"name":"cumulative_capture_rate","type":"double","format":"%5f","description":"Cumulative Capture Rate"},{"__meta":{"schema_version":-1,"schema_name":"ColumnSpecsBase","schema_type":"Iced"},"name":"gain","type":"double","format":"%5f","description":"Gain"},{"__meta":{"schema_version":-1,"schema_name":"ColumnSpecsBase","schema_type":"Iced"},"name":"cumulative_gain","type":"double","format":"%5f","description":"Cumulative Gain"},{"__meta":{"schema_version":-1,"schema_name":"ColumnSpecsBase","schema_type":"Iced"},"name":"kolmogorov_smirnov","type":"double","format":"%5f","description":"Kolmogorov Smirnov"}],"rowcount":5,"data":[[1,2,3,4,5],[0.4996515380574051,0.500187633353705,0.6056000514651484,0.9702895986790612,1.0],[0.9999323009864073,0.49605154397125745,0.13948001898059953,0.13605960468588368,0.13605175774174644],[2.000193012931866,0.08000772051727466,0.005289632135099275,0.0,0.0],[2.000193012931866,1.9981349806362945,1.6512548134377902,1.0306201379066477,1.0],[1.0,0.04,0.0026445608503280274,0.0,0.0],[0.9999323009864124,0.6160814605892359,0.2064834439338458,0.1361176131406045,0.13605175774174666],[1.0,0.998971083149343,0.8255477360244323,0.5152603429985856,0.49995175142333304],[0.9999323009864124,0.9995208941136795,0.8614826045294183,0.5888495363871422,0.5753967326663578],[0.9993995153230822,4.2891762636985565E-5,5.575929142808124E-4,0.0,0.0],[0.9993995153230822,0.9994424070857192,1.0,1.0,1.0],[100.01930129318661,-91.99922794827253,-99.47103678649007,-100.0,-100.0],[100.01930129318661,99.81349806362945,65.12548134377903,3.062013790664775,0.0],[0.9993995153230822,0.9984132034320462,0.7887237874694455,0.059415069256829156,0.0]]}},"validation_metrics":{"__meta":{"schema_version":3,"schema_name":"ModelMetricsBinomialV3","schema_type":"ModelMetricsBinomial"},"model":{"__meta":{"schema_version":3,"schema_name":"ModelKeyV3","schema_type":"Key<Model>"},"name":"GBM_model_python_1600930320161_695","type":"Key<Model>","URL":"/3/Models/GBM_model_python_1600930320161_695"},"model_checksum":-3815652082310459326,"frame":{"__meta":{"schema_version":3,"schema_name":"FrameKeyV3","schema_type":"Key<Frame>"},"name":"py_53_sid_8a90","type":"Key<Frame>","URL":"/3/Frames/py_53_sid_8a90"},"frame_checksum":-6639331987078299456,"description":null,"model_category":"Binomial","scoring_time":1600962674352,"predictions":null,"MSE":7.633727564232798E-4,"RMSE":0.02762920115427299,"nobs":40685,"custom_metric_name":null,"custom_metric_value":0.0,"r2":0.963562268598614,"logloss":0.004168112717355426,"AUC":0.9999879029911592,"pr_auc":0.9999997356154362,"Gini":0.9999758059823185,"mean_per_class_error":8.126623471934392E-4,"domain":["false","true"],"cm":{"__meta":{"schema_version":3,"schema_name":"ConfusionMatrixV3","schema_type":"ConfusionMatrix"},"table":{"__meta":{"schema_version":3,"schema_name":"TwoDimTableV3","schema_type":"TwoDimTable"},"name":"Confusion Matrix","description":"Row labels: Actual class; Column labels: Predicted class","columns":[{"__meta":{"schema_version":-1,"schema_name":"ColumnSpecsBase","schema_type":"Iced"},"name":"false","type":"long","format":"%d","description":"false"},{"__meta":{"schema_version":-1,"schema_name":"ColumnSpecsBase","schema_type":"Iced"},"name":"true","type":"long","format":"%d","description":"true"},{"__meta":{"schema_version":-1,"schema_name":"ColumnSpecsBase","schema_type":"Iced"},"name":"Error","type":"double","format":"%.4f","description":"Error"},{"__meta":{"schema_version":-1,"schema_name":"ColumnSpecsBase","schema_type":"Iced"},"name":"Rate","type":"string","format":"= %11s","description":"Rate"}],"rowcount":3,"data":[[870,19,889],[1,39795,39796],[0.001148105625717566,4.772190686693123E-4,4.915816640039326E-4],["1 / 871","19 / 39,814","20 / 40,685"]]}},"thresholds_and_metric_scores":{"__meta":{"schema_version":3,"schema_name":"TwoDimTableV3","schema_type":"TwoDimTable"},"name":"Metrics for Thresholds","description":"Binomial metrics as a function of classification thresholds","columns":[{"__meta":{"schema_version":-1,"schema_name":"ColumnSpecsBase","schema_type":"Iced"},"name":"threshold","type":"double","format":"%f","description":"Threshold"},{"__meta":{"schema_version":-1,"schema_name":"ColumnSpecsBase","schema_type":"Iced"},"name":"f1","type":"double","format":"%f","description":"f1"},{"__meta":{"schema_version":-1,"schema_name":"ColumnSpecsBase","schema_type":"Iced"},"name":"f2","type":"double","format":"%f","description":"f2"},{"__meta":{"schema_version":-1,"schema_name":"ColumnSpecsBase","schema_type":"Iced"},"name":"f0point5","type":"double","format":"%f","description":"f0point5"},{"__meta":{"schema_version":-1,"schema_name":"ColumnSpecsBase","schema_type":"Iced"},"name":"accuracy","type":"double","format":"%f","description":"accuracy"},{"__meta":{"schema_version":-1,"schema_name":"ColumnSpecsBase","schema_type":"Iced"},"name":"precision","type":"double","format":"%f","description":"precision"},{"__meta":{"schema_version":-1,"schema_name":"ColumnSpecsBase","schema_type":"Iced"},"name":"recall","type":"double","format":"%f","description":"recall"},{"__meta":{"schema_version":-1,"schema_name":"ColumnSpecsBase","schema_type":"Iced"},"name":"specificity","type":"double","format":"%f","description":"specificity"},{"__meta":{"schema_version":-1,"schema_name":"ColumnSpecsBase","schema_type":"Iced"},"name":"absolute_mcc","type":"double","format":"%f","description":"absolute_mcc"},{"__meta":{"schema_version":-1,"schema_name":"ColumnSpecsBase","schema_type":"Iced"},"name":"min_per_class_accuracy","type":"double","format":"%f","description":"min_per_class_accuracy"},{"__meta":{"schema_version":-1,"schema_name":"ColumnSpecsBase","schema_type":"Iced"},"name":"mean_per_class_accuracy","type":"double","format":"%f","description":"mean_per_class_accuracy"},{"__meta":{"schema_version":-1,"schema_name":"ColumnSpecsBase","schema_type":"Iced"},"name":"tns","type":"long","format":"%d","description":"tns"},{"__meta":{"schema_version":-1,"schema_name":"ColumnSpecsBase","schema_type":"Iced"},"name":"fns","type":"long","format":"%d","description":"fns"},{"__meta":{"schema_version":-1,"schema_name":"ColumnSpecsBase","schema_type":"Iced"},"name":"fps","type":"long","format":"%d","description":"fps"},{"__meta":{"schema_version":-1,"schema_name":"ColumnSpecsBase","schema_type":"Iced"},"name":"tps","type":"long","format":"%d","description":"tps"},{"__meta":{"schema_version":-1,"schema_name":"ColumnSpecsBase","schema_type":"Iced"},"name":"tnr","type":"double","format":"%f","description":"tnr"},{"__meta":{"schema_version":-1,"schema_name":"ColumnSpecsBase","schema_type":"Iced"},"name":"fnr","type":"double","format":"%f","description":"fnr"},{"__meta":{"schema_version":-1,"schema_name":"ColumnSpecsBase","schema_type":"Iced"},"name":"fpr","type":"double","format":"%f","description":"fpr"},{"__meta":{"schema_version":-1,"schema_name":"ColumnSpecsBase","schema_type":"Iced"},"name":"tpr","type":"double","format":"%f","description":"tpr"},{"__meta":{"schema_version":-1,"schema_name":"ColumnSpecsBase","schema_type":"Iced"},"name":"idx","type":"int","format":"%d","description":"idx"}],"rowcount":25,"data":[[0.9999323009847644,0.7281474830540797,0.6621478515678639,0.40484872308557096,0.39103494004903827,0.3635827679281497,0.3428047788925318,0.3408676508850072,0.3375346789109856,0.3248853932878506,0.1621346897851332,0.14979071466038854,0.1495347965219967,0.14930136581867004,0.1491474348789921,0.14552814125730976,0.14538046644224173,0.14537215110089072,0.13972154339631596,0.1396258601404633,0.1394800062307647,0.13947962527711144,0.13620594796752042,0.13605955804322334,0.1360516909590236],[0.9997487689679428,0.9997362107299427,0.9997487752794875,0.999698590912516,0.9996986136226642,0.9996986438975388,0.9996233521657251,0.9995857029867049,0.9994100591196075,0.9992971711137328,0.9992721248933287,0.9992595846144193,0.9992094266460867,0.9990715181932246,0.9986455302498244,0.9986079584644904,0.9983951050704649,0.9978821258944571,0.99780709998371,0.9977695912588026,0.9976445825398417,0.9975570950728487,0.9975321014719699,0.989770170662888,0.989179989813538],[0.9995980909319265,0.9995930691129409,0.9996131664087775,0.9996835252275605,0.9997287440851141,0.9997890316552979,0.9997890422518232,0.999773977247043,0.9997187498430523,0.999673563680193,0.9996936612998805,0.9996886409176055,0.9996685598927338,0.9996133412338934,0.999457771440621,0.9994427179299229,0.9993574232673019,0.9991517724943408,0.9991216843584533,0.9991066409700474,0.9990564996135665,0.9990214036584447,0.9990113766955894,0.9958827972965537,0.9956437148958942],[0.9998994924368058,0.999879393348543,0.9998844209489542,0.999713657051572,0.999668484976342,0.999608272481644,0.9994577169885216,0.9993974996234374,0.9991015589708584,0.998921061875847,0.998850943831726,0.9988308964465273,0.9987507149522864,0.9985302822058809,0.9978346081743541,0.9977745922591897,0.997434638394244,0.9966157019414658,0.996495970365921,0.9964361153657487,0.9962366506190511,0.9960970728046035,0.9960572006124349,0.9837321236200471,0.9827996484887982],[0.999508418335996,0.9994838392527958,0.999508418335996,0.9994101020031952,0.9994101020031952,0.9994101020031952,0.9992626275039941,0.9991888902543935,0.9988447830895908,0.9986235713407889,0.9985744131743886,0.9985498340911884,0.9984515177583876,0.9981811478431855,0.9973454590143788,0.9972717217647782,0.9968538773503748,0.9958461349391667,0.9956986604399656,0.995624923190365,0.9953791323583631,0.9952070787759617,0.9951579206095612,0.9797714145262382,0.9785916185326288],[1.0,0.9999748712149767,0.9999748718464168,0.9997237013965639,0.9996484002210055,0.9995480339476723,0.9993473240285169,0.9992720700820804,0.9988959979927237,0.9986704796307445,0.9985703536493604,0.9985453086203004,0.9984451410658307,0.9981697838840696,0.9972947247131907,0.997219787100814,0.9967953532622302,0.9957732036115349,0.9956237965440496,0.9955491098219644,0.9953002349882506,0.9951260966282587,0.9950763540026493,0.9797475207323375,0.9785916185326288],[0.9994976641382428,0.9994976641382428,0.9995227809313307,0.9996734816898578,0.9997488320691215,0.9998492992414728,0.9998995328276485,0.9998995328276485,0.9999246496207365,0.9999246496207365,0.9999748832069122,0.9999748832069122,0.9999748832069122,0.9999748832069122,1.0,1.0,1.0,1.0,1.0,1.0,1.0,1.0,1.0,1.0,1.0],[1.0,0.9988518943742825,0.9988518943742825,0.9873708381171068,0.983926521239954,0.9793340987370838,0.9701492537313433,0.9667049368541906,0.9494833524684271,0.939150401836969,0.9345579793340988,0.9334098737083811,0.928817451205511,0.9161882893226176,0.8760045924225028,0.8725602755453502,0.8530424799081515,0.8059701492537313,0.799081515499426,0.7956371986222732,0.7841561423650976,0.7761194029850746,0.7738231917336394,0.05510907003444317,0.0],[0.9884645925888325,0.9878712718069516,0.9884391718804534,0.9859378004539324,0.9858923657208035,0.985850584712781,0.9822654156187489,0.9804746888473755,0.9720742042461876,0.9666411310918238,0.965427441579904,0.9648213854568787,0.9623936492674375,0.9556881074200435,0.9346843097257441,0.9328099335941711,0.9221218900491056,0.8958590723644289,0.8919554765848524,0.889997699339524,0.8834425803432059,0.8788268726034677,0.8775039374686605,0.23236388431963875,0.0],[0.9994976641382428,0.9988518943742825,0.9988518943742825,0.9873708381171068,0.983926521239954,0.9793340987370838,0.9701492537313433,0.9667049368541906,0.9494833524684271,0.939150401836969,0.9345579793340988,0.9334098737083811,0.928817451205511,0.9161882893226176,0.8760045924225028,0.8725602755453502,0.8530424799081515,0.8059701492537313,0.799081515499426,0.7956371986222732,0.7841561423650976,0.7761194029850746,0.7738231917336394,0.05510907003444317,0.0],[0.9997488320691215,0.9991747792562626,0.9991873376528067,0.9935221599034822,0.9918376766545378,0.9895916989892783,0.985024393279496,0.9833022348409195,0.9747040010445818,0.9695375257288528,0.9672664312705055,0.9666923784576467,0.9643961672062116,0.9580815862647649,0.9380022962112514,0.936280137772675,0.9265212399540758,0.9029850746268657,0.899540757749713,0.8978185993111366,0.8920780711825488,0.8880597014925373,0.8869115958668197,0.5275545350172216,0.5],[871,870,870,860,857,853,845,842,827,818,814,813,809,798,763,760,743,702,696,693,683,676,674,48,0],[20,20,19,13,10,6,4,4,3,3,1,1,1,1,0,0,0,0,0,0,0,0,0,0,0],[0,1,1,11,14,18,26,29,44,53,57,58,62,73,108,111,128,169,175,178,188,195,197,823,871],[39794,39794,39795,39801,39804,39808,39810,39810,39811,39811,39813,39813,39813,39813,39814,39814,39814,39814,39814,39814,39814,39814,39814,39814,39814],[1.0,0.9988518943742825,0.9988518943742825,0.9873708381171068,0.983926521239954,0.9793340987370838,0.9701492537313433,0.9667049368541906,0.9494833524684271,0.939150401836969,0.9345579793340988,0.9334098737083811,0.928817451205511,0.9161882893226176,0.8760045924225028,0.8725602755453502,0.8530424799081515,0.8059701492537313,0.799081515499426,0.7956371986222732,0.7841561423650976,0.7761194029850746,0.7738231917336394,0.05510907003444317,0.0],[5.023358617571709E-4,5.023358617571709E-4,4.772190686693123E-4,3.2651831014216106E-4,2.511679308785854E-4,1.5070075852715125E-4,1.0046717235143416E-4,1.0046717235143416E-4,7.535037926357563E-5,7.535037926357563E-5,2.511679308785854E-5,2.511679308785854E-5,2.511679308785854E-5,2.511679308785854E-5,0.0,0.0,0.0,0.0,0.0,0.0,0.0,0.0,0.0,0.0,0.0],[0.0,0.001148105625717566,0.001148105625717566,0.012629161882893225,0.016073478760045924,0.02066590126291619,0.029850746268656716,0.03329506314580941,0.0505166475315729,0.060849598163030996,0.06544202066590127,0.06659012629161883,0.0711825487944891,0.08381171067738231,0.12399540757749714,0.12743972445464982,0.14695752009184845,0.19402985074626866,0.20091848450057406,0.20436280137772675,0.2158438576349024,0.22388059701492538,0.2261768082663605,0.9448909299655568,1.0],[0.9994976641382428,0.9994976641382428,0.9995227809313307,0.9996734816898578,0.9997488320691215,0.9998492992414728,0.9998995328276485,0.9998995328276485,0.9999246496207365,0.9999246496207365,0.9999748832069122,0.9999748832069122,0.9999748832069122,0.9999748832069122,1.0,1.0,1.0,1.0,1.0,1.0,1.0,1.0,1.0,1.0,1.0],[0,1,2,3,4,5,6,7,8,9,10,11,12,13,14,15,16,17,18,19,20,21,22,23,24]]},"max_criteria_and_metric_scores":{"__meta":{"schema_version":3,"schema_name":"TwoDimTableV3","schema_type":"TwoDimTable"},"name":"Maximum Metrics","description":"Maximum metrics at their respective thresholds","columns":[{"__meta":{"schema_version":-1,"schema_name":"ColumnSpecsBase","schema_type":"Iced"},"name":"metric","type":"string","format":"%s","description":"Metric"},{"__meta":{"schema_version":-1,"schema_name":"ColumnSpecsBase","schema_type":"Iced"},"name":"threshold","type":"double","format":"%f","description":"Threshold"},{"__meta":{"schema_version":-1,"schema_name":"ColumnSpecsBase","schema_type":"Iced"},"name":"value","type":"double","format":"%f","description":"Value"},{"__meta":{"schema_version":-1,"schema_name":"ColumnSpecsBase","schema_type":"Iced"},"name":"idx","type":"long","format":"%d","description":"idx"}],"rowcount":18,"data":[["max f1","max f2","max f0point5","max accuracy","max precision","max recall","max specificity","max absolute_mcc","max min_per_class_accuracy","max mean_per_class_accuracy","max tns","max fns","max fps","max tps","max tnr","max fnr","max fpr","max tpr"],[0.6621478515678639,0.3428047788925318,0.9999323009847644,0.9999323009847644,0.9999323009847644,0.1491474348789921,0.9999323009847644,0.9999323009847644,0.9999323009847644,0.9999323009847644,0.9999323009847644,0.9999323009847644,0.1360516909590236,0.1491474348789921,0.9999323009847644,0.9999323009847644,0.1360516909590236,0.1491474348789921],[0.9997487752794875,0.9997890422518232,0.9998994924368058,0.999508418335996,1.0,1.0,1.0,0.9884645925888325,0.9994976641382428,0.9997488320691215,871.0,20.0,871.0,39814.0,1.0,5.023358617571709E-4,1.0,1.0],[2,6,0,0,0,14,0,0,0,0,0,0,24,14,0,0,24,14]]},"gains_lift_table":{"__meta":{"schema_version":3,"schema_name":"TwoDimTableV3","schema_type":"TwoDimTable"},"name":"Gains/Lift Table","description":"Avg response rate: 97.86 %, avg score: 98.15 %","columns":[{"__meta":{"schema_version":-1,"schema_name":"ColumnSpecsBase","schema_type":"Iced"},"name":"group","type":"int","format":"%d","description":"Group"},{"__meta":{"schema_version":-1,"schema_name":"ColumnSpecsBase","schema_type":"Iced"},"name":"cumulative_data_fraction","type":"double","format":"%.8f","description":"Cumulative Data Fraction"},{"__meta":{"schema_version":-1,"schema_name":"ColumnSpecsBase","schema_type":"Iced"},"name":"lower_threshold","type":"double","format":"%5f","description":"Lower Threshold"},{"__meta":{"schema_version":-1,"schema_name":"ColumnSpecsBase","schema_type":"Iced"},"name":"lift","type":"double","format":"%5f","description":"Lift"},{"__meta":{"schema_version":-1,"schema_name":"ColumnSpecsBase","schema_type":"Iced"},"name":"cumulative_lift","type":"double","format":"%5f","description":"Cumulative Lift"},{"__meta":{"schema_version":-1,"schema_name":"ColumnSpecsBase","schema_type":"Iced"},"name":"response_rate","type":"double","format":"%5f","description":"Response Rate"},{"__meta":{"schema_version":-1,"schema_name":"ColumnSpecsBase","schema_type":"Iced"},"name":"score","type":"double","format":"%5f","description":"Score"},{"__meta":{"schema_version":-1,"schema_name":"ColumnSpecsBase","schema_type":"Iced"},"name":"cumulative_response_rate","type":"double","format":"%5f","description":"Cumulative Response Rate"},{"__meta":{"schema_version":-1,"schema_name":"ColumnSpecsBase","schema_type":"Iced"},"name":"cumulative_score","type":"double","format":"%5f","description":"Cumulative Score"},{"__meta":{"schema_version":-1,"schema_name":"ColumnSpecsBase","schema_type":"Iced"},"name":"capture_rate","type":"double","format":"%5f","description":"Capture Rate"},{"__meta":{"schema_version":-1,"schema_name":"ColumnSpecsBase","schema_type":"Iced"},"name":"cumulative_capture_rate","type":"double","format":"%5f","description":"Cumulative Capture Rate"},{"__meta":{"schema_version":-1,"schema_name":"ColumnSpecsBase","schema_type":"Iced"},"name":"gain","type":"double","format":"%5f","description":"Gain"},{"__meta":{"schema_version":-1,"schema_name":"ColumnSpecsBase","schema_type":"Iced"},"name":"cumulative_gain","type":"double","format":"%5f","description":"Cumulative Gain"},{"__meta":{"schema_version":-1,"schema_name":"ColumnSpecsBase","schema_type":"Iced"},"name":"kolmogorov_smirnov","type":"double","format":"%5f","description":"Kolmogorov Smirnov"}],"rowcount":2,"data":[[1,2],[0.9781000368686248,1.0],[0.9999323009847644,0.1360516909590236],[1.0218767267795248,0.022937749198193594],[1.0218767267795248,1.0],[1.0,0.02244668911335578],[0.9999323009847666,0.15612023880590886],[1.0,0.9785916185326288],[0.9999323009847666,0.98145284793324],[0.9994976641382428,5.023358617571709E-4],[0.9994976641382428,1.0],[2.187672677952479,-97.70622508018064],[2.187672677952479,0.0],[0.9994976641382428,0.0]]}},"cross_validation_metrics":null,"cross_validation_metrics_summary":null,"status":null,"start_time":1600962673211,"end_time":1600962674356,"run_time":1145,"default_threshold":0.6621478515678639,"help":{"validation_metrics":"Validation data model metrics", "cross_validation_metrics_summary":"Cross-validation model metrics summary", "start_time":"Start time in milliseconds", "run_time":"Runtime in milliseconds", "status":"Job status", "domains":"Domains for categorical columns", "reproducibility_information_table":"Model reproducibility information", "model_category":"Category of the model (e.g., Binomial)", "default_threshold":"Default threshold used for predictions", "__meta":"Metadata on this schema instance, to make it self-describing.", "variable_importances":"Variable Importances", "model_summary":"Model summary", "scoring_history":"Scoring history", "help":"Help information for output fields", "end_time":"End time in milliseconds", "names":"Column names", "column_types":"Column types", "original_names":"Original column names", "cross_validation_fold_assignment_frame_id":"Cross-validation fold assignment (each row is assigned to one holdout fold)", "training_metrics":"Training data model metrics", "cross_validation_models":"Cross-validation models (model ids)", "cross_validation_metrics":"Cross-validation model metrics", "cross_validation_predictions":"Cross-validation predictions, one per cv model (deprecated, use cross_validation_holdout_predictions_frame_id instead)", "init_f":"The Intercept term, the initial model function value to which trees make adjustments", "cross_validation_holdout_predictions_frame_id":"Cross-validation holdout predictions (full out-of-sample predictions on training data)"},"variable_importances":{"__meta":{"schema_version":3,"schema_name":"TwoDimTableV3","schema_type":"TwoDimTable"},"name":"Variable Importances","description":"","columns":[{"__meta":{"schema_version":-1,"schema_name":"ColumnSpecsBase","schema_type":"Iced"},"name":"variable","type":"string","format":"%s","description":"Variable"},{"__meta":{"schema_version":-1,"schema_name":"ColumnSpecsBase","schema_type":"Iced"},"name":"relative_importance","type":"double","format":"%5f","description":"Relative Importance"},{"__meta":{"schema_version":-1,"schema_name":"ColumnSpecsBase","schema_type":"Iced"},"name":"scaled_importance","type":"double","format":"%5f","description":"Scaled Importance"},{"__meta":{"schema_version":-1,"schema_name":"ColumnSpecsBase","schema_type":"Iced"},"name":"percentage","type":"double","format":"%5f","description":"Percentage"}],"rowcount":2,"data":[["R_GrayDiff","T_GrayDiff"],[236523.078125,13843.9384765625],[1.0,0.05853102617430897],[0.9447054222058574,0.055294577794142645]]},"init_f":-1.9299430726690746E-4},"compatible_frames":null}
