{"__meta":{"schema_version":3,"schema_name":"XGBoostModelV3","schema_type":"XGBoostModel"},"model_id":{"__meta":{"schema_version":3,"schema_name":"ModelKeyV3","schema_type":"Key<Model>"},"name":"XGBoost_model_python_1600761882185_1","type":"Key<Model>","URL":"/3/Models/XGBoost_model_python_1600761882185_1"},"algo":"xgboost","algo_full_name":"XGBoost","response_column_name":"algo_leadsidesolder_class","data_frame":{"__meta":{"schema_version":3,"schema_name":"FrameKeyV3","schema_type":"Key<Frame>"},"name":"py_3_sid_93c8","type":"Key<Frame>","URL":"/3/Frames/py_3_sid_93c8"},"timestamp":1600762468149,"have_pojo":true,"have_mojo":true,"algo":"xgboost","algo_full_name":"XGBoost","model_id":{"__meta":{"schema_version":3,"schema_name":"ModelKeyV3","schema_type":"Key<Model>"},"name":"XGBoost_model_python_1600761882185_1","type":"Key<Model>","URL":"/3/Models/XGBoost_model_python_1600761882185_1"},"parameters":[{"__meta":{"schema_version":3,"schema_name":"ModelParameterSchemaV3","schema_type":"Iced"},"name":"model_id","label":"model_id","help":"Destination id for this model; auto-generated if not specified.","required":false,"type":"Key<Model>","default_value":null,"actual_value":{"__meta":{"schema_version":3,"schema_name":"ModelKeyV3","schema_type":"Key<Model>"},"name":"XGBoost_model_python_1600761882185_1","type":"Key<Model>","URL":"/3/Models/XGBoost_model_python_1600761882185_1"},"input_value":null,"level":"critical","values":[],"is_member_of_frames":[],"is_mutually_exclusive_with":[],"gridable":false},{"__meta":{"schema_version":3,"schema_name":"ModelParameterSchemaV3","schema_type":"Iced"},"name":"training_frame","label":"training_frame","help":"Id of the training data frame.","required":false,"type":"Key<Frame>","default_value":null,"actual_value":{"__meta":{"schema_version":3,"schema_name":"FrameKeyV3","schema_type":"Key<Frame>"},"name":"py_3_sid_93c8","type":"Key<Frame>","URL":"/3/Frames/py_3_sid_93c8"},"input_value":{"__meta":{"schema_version":3,"schema_name":"FrameKeyV3","schema_type":"Key<Frame>"},"name":"py_3_sid_93c8","type":"Key<Frame>","URL":"/3/Frames/py_3_sid_93c8"},"level":"critical","values":[],"is_member_of_frames":[],"is_mutually_exclusive_with":[],"gridable":false},{"__meta":{"schema_version":3,"schema_name":"ModelParameterSchemaV3","schema_type":"Iced"},"name":"validation_frame","label":"validation_frame","help":"Id of the validation data frame.","required":false,"type":"Key<Frame>","default_value":null,"actual_value":{"__meta":{"schema_version":3,"schema_name":"FrameKeyV3","schema_type":"Key<Frame>"},"name":"py_4_sid_93c8","type":"Key<Frame>","URL":"/3/Frames/py_4_sid_93c8"},"input_value":{"__meta":{"schema_version":3,"schema_name":"FrameKeyV3","schema_type":"Key<Frame>"},"name":"py_4_sid_93c8","type":"Key<Frame>","URL":"/3/Frames/py_4_sid_93c8"},"level":"critical","values":[],"is_member_of_frames":[],"is_mutually_exclusive_with":[],"gridable":true},{"__meta":{"schema_version":3,"schema_name":"ModelParameterSchemaV3","schema_type":"Iced"},"name":"nfolds","label":"nfolds","help":"Number of folds for K-fold cross-validation (0 to disable or >= 2).","required":false,"type":"int","default_value":0,"actual_value":0,"input_value":0,"level":"critical","values":[],"is_member_of_frames":[],"is_mutually_exclusive_with":[],"gridable":false},{"__meta":{"schema_version":3,"schema_name":"ModelParameterSchemaV3","schema_type":"Iced"},"name":"keep_cross_validation_models","label":"keep_cross_validation_models","help":"Whether to keep the cross-validation models.","required":false,"type":"boolean","default_value":true,"actual_value":true,"input_value":true,"level":"expert","values":[],"is_member_of_frames":[],"is_mutually_exclusive_with":[],"gridable":false},{"__meta":{"schema_version":3,"schema_name":"ModelParameterSchemaV3","schema_type":"Iced"},"name":"keep_cross_validation_predictions","label":"keep_cross_validation_predictions","help":"Whether to keep the predictions of the cross-validation models.","required":false,"type":"boolean","default_value":false,"actual_value":true,"input_value":true,"level":"expert","values":[],"is_member_of_frames":[],"is_mutually_exclusive_with":[],"gridable":false},{"__meta":{"schema_version":3,"schema_name":"ModelParameterSchemaV3","schema_type":"Iced"},"name":"keep_cross_validation_fold_assignment","label":"keep_cross_validation_fold_assignment","help":"Whether to keep the cross-validation fold assignment.","required":false,"type":"boolean","default_value":false,"actual_value":false,"input_value":false,"level":"expert","values":[],"is_member_of_frames":[],"is_mutually_exclusive_with":[],"gridable":false},{"__meta":{"schema_version":3,"schema_name":"ModelParameterSchemaV3","schema_type":"Iced"},"name":"score_each_iteration","label":"score_each_iteration","help":"Whether to score during each iteration of model training.","required":false,"type":"boolean","default_value":false,"actual_value":false,"input_value":false,"level":"secondary","values":[],"is_member_of_frames":[],"is_mutually_exclusive_with":[],"gridable":false},{"__meta":{"schema_version":3,"schema_name":"ModelParameterSchemaV3","schema_type":"Iced"},"name":"fold_assignment","label":"fold_assignment","help":"Cross-validation fold assignment scheme, if fold_column is not specified. The 'Stratified' option will stratify the folds based on the response variable, for classification problems.","required":false,"type":"enum","default_value":"AUTO","actual_value":null,"input_value":"AUTO","level":"secondary","values":["AUTO","Random","Modulo","Stratified"],"is_member_of_frames":[],"is_mutually_exclusive_with":[],"gridable":true},{"__meta":{"schema_version":3,"schema_name":"ModelParameterSchemaV3","schema_type":"Iced"},"name":"fold_column","label":"fold_column","help":"Column with cross-validation fold index assignment per observation.","required":false,"type":"VecSpecifier","default_value":null,"actual_value":null,"input_value":null,"level":"secondary","values":[],"is_member_of_frames":["training_frame"],"is_mutually_exclusive_with":["response_column","weights_column","ignored_columns","offset_column"],"gridable":true},{"__meta":{"schema_version":3,"schema_name":"ModelParameterSchemaV3","schema_type":"Iced"},"name":"response_column","label":"response_column","help":"Response variable column.","required":false,"type":"VecSpecifier","default_value":null,"actual_value":{"__meta":{"schema_version":3,"schema_name":"ColSpecifierV3","schema_type":"VecSpecifier"},"column_name":"algo_leadsidesolder_class","is_member_of_frames":null},"input_value":{"__meta":{"schema_version":3,"schema_name":"ColSpecifierV3","schema_type":"VecSpecifier"},"column_name":"algo_leadsidesolder_class","is_member_of_frames":null},"level":"critical","values":[],"is_member_of_frames":["training_frame","validation_frame"],"is_mutually_exclusive_with":["weights_column","ignored_columns","offset_column","fold_column"],"gridable":true},{"__meta":{"schema_version":3,"schema_name":"ModelParameterSchemaV3","schema_type":"Iced"},"name":"ignored_columns","label":"ignored_columns","help":"Names of columns to ignore for training.","required":false,"type":"string[]","default_value":null,"actual_value":["insp_st_time"],"input_value":["insp_st_time"],"level":"critical","values":[],"is_member_of_frames":["training_frame","validation_frame"],"is_mutually_exclusive_with":["response_column","weights_column","offset_column","fold_column"],"gridable":false},{"__meta":{"schema_version":3,"schema_name":"ModelParameterSchemaV3","schema_type":"Iced"},"name":"ignore_const_cols","label":"ignore_const_cols","help":"Ignore constant columns.","required":false,"type":"boolean","default_value":true,"actual_value":true,"input_value":true,"level":"critical","values":[],"is_member_of_frames":[],"is_mutually_exclusive_with":[],"gridable":false},{"__meta":{"schema_version":3,"schema_name":"ModelParameterSchemaV3","schema_type":"Iced"},"name":"offset_column","label":"offset_column","help":"Offset column. This will be added to the combination of columns before applying the link function.","required":false,"type":"VecSpecifier","default_value":null,"actual_value":null,"input_value":null,"level":"secondary","values":[],"is_member_of_frames":["training_frame","validation_frame"],"is_mutually_exclusive_with":["response_column","weights_column","ignored_columns","fold_column"],"gridable":true},{"__meta":{"schema_version":3,"schema_name":"ModelParameterSchemaV3","schema_type":"Iced"},"name":"weights_column","label":"weights_column","help":"Column with observation weights. Giving some observation a weight of zero is equivalent to excluding it from the dataset; giving an observation a relative weight of 2 is equivalent to repeating that row twice. Negative weights are not allowed. Note: Weights are per-row observation weights and do not increase the size of the data frame. This is typically the number of times a row is repeated, but non-integer values are supported as well. During training, rows with higher weights matter more, due to the larger loss function pre-factor.","required":false,"type":"VecSpecifier","default_value":null,"actual_value":null,"input_value":null,"level":"secondary","values":[],"is_member_of_frames":["training_frame","validation_frame"],"is_mutually_exclusive_with":["response_column","ignored_columns","offset_column","fold_column"],"gridable":true},{"__meta":{"schema_version":3,"schema_name":"ModelParameterSchemaV3","schema_type":"Iced"},"name":"stopping_rounds","label":"stopping_rounds","help":"Early stopping based on convergence of stopping_metric. Stop if simple moving average of length k of the stopping_metric does not improve for k:=stopping_rounds scoring events (0 to disable)","required":false,"type":"int","default_value":0,"actual_value":0,"input_value":0,"level":"secondary","values":[],"is_member_of_frames":[],"is_mutually_exclusive_with":[],"gridable":true},{"__meta":{"schema_version":3,"schema_name":"ModelParameterSchemaV3","schema_type":"Iced"},"name":"stopping_metric","label":"stopping_metric","help":"Metric to use for early stopping (AUTO: logloss for classification, deviance for regression and anonomaly_score for Isolation Forest). Note that custom and custom_increasing can only be used in GBM and DRF with the Python client.","required":false,"type":"enum","default_value":"AUTO","actual_value":null,"input_value":"AUTO","level":"secondary","values":["AUTO","deviance","logloss","MSE","RMSE","MAE","RMSLE","AUC","AUCPR","lift_top_group","misclassification","mean_per_class_error","anomaly_score","custom","custom_increasing"],"is_member_of_frames":[],"is_mutually_exclusive_with":[],"gridable":true},{"__meta":{"schema_version":3,"schema_name":"ModelParameterSchemaV3","schema_type":"Iced"},"name":"stopping_tolerance","label":"stopping_tolerance","help":"Relative tolerance for metric-based stopping criterion (stop if relative improvement is not at least this much)","required":false,"type":"double","default_value":0.001,"actual_value":0.001,"input_value":0.001,"level":"secondary","values":[],"is_member_of_frames":[],"is_mutually_exclusive_with":[],"gridable":true},{"__meta":{"schema_version":3,"schema_name":"ModelParameterSchemaV3","schema_type":"Iced"},"name":"max_runtime_secs","label":"max_runtime_secs","help":"Maximum allowed runtime in seconds for model training. Use 0 to disable.","required":false,"type":"double","default_value":0.0,"actual_value":0.0,"input_value":0.0,"level":"secondary","values":[],"is_member_of_frames":[],"is_mutually_exclusive_with":[],"gridable":true},{"__meta":{"schema_version":3,"schema_name":"ModelParameterSchemaV3","schema_type":"Iced"},"name":"seed","label":"seed","help":"Seed for pseudo random number generator (if applicable)","required":false,"type":"long","default_value":-1,"actual_value":12345,"input_value":12345,"level":"critical","values":[],"is_member_of_frames":[],"is_mutually_exclusive_with":[],"gridable":true},{"__meta":{"schema_version":3,"schema_name":"ModelParameterSchemaV3","schema_type":"Iced"},"name":"distribution","label":"distribution","help":"Distribution function","required":false,"type":"enum","default_value":"AUTO","actual_value":"bernoulli","input_value":"AUTO","level":"secondary","values":["AUTO","bernoulli","quasibinomial","ordinal","multinomial","gaussian","poisson","gamma","tweedie","laplace","quantile","huber","custom"],"is_member_of_frames":[],"is_mutually_exclusive_with":[],"gridable":true},{"__meta":{"schema_version":3,"schema_name":"ModelParameterSchemaV3","schema_type":"Iced"},"name":"tweedie_power","label":"tweedie_power","help":"Tweedie power for Tweedie regression, must be between 1 and 2.","required":false,"type":"double","default_value":1.5,"actual_value":1.5,"input_value":1.5,"level":"secondary","values":[],"is_member_of_frames":[],"is_mutually_exclusive_with":[],"gridable":true},{"__meta":{"schema_version":3,"schema_name":"ModelParameterSchemaV3","schema_type":"Iced"},"name":"categorical_encoding","label":"categorical_encoding","help":"Encoding scheme for categorical features","required":false,"type":"enum","default_value":"AUTO","actual_value":"OneHotInternal","input_value":"AUTO","level":"secondary","values":["AUTO","Enum","OneHotInternal","OneHotExplicit","Binary","Eigen","LabelEncoder","SortByResponse","EnumLimited"],"is_member_of_frames":[],"is_mutually_exclusive_with":[],"gridable":true},{"__meta":{"schema_version":3,"schema_name":"ModelParameterSchemaV3","schema_type":"Iced"},"name":"quiet_mode","label":"quiet_mode","help":"Enable quiet mode","required":false,"type":"boolean","default_value":true,"actual_value":true,"input_value":true,"level":"expert","values":[],"is_member_of_frames":[],"is_mutually_exclusive_with":[],"gridable":false},{"__meta":{"schema_version":3,"schema_name":"ModelParameterSchemaV3","schema_type":"Iced"},"name":"checkpoint","label":"checkpoint","help":"Model checkpoint to resume training with.","required":false,"type":"Key<Model>","default_value":null,"actual_value":null,"input_value":null,"level":"secondary","values":[],"is_member_of_frames":[],"is_mutually_exclusive_with":[],"gridable":false},{"__meta":{"schema_version":3,"schema_name":"ModelParameterSchemaV3","schema_type":"Iced"},"name":"export_checkpoints_dir","label":"export_checkpoints_dir","help":"Automatically export generated models to this directory.","required":false,"type":"string","default_value":null,"actual_value":null,"input_value":null,"level":"secondary","values":[],"is_member_of_frames":[],"is_mutually_exclusive_with":[],"gridable":false},{"__meta":{"schema_version":3,"schema_name":"ModelParameterSchemaV3","schema_type":"Iced"},"name":"ntrees","label":"ntrees","help":"(same as n_estimators) Number of trees.","required":false,"type":"int","default_value":50,"actual_value":50,"input_value":50,"level":"critical","values":[],"is_member_of_frames":[],"is_mutually_exclusive_with":[],"gridable":true},{"__meta":{"schema_version":3,"schema_name":"ModelParameterSchemaV3","schema_type":"Iced"},"name":"max_depth","label":"max_depth","help":"Maximum tree depth (0 for unlimited).","required":false,"type":"int","default_value":6,"actual_value":6,"input_value":6,"level":"critical","values":[],"is_member_of_frames":[],"is_mutually_exclusive_with":[],"gridable":true},{"__meta":{"schema_version":3,"schema_name":"ModelParameterSchemaV3","schema_type":"Iced"},"name":"min_rows","label":"min_rows","help":"(same as min_child_weight) Fewest allowed (weighted) observations in a leaf.","required":false,"type":"double","default_value":1.0,"actual_value":1.0,"input_value":1.0,"level":"critical","values":[],"is_member_of_frames":[],"is_mutually_exclusive_with":[],"gridable":true},{"__meta":{"schema_version":3,"schema_name":"ModelParameterSchemaV3","schema_type":"Iced"},"name":"min_child_weight","label":"min_child_weight","help":"(same as min_rows) Fewest allowed (weighted) observations in a leaf.","required":false,"type":"double","default_value":1.0,"actual_value":1.0,"input_value":1.0,"level":"critical","values":[],"is_member_of_frames":[],"is_mutually_exclusive_with":[],"gridable":true},{"__meta":{"schema_version":3,"schema_name":"ModelParameterSchemaV3","schema_type":"Iced"},"name":"learn_rate","label":"learn_rate","help":"(same as eta) Learning rate (from 0.0 to 1.0)","required":false,"type":"double","default_value":0.3,"actual_value":0.3,"input_value":0.3,"level":"critical","values":[],"is_member_of_frames":[],"is_mutually_exclusive_with":[],"gridable":true},{"__meta":{"schema_version":3,"schema_name":"ModelParameterSchemaV3","schema_type":"Iced"},"name":"eta","label":"eta","help":"(same as learn_rate) Learning rate (from 0.0 to 1.0)","required":false,"type":"double","default_value":0.3,"actual_value":0.3,"input_value":0.3,"level":"critical","values":[],"is_member_of_frames":[],"is_mutually_exclusive_with":[],"gridable":true},{"__meta":{"schema_version":3,"schema_name":"ModelParameterSchemaV3","schema_type":"Iced"},"name":"sample_rate","label":"sample_rate","help":"(same as subsample) Row sample rate per tree (from 0.0 to 1.0)","required":false,"type":"double","default_value":1.0,"actual_value":1.0,"input_value":1.0,"level":"critical","values":[],"is_member_of_frames":[],"is_mutually_exclusive_with":[],"gridable":true},{"__meta":{"schema_version":3,"schema_name":"ModelParameterSchemaV3","schema_type":"Iced"},"name":"subsample","label":"subsample","help":"(same as sample_rate) Row sample rate per tree (from 0.0 to 1.0)","required":false,"type":"double","default_value":1.0,"actual_value":1.0,"input_value":1.0,"level":"critical","values":[],"is_member_of_frames":[],"is_mutually_exclusive_with":[],"gridable":true},{"__meta":{"schema_version":3,"schema_name":"ModelParameterSchemaV3","schema_type":"Iced"},"name":"col_sample_rate","label":"col_sample_rate","help":"(same as colsample_bylevel) Column sample rate (from 0.0 to 1.0)","required":false,"type":"double","default_value":1.0,"actual_value":1.0,"input_value":1.0,"level":"critical","values":[],"is_member_of_frames":[],"is_mutually_exclusive_with":[],"gridable":true},{"__meta":{"schema_version":3,"schema_name":"ModelParameterSchemaV3","schema_type":"Iced"},"name":"colsample_bylevel","label":"colsample_bylevel","help":"(same as col_sample_rate) Column sample rate (from 0.0 to 1.0)","required":false,"type":"double","default_value":1.0,"actual_value":1.0,"input_value":1.0,"level":"critical","values":[],"is_member_of_frames":[],"is_mutually_exclusive_with":[],"gridable":true},{"__meta":{"schema_version":3,"schema_name":"ModelParameterSchemaV3","schema_type":"Iced"},"name":"col_sample_rate_per_tree","label":"col_sample_rate_per_tree","help":"(same as colsample_bytree) Column sample rate per tree (from 0.0 to 1.0)","required":false,"type":"double","default_value":1.0,"actual_value":1.0,"input_value":1.0,"level":"secondary","values":[],"is_member_of_frames":[],"is_mutually_exclusive_with":[],"gridable":true},{"__meta":{"schema_version":3,"schema_name":"ModelParameterSchemaV3","schema_type":"Iced"},"name":"colsample_bytree","label":"colsample_bytree","help":"(same as col_sample_rate_per_tree) Column sample rate per tree (from 0.0 to 1.0)","required":false,"type":"double","default_value":1.0,"actual_value":1.0,"input_value":1.0,"level":"secondary","values":[],"is_member_of_frames":[],"is_mutually_exclusive_with":[],"gridable":true},{"__meta":{"schema_version":3,"schema_name":"ModelParameterSchemaV3","schema_type":"Iced"},"name":"colsample_bynode","label":"colsample_bynode","help":"Column sample rate per tree node (from 0.0 to 1.0)","required":false,"type":"double","default_value":1.0,"actual_value":1.0,"input_value":1.0,"level":"secondary","values":[],"is_member_of_frames":[],"is_mutually_exclusive_with":[],"gridable":true},{"__meta":{"schema_version":3,"schema_name":"ModelParameterSchemaV3","schema_type":"Iced"},"name":"max_abs_leafnode_pred","label":"max_abs_leafnode_pred","help":"(same as max_delta_step) Maximum absolute value of a leaf node prediction","required":false,"type":"float","default_value":0.0,"actual_value":0.0,"input_value":0.0,"level":"expert","values":[],"is_member_of_frames":[],"is_mutually_exclusive_with":[],"gridable":true},{"__meta":{"schema_version":3,"schema_name":"ModelParameterSchemaV3","schema_type":"Iced"},"name":"max_delta_step","label":"max_delta_step","help":"(same as max_abs_leafnode_pred) Maximum absolute value of a leaf node prediction","required":false,"type":"float","default_value":0.0,"actual_value":0.0,"input_value":0.0,"level":"expert","values":[],"is_member_of_frames":[],"is_mutually_exclusive_with":[],"gridable":true},{"__meta":{"schema_version":3,"schema_name":"ModelParameterSchemaV3","schema_type":"Iced"},"name":"monotone_constraints","label":"monotone_constraints","help":"A mapping representing monotonic constraints. Use +1 to enforce an increasing constraint and -1 to specify a decreasing constraint.","required":false,"type":"KeyValue[]","default_value":null,"actual_value":null,"input_value":null,"level":"secondary","values":[],"is_member_of_frames":[],"is_mutually_exclusive_with":[],"gridable":false},{"__meta":{"schema_version":3,"schema_name":"ModelParameterSchemaV3","schema_type":"Iced"},"name":"score_tree_interval","label":"score_tree_interval","help":"Score the model after every so many trees. Disabled if set to 0.","required":false,"type":"int","default_value":0,"actual_value":0,"input_value":0,"level":"secondary","values":[],"is_member_of_frames":[],"is_mutually_exclusive_with":[],"gridable":false},{"__meta":{"schema_version":3,"schema_name":"ModelParameterSchemaV3","schema_type":"Iced"},"name":"min_split_improvement","label":"min_split_improvement","help":"(same as gamma) Minimum relative improvement in squared error reduction for a split to happen","required":false,"type":"float","default_value":0.0,"actual_value":0.0,"input_value":0.0,"level":"secondary","values":[],"is_member_of_frames":[],"is_mutually_exclusive_with":[],"gridable":true},{"__meta":{"schema_version":3,"schema_name":"ModelParameterSchemaV3","schema_type":"Iced"},"name":"gamma","label":"gamma","help":"(same as min_split_improvement) Minimum relative improvement in squared error reduction for a split to happen","required":false,"type":"float","default_value":0.0,"actual_value":0.0,"input_value":0.0,"level":"secondary","values":[],"is_member_of_frames":[],"is_mutually_exclusive_with":[],"gridable":true},{"__meta":{"schema_version":3,"schema_name":"ModelParameterSchemaV3","schema_type":"Iced"},"name":"nthread","label":"nthread","help":"Number of parallel threads that can be used to run XGBoost. Cannot exceed H2O cluster limits (-nthreads parameter). Defaults to maximum available","required":false,"type":"int","default_value":-1,"actual_value":-1,"input_value":-1,"level":"expert","values":[],"is_member_of_frames":[],"is_mutually_exclusive_with":[],"gridable":false},{"__meta":{"schema_version":3,"schema_name":"ModelParameterSchemaV3","schema_type":"Iced"},"name":"save_matrix_directory","label":"save_matrix_directory","help":"Directory where to save matrices passed to XGBoost library. Useful for debugging.","required":false,"type":"string","default_value":null,"actual_value":null,"input_value":null,"level":"expert","values":[],"is_member_of_frames":[],"is_mutually_exclusive_with":[],"gridable":false},{"__meta":{"schema_version":3,"schema_name":"ModelParameterSchemaV3","schema_type":"Iced"},"name":"build_tree_one_node","label":"build_tree_one_node","help":"Run on one node only; no network overhead but fewer cpus used. Suitable for small datasets.","required":false,"type":"boolean","default_value":false,"actual_value":false,"input_value":false,"level":"expert","values":[],"is_member_of_frames":[],"is_mutually_exclusive_with":[],"gridable":false},{"__meta":{"schema_version":3,"schema_name":"ModelParameterSchemaV3","schema_type":"Iced"},"name":"calibrate_model","label":"calibrate_model","help":"Use Platt Scaling to calculate calibrated class probabilities. Calibration can provide more accurate estimates of class probabilities.","required":false,"type":"boolean","default_value":false,"actual_value":false,"input_value":false,"level":"expert","values":[],"is_member_of_frames":[],"is_mutually_exclusive_with":[],"gridable":false},{"__meta":{"schema_version":3,"schema_name":"ModelParameterSchemaV3","schema_type":"Iced"},"name":"calibration_frame","label":"calibration_frame","help":"Calibration frame for Platt Scaling","required":false,"type":"Key<Frame>","default_value":null,"actual_value":null,"input_value":null,"level":"expert","values":[],"is_member_of_frames":[],"is_mutually_exclusive_with":[],"gridable":false},{"__meta":{"schema_version":3,"schema_name":"ModelParameterSchemaV3","schema_type":"Iced"},"name":"max_bins","label":"max_bins","help":"For tree_method=hist only: maximum number of bins","required":false,"type":"int","default_value":256,"actual_value":256,"input_value":256,"level":"expert","values":[],"is_member_of_frames":[],"is_mutually_exclusive_with":[],"gridable":true},{"__meta":{"schema_version":3,"schema_name":"ModelParameterSchemaV3","schema_type":"Iced"},"name":"max_leaves","label":"max_leaves","help":"For tree_method=hist only: maximum number of leaves","required":false,"type":"int","default_value":0,"actual_value":0,"input_value":0,"level":"secondary","values":[],"is_member_of_frames":[],"is_mutually_exclusive_with":[],"gridable":true},{"__meta":{"schema_version":3,"schema_name":"ModelParameterSchemaV3","schema_type":"Iced"},"name":"sample_type","label":"sample_type","help":"For booster=dart only: sample_type","required":false,"type":"enum","default_value":"uniform","actual_value":"uniform","input_value":"uniform","level":"expert","values":["uniform","weighted"],"is_member_of_frames":[],"is_mutually_exclusive_with":[],"gridable":true},{"__meta":{"schema_version":3,"schema_name":"ModelParameterSchemaV3","schema_type":"Iced"},"name":"normalize_type","label":"normalize_type","help":"For booster=dart only: normalize_type","required":false,"type":"enum","default_value":"tree","actual_value":"tree","input_value":"tree","level":"expert","values":["tree","forest"],"is_member_of_frames":[],"is_mutually_exclusive_with":[],"gridable":true},{"__meta":{"schema_version":3,"schema_name":"ModelParameterSchemaV3","schema_type":"Iced"},"name":"rate_drop","label":"rate_drop","help":"For booster=dart only: rate_drop (0..1)","required":false,"type":"float","default_value":0.0,"actual_value":0.0,"input_value":0.0,"level":"expert","values":[],"is_member_of_frames":[],"is_mutually_exclusive_with":[],"gridable":true},{"__meta":{"schema_version":3,"schema_name":"ModelParameterSchemaV3","schema_type":"Iced"},"name":"one_drop","label":"one_drop","help":"For booster=dart only: one_drop","required":false,"type":"boolean","default_value":false,"actual_value":false,"input_value":false,"level":"expert","values":[],"is_member_of_frames":[],"is_mutually_exclusive_with":[],"gridable":true},{"__meta":{"schema_version":3,"schema_name":"ModelParameterSchemaV3","schema_type":"Iced"},"name":"skip_drop","label":"skip_drop","help":"For booster=dart only: skip_drop (0..1)","required":false,"type":"float","default_value":0.0,"actual_value":0.0,"input_value":0.0,"level":"expert","values":[],"is_member_of_frames":[],"is_mutually_exclusive_with":[],"gridable":true},{"__meta":{"schema_version":3,"schema_name":"ModelParameterSchemaV3","schema_type":"Iced"},"name":"tree_method","label":"tree_method","help":"Tree method","required":false,"type":"enum","default_value":"auto","actual_value":"hist","input_value":"auto","level":"secondary","values":["auto","exact","approx","hist"],"is_member_of_frames":[],"is_mutually_exclusive_with":[],"gridable":true},{"__meta":{"schema_version":3,"schema_name":"ModelParameterSchemaV3","schema_type":"Iced"},"name":"grow_policy","label":"grow_policy","help":"Grow policy - depthwise is standard GBM, lossguide is LightGBM","required":false,"type":"enum","default_value":"depthwise","actual_value":"depthwise","input_value":"depthwise","level":"secondary","values":["depthwise","lossguide"],"is_member_of_frames":[],"is_mutually_exclusive_with":[],"gridable":true},{"__meta":{"schema_version":3,"schema_name":"ModelParameterSchemaV3","schema_type":"Iced"},"name":"booster","label":"booster","help":"Booster type","required":false,"type":"enum","default_value":"gbtree","actual_value":"dart","input_value":"dart","level":"expert","values":["gbtree","gblinear","dart"],"is_member_of_frames":[],"is_mutually_exclusive_with":[],"gridable":true},{"__meta":{"schema_version":3,"schema_name":"ModelParameterSchemaV3","schema_type":"Iced"},"name":"reg_lambda","label":"reg_lambda","help":"L2 regularization","required":false,"type":"float","default_value":1.0,"actual_value":1.0,"input_value":1.0,"level":"expert","values":[],"is_member_of_frames":[],"is_mutually_exclusive_with":[],"gridable":true},{"__meta":{"schema_version":3,"schema_name":"ModelParameterSchemaV3","schema_type":"Iced"},"name":"reg_alpha","label":"reg_alpha","help":"L1 regularization","required":false,"type":"float","default_value":0.0,"actual_value":0.0,"input_value":0.0,"level":"expert","values":[],"is_member_of_frames":[],"is_mutually_exclusive_with":[],"gridable":true},{"__meta":{"schema_version":3,"schema_name":"ModelParameterSchemaV3","schema_type":"Iced"},"name":"dmatrix_type","label":"dmatrix_type","help":"Type of DMatrix. For sparse, NAs and 0 are treated equally.","required":false,"type":"enum","default_value":"auto","actual_value":"dense","input_value":"auto","level":"secondary","values":["auto","dense","sparse"],"is_member_of_frames":[],"is_mutually_exclusive_with":[],"gridable":true},{"__meta":{"schema_version":3,"schema_name":"ModelParameterSchemaV3","schema_type":"Iced"},"name":"backend","label":"backend","help":"Backend. By default (auto), a GPU is used if available.","required":false,"type":"enum","default_value":"auto","actual_value":"gpu","input_value":"auto","level":"expert","values":["auto","gpu","cpu"],"is_member_of_frames":[],"is_mutually_exclusive_with":[],"gridable":true},{"__meta":{"schema_version":3,"schema_name":"ModelParameterSchemaV3","schema_type":"Iced"},"name":"gpu_id","label":"gpu_id","help":"Which GPU to use. ","required":false,"type":"int","default_value":0,"actual_value":0,"input_value":0,"level":"expert","values":[],"is_member_of_frames":[],"is_mutually_exclusive_with":[],"gridable":false},{"__meta":{"schema_version":3,"schema_name":"ModelParameterSchemaV3","schema_type":"Iced"},"name":"gainslift_bins","label":"gainslift_bins","help":"Gains/Lift table number of bins. 0 means disabled.. Default value -1 means automatic binning.","required":false,"type":"int","default_value":-1,"actual_value":-1,"input_value":-1,"level":"secondary","values":[],"is_member_of_frames":[],"is_mutually_exclusive_with":[],"gridable":false}],"output":{"__meta":{"schema_version":3,"schema_name":"XGBoostModelOutputV3","schema_type":"XGBoostOutput"},"names":["T_Percent","R_Percent","T_TeachArea","R_TeachArea","algo_leadsidesolder_class"],"original_names":null,"column_types":["Numeric","Numeric","Numeric","Numeric","Enum"],"domains":[null,null,null,null,["false","true"]],"cross_validation_models":null,"cross_validation_predictions":null,"cross_validation_holdout_predictions_frame_id":null,"cross_validation_fold_assignment_frame_id":null,"model_category":"Binomial","model_summary":{"__meta":{"schema_version":3,"schema_name":"TwoDimTableV3","schema_type":"TwoDimTable"},"name":"Model Summary","description":"","columns":[{"__meta":{"schema_version":-1,"schema_name":"ColumnSpecsBase","schema_type":"Iced"},"name":"","type":"string","format":"%s","description":""},{"__meta":{"schema_version":-1,"schema_name":"ColumnSpecsBase","schema_type":"Iced"},"name":"number_of_trees","type":"long","format":"%d","description":"Number of Trees"}],"rowcount":1,"data":[[""],[50]]},"scoring_history":{"__meta":{"schema_version":3,"schema_name":"TwoDimTableV3","schema_type":"TwoDimTable"},"name":"Scoring History","description":"","columns":[{"__meta":{"schema_version":-1,"schema_name":"ColumnSpecsBase","schema_type":"Iced"},"name":"","type":"string","format":"%s","description":""},{"__meta":{"schema_version":-1,"schema_name":"ColumnSpecsBase","schema_type":"Iced"},"name":"timestamp","type":"string","format":"%s","description":"Timestamp"},{"__meta":{"schema_version":-1,"schema_name":"ColumnSpecsBase","schema_type":"Iced"},"name":"duration","type":"string","format":"%s","description":"Duration"},{"__meta":{"schema_version":-1,"schema_name":"ColumnSpecsBase","schema_type":"Iced"},"name":"number_of_trees","type":"long","format":"%d","description":"Number of Trees"},{"__meta":{"schema_version":-1,"schema_name":"ColumnSpecsBase","schema_type":"Iced"},"name":"training_rmse","type":"double","format":"%.5f","description":"Training RMSE"},{"__meta":{"schema_version":-1,"schema_name":"ColumnSpecsBase","schema_type":"Iced"},"name":"training_logloss","type":"double","format":"%.5f","description":"Training LogLoss"},{"__meta":{"schema_version":-1,"schema_name":"ColumnSpecsBase","schema_type":"Iced"},"name":"training_auc","type":"double","format":"%.5f","description":"Training AUC"},{"__meta":{"schema_version":-1,"schema_name":"ColumnSpecsBase","schema_type":"Iced"},"name":"training_pr_auc","type":"double","format":"%.5f","description":"Training pr_auc"},{"__meta":{"schema_version":-1,"schema_name":"ColumnSpecsBase","schema_type":"Iced"},"name":"training_lift","type":"double","format":"%.5f","description":"Training Lift"},{"__meta":{"schema_version":-1,"schema_name":"ColumnSpecsBase","schema_type":"Iced"},"name":"training_classification_error","type":"double","format":"%.5f","description":"Training Classification Error"},{"__meta":{"schema_version":-1,"schema_name":"ColumnSpecsBase","schema_type":"Iced"},"name":"validation_rmse","type":"double","format":"%.5f","description":"Validation RMSE"},{"__meta":{"schema_version":-1,"schema_name":"ColumnSpecsBase","schema_type":"Iced"},"name":"validation_logloss","type":"double","format":"%.5f","description":"Validation LogLoss"},{"__meta":{"schema_version":-1,"schema_name":"ColumnSpecsBase","schema_type":"Iced"},"name":"validation_auc","type":"double","format":"%.5f","description":"Validation AUC"},{"__meta":{"schema_version":-1,"schema_name":"ColumnSpecsBase","schema_type":"Iced"},"name":"validation_pr_auc","type":"double","format":"%.5f","description":"Validation pr_auc"},{"__meta":{"schema_version":-1,"schema_name":"ColumnSpecsBase","schema_type":"Iced"},"name":"validation_lift","type":"double","format":"%.5f","description":"Validation Lift"},{"__meta":{"schema_version":-1,"schema_name":"ColumnSpecsBase","schema_type":"Iced"},"name":"validation_classification_error","type":"double","format":"%.5f","description":"Validation Classification Error"}],"rowcount":51,"data":[["","","","","","","","","","","","","","","","","","","","","","","","","","","","","","","","","","","","","","","","","","","","","","","","","","",""],["2020-09-22 10:14:25","2020-09-22 10:14:25","2020-09-22 10:14:25","2020-09-22 10:14:25","2020-09-22 10:14:25","2020-09-22 10:14:26","2020-09-22 10:14:26","2020-09-22 10:14:26","2020-09-22 10:14:26","2020-09-22 10:14:26","2020-09-22 10:14:26","2020-09-22 10:14:26","2020-09-22 10:14:26","2020-09-22 10:14:26","2020-09-22 10:14:26","2020-09-22 10:14:26","2020-09-22 10:14:26","2020-09-22 10:14:26","2020-09-22 10:14:26","2020-09-22 10:14:26","2020-09-22 10:14:26","2020-09-22 10:14:26","2020-09-22 10:14:26","2020-09-22 10:14:26","2020-09-22 10:14:26","2020-09-22 10:14:26","2020-09-22 10:14:26","2020-09-22 10:14:26","2020-09-22 10:14:27","2020-09-22 10:14:27","2020-09-22 10:14:27","2020-09-22 10:14:27","2020-09-22 10:14:27","2020-09-22 10:14:27","2020-09-22 10:14:27","2020-09-22 10:14:27","2020-09-22 10:14:27","2020-09-22 10:14:27","2020-09-22 10:14:27","2020-09-22 10:14:27","2020-09-22 10:14:27","2020-09-22 10:14:27","2020-09-22 10:14:27","2020-09-22 10:14:27","2020-09-22 10:14:27","2020-09-22 10:14:27","2020-09-22 10:14:27","2020-09-22 10:14:27","2020-09-22 10:14:28","2020-09-22 10:14:28","2020-09-22 10:14:28"],[" 0.072 sec"," 0.272 sec"," 0.340 sec"," 0.480 sec"," 0.534 sec"," 0.577 sec"," 0.620 sec"," 0.657 sec"," 0.704 sec"," 0.743 sec"," 0.788 sec"," 0.830 sec"," 0.877 sec"," 0.914 sec"," 0.954 sec"," 0.984 sec"," 1.024 sec"," 1.075 sec"," 1.128 sec"," 1.168 sec"," 1.213 sec"," 1.250 sec"," 1.296 sec"," 1.345 sec"," 1.382 sec"," 1.427 sec"," 1.475 sec"," 1.527 sec"," 1.565 sec"," 1.606 sec"," 1.645 sec"," 1.699 sec"," 1.747 sec"," 1.800 sec"," 1.850 sec"," 1.902 sec"," 1.943 sec"," 1.989 sec"," 2.041 sec"," 2.093 sec"," 2.158 sec"," 2.208 sec"," 2.265 sec"," 2.303 sec"," 2.346 sec"," 2.394 sec"," 2.442 sec"," 2.493 sec"," 2.558 sec"," 2.611 sec"," 2.664 sec"],[0,1,2,3,4,5,6,7,8,9,10,11,12,13,14,15,16,17,18,19,20,21,22,23,24,25,26,27,28,29,30,31,32,33,34,35,36,37,38,39,40,41,42,43,44,45,46,47,48,49,50],[0.5,0.35512671061766793,0.2573324795981179,0.18835892333201565,0.13882491219341717,0.10298682052167292,0.07702554865311095,0.05830016612725394,0.04494194898461021,0.0355977972680132,0.02925283116690374,0.025115851884019127,0.022529455321504844,0.020976156544602557,0.020071140616363028,0.019556401147141404,0.019266085035665275,0.01910872803735743,0.01901701109712094,0.018970499493896318,0.01894024054531469,0.018927718350918766,0.018916305372342308,0.018914160813401713,0.018908564614431942,0.01890959861967341,0.018905847078308374,0.018907860956370218,0.018904735308788688,0.018910653802090557,0.018906202783877633,0.01891222846995876,0.0189074997033495,0.018913214185613106,0.01890825313314639,0.01891362380303076,0.018908578238038685,0.018913647764416744,0.018910182925868668,0.018916105016640625,0.018912549478679912,0.018917728238871615,0.018913945881437827,0.018918555775135418,0.018914655488655233,0.01891886624244377,0.018914948822672386,0.018918886673690835,0.01891501368098707,0.018918753420698577,0.018914968683785324],[0.6931471805599706,0.4386605547814245,0.2973641351139819,0.20839042464973148,0.1488843188107335,0.10771521345483609,0.07862606917356817,0.05778486053091077,0.04271070624331046,0.031735025662480196,0.023705669573444162,0.017814030744231067,0.013478803682386955,0.010282881904223933,0.007926500824578294,0.0061826986230754544,0.0048955403929053145,0.003943131701713523,0.0032383690530485092,0.002716399527145231,0.0023296669890552663,0.002043105134893065,0.0018306478526956254,0.0016730687424243362,0.0015560590748208908,0.0014691234140518762,0.0014043464434340595,0.0013561095294622903,0.0013199507310188954,0.0012943942510568146,0.001275592452522935,0.0012610111032023339,0.00125013081448815,0.0012415477574348197,0.0012350257750298353,0.0012298577716952108,0.0012256915397474762,0.0012222456168250056,0.0012215139936237276,0.0012209866472840003,0.0012203867835951226,0.001219973062400812,0.0012195129141844227,0.0012191090364717361,0.0012186710277634443,0.001218376561027283,0.0012179636409778382,0.0012175931088303088,0.0012172985247760196,0.0012169491561544704,0.0012166722682029716],[0.5,0.5,0.9996260565665879,0.9996416795402209,0.9996416795402209,0.9996416795402209,0.9996416795402209,0.9996416795402209,0.9996416795402209,0.9996416795402209,0.9996416795402209,0.9996416795402209,0.9996416795402209,0.9996416795402209,0.9996416795402209,0.9996416795402209,0.9996416795402209,0.9996416795402209,0.9996416795402209,0.9996416795402209,0.9996416795402209,0.9996416795402209,0.9996416795402209,0.9996416795402209,0.9996416795402209,0.9996416795402209,0.9996416795402209,0.9996416795402209,0.9996416795402209,0.9996416795402209,0.9996416795402209,0.9996416795402209,0.9996416795402209,0.9996416795402209,0.9996416795402209,0.9996416795402209,0.9996416795402209,0.9996416795402209,0.9996416795402209,0.9996416795402209,0.9996416795402209,0.9996416795402209,0.9996416795402209,0.9996416795402209,0.9996416795402209,0.9996416795402209,0.9996416795402209,0.9996416795402209,0.9996416795402209,0.9996416795402209,0.9996416795402209],[0.9988710462287106,0.9988710462287106,0.999999577205424,0.9999995948394856,0.9999995948394856,0.9999995948394856,0.9999995948394856,0.9999995948394856,0.9999995948394856,0.9999995948394856,0.9999995948394856,0.9999995948394856,0.9999995948394856,0.9999995948394856,0.9999995948394856,0.9999995948394856,0.9999995948394856,0.9999995948394856,0.9999995948394856,0.9999995948394856,0.9999995948394856,0.9999995948394856,0.9999995948394856,0.9999995948394856,0.9999995948394856,0.9999995948394856,0.9999995948394856,0.9999995948394856,0.9999995948394856,0.9999995948394856,0.9999995948394856,0.9999995948394856,0.9999995948394856,0.9999995948394856,0.9999995948394856,0.9999995948394856,0.9999995948394856,0.9999995948394856,0.9999995948394856,0.9999995948394856,0.9999995948394856,0.9999995948394856,0.9999995948394856,0.9999995948394856,0.9999995948394856,0.9999995948394856,0.9999995948394856,0.9999995948394856,0.9999995948394856,0.9999995948394856,0.9999995948394856],[1.0,1.0,1.0011302297484264,1.0011302297484264,1.0011302297484264,1.0011302297484264,1.0011302297484264,1.0011302297484264,1.0011302297484264,1.0011302297484264,1.0011302297484264,1.0011302297484264,1.0011302297484264,1.0011302297484264,1.0011302297484264,1.0011302297484264,1.0011302297484264,1.0011302297484264,1.0011302297484264,1.0011302297484264,1.0011302297484264,1.0011302297484264,1.0011302297484264,1.0011302297484264,1.0011302297484264,1.0011302297484264,1.0011302297484264,1.0011302297484264,1.0011302297484264,1.0011302297484264,1.0011302297484264,1.0011302297484264,1.0011302297484264,1.0011302297484264,1.0011302297484264,1.0011302297484264,1.0011302297484264,1.0011302297484264,1.0011302297484264,1.0011302297484264,1.0011302297484264,1.0011302297484264,1.0011302297484264,1.0011302297484264,1.0011302297484264,1.0011302297484264,1.0011302297484264,1.0011302297484264,1.0011302297484264,1.0011302297484264,1.0011302297484264],[0.0011289537712895377,0.0011289537712895377,4.2822384428223845E-4,4.2822384428223845E-4,4.2822384428223845E-4,4.2822384428223845E-4,4.2822384428223845E-4,4.2822384428223845E-4,4.2822384428223845E-4,4.2822384428223845E-4,4.2822384428223845E-4,4.2822384428223845E-4,4.2822384428223845E-4,4.2822384428223845E-4,4.2822384428223845E-4,4.2822384428223845E-4,4.2822384428223845E-4,4.2822384428223845E-4,4.2822384428223845E-4,4.2822384428223845E-4,4.2822384428223845E-4,4.2822384428223845E-4,4.2822384428223845E-4,4.2822384428223845E-4,4.2822384428223845E-4,4.2822384428223845E-4,4.2822384428223845E-4,4.2822384428223845E-4,4.2822384428223845E-4,4.2822384428223845E-4,4.2822384428223845E-4,4.2822384428223845E-4,4.2822384428223845E-4,4.2822384428223845E-4,4.2822384428223845E-4,4.2822384428223845E-4,4.2822384428223845E-4,4.2822384428223845E-4,4.2822384428223845E-4,4.2822384428223845E-4,4.2822384428223845E-4,4.2822384428223845E-4,4.2822384428223845E-4,4.2822384428223845E-4,4.2822384428223845E-4,4.2822384428223845E-4,4.2822384428223845E-4,4.2822384428223845E-4,4.2822384428223845E-4,4.2822384428223845E-4,4.2822384428223845E-4],[0.5,0.35507317097341473,0.257301916739903,0.18832806241122213,0.13878839426055947,0.10294024664969194,0.07696502521313432,0.0582222536825437,0.04484400877583721,0.03547874849718191,0.029114033145284254,0.024892844712531895,0.02222838490925954,0.020609695079191193,0.019735581259552253,0.01916595201970262,0.018907400524274354,0.01871975958420182,0.018658766574287656,0.018581717839429933,0.01858025278255252,0.018537113463356642,0.018552810465140075,0.018520337443933207,0.018540540704333648,0.01851179698916823,0.01853281702118933,0.01850575103447917,0.018526557234369852,0.018454450531344237,0.018467380753060095,0.0184126126334779,0.018434484269924722,0.018389837750619014,0.018415922091945442,0.01837746433710505,0.018405298346034688,0.018370828255265332,0.01837753799542092,0.01833079032097204,0.01834751760745895,0.018309960138876195,0.01833136525911862,0.01829902735901971,0.01832242590314546,0.0182933551625686,0.018317407611051457,0.01829043368174499,0.01831453229550229,0.018289041570217844,0.018312767671321672],[0.6931471805600891,0.43858224974401516,0.29733365494530484,0.20837151922253297,0.14887167647535193,0.10770641074959188,0.07861995392080108,0.0577808618286488,0.0427085076013411,0.03173440989785989,0.02370645002314262,0.017808961081679186,0.013469351280903855,0.010270143159764336,0.007919244566716988,0.006171687000912381,0.004888550471864989,0.003934772727752116,0.0032330793274022306,0.0027091864461517086,0.002324985790419675,0.0020362445561029085,0.0018260035198198682,0.00166614641185232,0.0015511578852687746,0.0014619275846631807,0.0013990433420685276,0.0013485381643224088,0.0013141814068124717,0.0012817974400706495,0.001263410196981408,0.0012438983212951556,0.0012344602115614437,0.0012220390891527321,0.001217474844563666,0.0012091134725503924,0.0012071417545256923,0.0012008984691474001,0.001199632822861412,0.0011945517477762273,0.0011946740496196595,0.0011908784771379778,0.0011917839064546562,0.0011886481834741383,0.0011898848190810254,0.0011872453358983317,0.0011886357320603266,0.001186147494678425,0.0011877086876526503,0.001185387777910182,0.0011869583114713941],[0.5,0.5,0.9995974550904385,0.9996645459086987,0.9996645459086987,0.9996645459086987,0.9996645459086987,0.9996645459086987,0.9996645459086987,0.9996645459086987,0.9996645459086987,0.9996645459086987,0.9996645459086987,0.9996645459086987,0.9996645459086987,0.9996645459086987,0.9996645459086987,0.9996645459086987,0.9996645459086987,0.9996645459086987,0.9996645459086987,0.9996645459086987,0.9996645459086987,0.9996645459086987,0.9996645459086987,0.9996645459086987,0.9996645459086987,0.9996645459086987,0.9996645459086987,0.9996645459086987,0.9996645459086987,0.9996645459086987,0.9996645459086987,0.9996645459086987,0.9996645459086987,0.9996645459086987,0.9996645459086987,0.9996645459086987,0.9996645459086987,0.9996645459086987,0.9996645459086987,0.9996645459086987,0.9996645459086987,0.9996645459086987,0.9996645459086987,0.9996645459086987,0.9996645459086987,0.9996645459086987,0.9996645459086987,0.9996645459086987,0.9996645459086987],[0.9990018601696838,0.9990018601696838,0.9999995976633083,0.9999996646283009,0.9999996646283009,0.9999996646283009,0.9999996646283009,0.9999996646283009,0.9999996646283009,0.9999996646283009,0.9999996646283009,0.9999996646283009,0.9999996646283009,0.9999996646283009,0.9999996646283009,0.9999996646283009,0.9999996646283009,0.9999996646283009,0.9999996646283009,0.9999996646283009,0.9999996646283009,0.9999996646283009,0.9999996646283009,0.9999996646283009,0.9999996646283009,0.9999996646283009,0.9999996646283009,0.9999996646283009,0.9999996646283009,0.9999996646283009,0.9999996646283009,0.9999996646283009,0.9999996646283009,0.9999996646283009,0.9999996646283009,0.9999996646283009,0.9999996646283009,0.9999996646283009,0.9999996646283009,0.9999996646283009,0.9999996646283009,0.9999996646283009,0.9999996646283009,0.9999996646283009,0.9999996646283009,0.9999996646283009,0.9999996646283009,0.9999996646283009,0.9999996646283009,0.9999996646283009,0.9999996646283009],[1.0,1.0,1.0009991371088605,1.0009991371088605,1.0009991371088605,1.0009991371088605,1.0009991371088605,1.0009991371088605,1.0009991371088605,1.0009991371088605,1.0009991371088605,1.0009991371088605,1.0009991371088605,1.0009991371088605,1.0009991371088605,1.0009991371088605,1.0009991371088605,1.0009991371088605,1.0009991371088605,1.0009991371088605,1.0009991371088605,1.0009991371088605,1.0009991371088605,1.0009991371088605,1.0009991371088605,1.0009991371088605,1.0009991371088605,1.0009991371088605,1.0009991371088605,1.0009991371088605,1.0009991371088605,1.0009991371088605,1.0009991371088605,1.0009991371088605,1.0009991371088605,1.0009991371088605,1.0009991371088605,1.0009991371088605,1.0009991371088605,1.0009991371088605,1.0009991371088605,1.0009991371088605,1.0009991371088605,1.0009991371088605,1.0009991371088605,1.0009991371088605,1.0009991371088605,1.0009991371088605,1.0009991371088605,1.0009991371088605,1.0009991371088605],[9.981398303162289E-4,9.981398303162289E-4,4.536999228710131E-4,4.083299305839118E-4,4.083299305839118E-4,4.083299305839118E-4,4.083299305839118E-4,4.083299305839118E-4,4.083299305839118E-4,4.083299305839118E-4,4.083299305839118E-4,4.083299305839118E-4,4.083299305839118E-4,4.083299305839118E-4,4.083299305839118E-4,4.083299305839118E-4,4.083299305839118E-4,4.083299305839118E-4,4.083299305839118E-4,4.083299305839118E-4,4.083299305839118E-4,4.083299305839118E-4,4.083299305839118E-4,4.083299305839118E-4,4.083299305839118E-4,4.083299305839118E-4,4.083299305839118E-4,4.083299305839118E-4,4.083299305839118E-4,4.083299305839118E-4,4.083299305839118E-4,4.083299305839118E-4,4.083299305839118E-4,4.083299305839118E-4,4.083299305839118E-4,4.083299305839118E-4,4.083299305839118E-4,4.083299305839118E-4,4.083299305839118E-4,4.083299305839118E-4,4.083299305839118E-4,4.083299305839118E-4,4.083299305839118E-4,4.083299305839118E-4,4.083299305839118E-4,4.083299305839118E-4,4.083299305839118E-4,4.083299305839118E-4,4.083299305839118E-4,4.083299305839118E-4,4.083299305839118E-4]]},"reproducibility_information_table":[{"__meta":{"schema_version":3,"schema_name":"TwoDimTableV3","schema_type":"TwoDimTable"},"name":"Node Information","description":"","columns":[{"__meta":{"schema_version":-1,"schema_name":"ColumnSpecsBase","schema_type":"Iced"},"name":"","type":"string","format":"%s","description":""},{"__meta":{"schema_version":-1,"schema_name":"ColumnSpecsBase","schema_type":"Iced"},"name":"node","type":"int","format":"%d","description":"node"},{"__meta":{"schema_version":-1,"schema_name":"ColumnSpecsBase","schema_type":"Iced"},"name":"h2o","type":"string","format":"%s","description":"h2o"},{"__meta":{"schema_version":-1,"schema_name":"ColumnSpecsBase","schema_type":"Iced"},"name":"healthy","type":"string","format":"%s","description":"healthy"},{"__meta":{"schema_version":-1,"schema_name":"ColumnSpecsBase","schema_type":"Iced"},"name":"last_ping","type":"string","format":"%s","description":"last_ping"},{"__meta":{"schema_version":-1,"schema_name":"ColumnSpecsBase","schema_type":"Iced"},"name":"num_cpus","type":"int","format":"%d","description":"num_cpus"},{"__meta":{"schema_version":-1,"schema_name":"ColumnSpecsBase","schema_type":"Iced"},"name":"sys_load","type":"double","format":"%.5f","description":"sys_load"},{"__meta":{"schema_version":-1,"schema_name":"ColumnSpecsBase","schema_type":"Iced"},"name":"mem_value_size","type":"long","format":"%d","description":"mem_value_size"},{"__meta":{"schema_version":-1,"schema_name":"ColumnSpecsBase","schema_type":"Iced"},"name":"free_mem","type":"long","format":"%d","description":"free_mem"},{"__meta":{"schema_version":-1,"schema_name":"ColumnSpecsBase","schema_type":"Iced"},"name":"pojo_mem","type":"long","format":"%d","description":"pojo_mem"},{"__meta":{"schema_version":-1,"schema_name":"ColumnSpecsBase","schema_type":"Iced"},"name":"swap_mem","type":"long","format":"%d","description":"swap_mem"},{"__meta":{"schema_version":-1,"schema_name":"ColumnSpecsBase","schema_type":"Iced"},"name":"free_disc","type":"long","format":"%d","description":"free_disc"},{"__meta":{"schema_version":-1,"schema_name":"ColumnSpecsBase","schema_type":"Iced"},"name":"max_disc","type":"long","format":"%d","description":"max_disc"},{"__meta":{"schema_version":-1,"schema_name":"ColumnSpecsBase","schema_type":"Iced"},"name":"pid","type":"int","format":"%d","description":"pid"},{"__meta":{"schema_version":-1,"schema_name":"ColumnSpecsBase","schema_type":"Iced"},"name":"num_keys","type":"int","format":"%d","description":"num_keys"},{"__meta":{"schema_version":-1,"schema_name":"ColumnSpecsBase","schema_type":"Iced"},"name":"tcps_active","type":"string","format":"%s","description":"tcps_active"},{"__meta":{"schema_version":-1,"schema_name":"ColumnSpecsBase","schema_type":"Iced"},"name":"open_fds","type":"int","format":"%d","description":"open_fds"},{"__meta":{"schema_version":-1,"schema_name":"ColumnSpecsBase","schema_type":"Iced"},"name":"rpcs_active","type":"string","format":"%s","description":"rpcs_active"},{"__meta":{"schema_version":-1,"schema_name":"ColumnSpecsBase","schema_type":"Iced"},"name":"nthreads","type":"int","format":"%d","description":"nthreads"},{"__meta":{"schema_version":-1,"schema_name":"ColumnSpecsBase","schema_type":"Iced"},"name":"is_leader","type":"string","format":"%s","description":"is_leader"},{"__meta":{"schema_version":-1,"schema_name":"ColumnSpecsBase","schema_type":"Iced"},"name":"total_mem","type":"long","format":"%d","description":"total_mem"},{"__meta":{"schema_version":-1,"schema_name":"ColumnSpecsBase","schema_type":"Iced"},"name":"max_mem","type":"long","format":"%d","description":"max_mem"},{"__meta":{"schema_version":-1,"schema_name":"ColumnSpecsBase","schema_type":"Iced"},"name":"java_version","type":"string","format":"%s","description":"java_version"},{"__meta":{"schema_version":-1,"schema_name":"ColumnSpecsBase","schema_type":"Iced"},"name":"jvm_launch_parameters","type":"string","format":"%s","description":"jvm_launch_parameters"},{"__meta":{"schema_version":-1,"schema_name":"ColumnSpecsBase","schema_type":"Iced"},"name":"os_version","type":"string","format":"%s","description":"os_version"},{"__meta":{"schema_version":-1,"schema_name":"ColumnSpecsBase","schema_type":"Iced"},"name":"machine_physical_mem","type":"long","format":"%d","description":"machine_physical_mem"},{"__meta":{"schema_version":-1,"schema_name":"ColumnSpecsBase","schema_type":"Iced"},"name":"machine_locale","type":"string","format":"%s","description":"machine_locale"}],"rowcount":1,"data":[[""],[0],["10.25.9.1:54321"],["true"],["1600762465473"],[12],[1.8],[1954815],[6969674321],[664101296],[0],[182752116736],[200510799872],[13324],[204],["\u0000"],[498],["\u0000"],[12],["true"],[3723493376],[7635730432],["Java 1.8.0_265 (from Private Build)"],["[-Xmx8g]"],["Linux 5.0.0-32-generic (amd64)"],[16586354688],["en_US"]]},{"__meta":{"schema_version":3,"schema_name":"TwoDimTableV3","schema_type":"TwoDimTable"},"name":"Cluster Configuration","description":"","columns":[{"__meta":{"schema_version":-1,"schema_name":"ColumnSpecsBase","schema_type":"Iced"},"name":"","type":"string","format":"%s","description":""},{"__meta":{"schema_version":-1,"schema_name":"ColumnSpecsBase","schema_type":"Iced"},"name":"h2o_cluster_uptime","type":"long","format":"%d","description":"H2O cluster uptime"},{"__meta":{"schema_version":-1,"schema_name":"ColumnSpecsBase","schema_type":"Iced"},"name":"h2o_cluster_timezone","type":"string","format":"%s","description":"H2O cluster timezone"},{"__meta":{"schema_version":-1,"schema_name":"ColumnSpecsBase","schema_type":"Iced"},"name":"h2o_data_parsing_timezone","type":"string","format":"%s","description":"H2O data parsing timezone"},{"__meta":{"schema_version":-1,"schema_name":"ColumnSpecsBase","schema_type":"Iced"},"name":"h2o_cluster_version","type":"string","format":"%s","description":"H2O cluster version"},{"__meta":{"schema_version":-1,"schema_name":"ColumnSpecsBase","schema_type":"Iced"},"name":"h2o_cluster_version_age","type":"string","format":"%s","description":"H2O cluster version age"},{"__meta":{"schema_version":-1,"schema_name":"ColumnSpecsBase","schema_type":"Iced"},"name":"h2o_cluster_name","type":"string","format":"%s","description":"H2O cluster name"},{"__meta":{"schema_version":-1,"schema_name":"ColumnSpecsBase","schema_type":"Iced"},"name":"h2o_cluster_total_nodes","type":"int","format":"%d","description":"H2O cluster total nodes"},{"__meta":{"schema_version":-1,"schema_name":"ColumnSpecsBase","schema_type":"Iced"},"name":"h2o_cluster_free_memory","type":"long","format":"%d","description":"H2O cluster free memory"},{"__meta":{"schema_version":-1,"schema_name":"ColumnSpecsBase","schema_type":"Iced"},"name":"h2o_cluster_total_cores","type":"int","format":"%d","description":"H2O cluster total cores"},{"__meta":{"schema_version":-1,"schema_name":"ColumnSpecsBase","schema_type":"Iced"},"name":"h2o_cluster_allowed_cores","type":"int","format":"%d","description":"H2O cluster allowed cores"},{"__meta":{"schema_version":-1,"schema_name":"ColumnSpecsBase","schema_type":"Iced"},"name":"h2o_cluster_status","type":"string","format":"%s","description":"H2O cluster status"},{"__meta":{"schema_version":-1,"schema_name":"ColumnSpecsBase","schema_type":"Iced"},"name":"h2o_internal_security","type":"string","format":"%s","description":"H2O internal security"},{"__meta":{"schema_version":-1,"schema_name":"ColumnSpecsBase","schema_type":"Iced"},"name":"h2o_api_extensions","type":"string","format":"%s","description":"H2O API Extensions"}],"rowcount":1,"data":[[""],[583050],["Europe/Paris"],["UTC"],["3.30.1.2"],["18 days"],["sparkling-water-gabriel_local-1600760980004"],[1],[6969674321],[12],[12],["locked, healthly"],["false"],["XGBoost, Algos, Amazon S3, Sparkling Water REST API Extensions, AutoML, Core V3, TargetEncoder, Core V4"]]},{"__meta":{"schema_version":3,"schema_name":"TwoDimTableV3","schema_type":"TwoDimTable"},"name":"Input Frames Information","description":"","columns":[{"__meta":{"schema_version":-1,"schema_name":"ColumnSpecsBase","schema_type":"Iced"},"name":"","type":"string","format":"%s","description":""},{"__meta":{"schema_version":-1,"schema_name":"ColumnSpecsBase","schema_type":"Iced"},"name":"input_frame","type":"string","format":"%s","description":"Input Frame"},{"__meta":{"schema_version":-1,"schema_name":"ColumnSpecsBase","schema_type":"Iced"},"name":"checksum","type":"long","format":"%d","description":"Checksum"},{"__meta":{"schema_version":-1,"schema_name":"ColumnSpecsBase","schema_type":"Iced"},"name":"espc","type":"string","format":"%d","description":"ESPC"}],"rowcount":3,"data":[["","",""],["training_frame","validation_frame","calibration_frame"],[-2193707721417540372,-3154763858785499986,-1],["[0, 4282, 8564, 12846, 17127, 21408, 25689, 29970, 34251, 38532, 42813, 47094, 51375]","[0, 22041]","-1"]]}],"training_metrics":{"__meta":{"schema_version":3,"schema_name":"ModelMetricsBinomialV3","schema_type":"ModelMetricsBinomial"},"model":{"__meta":{"schema_version":3,"schema_name":"ModelKeyV3","schema_type":"Key<Model>"},"name":"XGBoost_model_python_1600761882185_1","type":"Key<Model>","URL":"/3/Models/XGBoost_model_python_1600761882185_1"},"model_checksum":8173401670971429804,"frame":{"__meta":{"schema_version":3,"schema_name":"FrameKeyV3","schema_type":"Key<Frame>"},"name":"py_3_sid_93c8","type":"Key<Frame>","URL":"/3/Frames/py_3_sid_93c8"},"frame_checksum":-6142610922766592746,"description":null,"model_category":"Binomial","scoring_time":1600762468126,"predictions":null,"MSE":3.5777604030857947E-4,"RMSE":0.018914968683785324,"nobs":51375,"custom_metric_name":null,"custom_metric_value":0.0,"r2":0.6827324390586148,"logloss":0.0012166722682029716,"AUC":0.9996416795402209,"pr_auc":0.9999995948394856,"Gini":0.9992833590804417,"mean_per_class_error":0.16382233352797654,"domain":["false","true"],"cm":{"__meta":{"schema_version":3,"schema_name":"ConfusionMatrixV3","schema_type":"ConfusionMatrix"},"table":{"__meta":{"schema_version":3,"schema_name":"TwoDimTableV3","schema_type":"TwoDimTable"},"name":"Confusion Matrix","description":"Row labels: Actual class; Column labels: Predicted class","columns":[{"__meta":{"schema_version":-1,"schema_name":"ColumnSpecsBase","schema_type":"Iced"},"name":"false","type":"long","format":"%d","description":"false"},{"__meta":{"schema_version":-1,"schema_name":"ColumnSpecsBase","schema_type":"Iced"},"name":"true","type":"long","format":"%d","description":"true"},{"__meta":{"schema_version":-1,"schema_name":"ColumnSpecsBase","schema_type":"Iced"},"name":"Error","type":"double","format":"%.4f","description":"Error"},{"__meta":{"schema_version":-1,"schema_name":"ColumnSpecsBase","schema_type":"Iced"},"name":"Rate","type":"string","format":"= %11s","description":"Rate"}],"rowcount":3,"data":[[39,3,42],[19,51314,51333],[0.3275862068965517,5.8460159401367966E-5,4.2822384428223845E-4],["19 / 58","3 / 51,317","22 / 51,375"]]}},"thresholds_and_metric_scores":{"__meta":{"schema_version":3,"schema_name":"TwoDimTableV3","schema_type":"TwoDimTable"},"name":"Metrics for Thresholds","description":"Binomial metrics as a function of classification thresholds","columns":[{"__meta":{"schema_version":-1,"schema_name":"ColumnSpecsBase","schema_type":"Iced"},"name":"threshold","type":"double","format":"%f","description":"Threshold"},{"__meta":{"schema_version":-1,"schema_name":"ColumnSpecsBase","schema_type":"Iced"},"name":"f1","type":"double","format":"%f","description":"f1"},{"__meta":{"schema_version":-1,"schema_name":"ColumnSpecsBase","schema_type":"Iced"},"name":"f2","type":"double","format":"%f","description":"f2"},{"__meta":{"schema_version":-1,"schema_name":"ColumnSpecsBase","schema_type":"Iced"},"name":"f0point5","type":"double","format":"%f","description":"f0point5"},{"__meta":{"schema_version":-1,"schema_name":"ColumnSpecsBase","schema_type":"Iced"},"name":"accuracy","type":"double","format":"%f","description":"accuracy"},{"__meta":{"schema_version":-1,"schema_name":"ColumnSpecsBase","schema_type":"Iced"},"name":"precision","type":"double","format":"%f","description":"precision"},{"__meta":{"schema_version":-1,"schema_name":"ColumnSpecsBase","schema_type":"Iced"},"name":"recall","type":"double","format":"%f","description":"recall"},{"__meta":{"schema_version":-1,"schema_name":"ColumnSpecsBase","schema_type":"Iced"},"name":"specificity","type":"double","format":"%f","description":"specificity"},{"__meta":{"schema_version":-1,"schema_name":"ColumnSpecsBase","schema_type":"Iced"},"name":"absolute_mcc","type":"double","format":"%f","description":"absolute_mcc"},{"__meta":{"schema_version":-1,"schema_name":"ColumnSpecsBase","schema_type":"Iced"},"name":"min_per_class_accuracy","type":"double","format":"%f","description":"min_per_class_accuracy"},{"__meta":{"schema_version":-1,"schema_name":"ColumnSpecsBase","schema_type":"Iced"},"name":"mean_per_class_accuracy","type":"double","format":"%f","description":"mean_per_class_accuracy"},{"__meta":{"schema_version":-1,"schema_name":"ColumnSpecsBase","schema_type":"Iced"},"name":"tns","type":"long","format":"%d","description":"tns"},{"__meta":{"schema_version":-1,"schema_name":"ColumnSpecsBase","schema_type":"Iced"},"name":"fns","type":"long","format":"%d","description":"fns"},{"__meta":{"schema_version":-1,"schema_name":"ColumnSpecsBase","schema_type":"Iced"},"name":"fps","type":"long","format":"%d","description":"fps"},{"__meta":{"schema_version":-1,"schema_name":"ColumnSpecsBase","schema_type":"Iced"},"name":"tps","type":"long","format":"%d","description":"tps"},{"__meta":{"schema_version":-1,"schema_name":"ColumnSpecsBase","schema_type":"Iced"},"name":"tnr","type":"double","format":"%f","description":"tnr"},{"__meta":{"schema_version":-1,"schema_name":"ColumnSpecsBase","schema_type":"Iced"},"name":"fnr","type":"double","format":"%f","description":"fnr"},{"__meta":{"schema_version":-1,"schema_name":"ColumnSpecsBase","schema_type":"Iced"},"name":"fpr","type":"double","format":"%f","description":"fpr"},{"__meta":{"schema_version":-1,"schema_name":"ColumnSpecsBase","schema_type":"Iced"},"name":"tpr","type":"double","format":"%f","description":"tpr"},{"__meta":{"schema_version":-1,"schema_name":"ColumnSpecsBase","schema_type":"Iced"},"name":"idx","type":"int","format":"%d","description":"idx"}],"rowcount":9,"data":[[0.9999823570251465,0.9999812841415405,0.9998608827590942,0.9997621178627014,0.9537554383277893,0.8542953729629517,0.34345903992652893,0.026066996157169342,0.015405366197228432],[0.8931594896847735,0.9611838176499762,0.9934487966577094,0.9987708276427205,0.9989466086651191,0.9997856794934242,0.9997369984706947,0.9996883096643484,0.9994352043002376],[0.8393533270092995,0.9393076162215629,0.989559114869274,0.9980347735895406,0.9983156384393141,0.9998791898706552,0.9998947827849046,0.9998753005451704,0.9997740051355386],[0.9543365736067516,0.9841032974776679,0.9973691776317083,0.9995079681819424,0.9995783769856296,0.9996921866050521,0.999579263945647,0.9995013887103498,0.9990966330110546],[0.8071630170316302,0.925352798053528,0.9869975669099756,0.9975474452554745,0.997897810218978,0.9995717761557178,0.9994744525547445,0.9993771289537713,0.9988710462287105],[1.0,1.0,1.0,1.0,1.0,0.9996298677264138,0.9994741352446245,0.9993768135698845,0.9988710462287105],[0.8069450669368825,0.9252684295652512,0.9869828711732954,0.9975446733051425,0.9978954342615508,0.9999415398405986,1.0,1.0,1.0],[1.0,1.0,1.0,1.0,1.0,0.6724137931034483,0.5344827586206896,0.4482758620689655,0.0],[0.06853261929848886,0.11741015651777328,0.28080219238951665,0.5607525565066958,0.5904762994089385,0.789988032574818,0.7308910267444629,0.6693254086278033,0.0],[0.8069450669368825,0.9252684295652512,0.9869828711732954,0.9975446733051425,0.9978954342615508,0.6724137931034483,0.5344827586206896,0.4482758620689655,0.0],[0.9034725334684413,0.9626342147826257,0.9934914355866478,0.9987723366525713,0.9989477171307755,0.8361776664720235,0.7672413793103448,0.7241379310344828,0.5],[58,58,58,58,58,39,31,26,0],[9907,3835,668,126,108,3,0,0,0],[0,0,0,0,0,19,27,32,58],[41410,47482,50649,51191,51209,51314,51317,51317,51317],[1.0,1.0,1.0,1.0,1.0,0.6724137931034483,0.5344827586206896,0.4482758620689655,0.0],[0.1930549330631175,0.07473157043474872,0.0130171288267046,0.002455326694857455,0.0021045657384492467,5.8460159401367966E-5,0.0,0.0,0.0],[0.0,0.0,0.0,0.0,0.0,0.3275862068965517,0.46551724137931033,0.5517241379310345,1.0],[0.8069450669368825,0.9252684295652512,0.9869828711732954,0.9975446733051425,0.9978954342615508,0.9999415398405986,1.0,1.0,1.0],[0,1,2,3,4,5,6,7,8]]},"max_criteria_and_metric_scores":{"__meta":{"schema_version":3,"schema_name":"TwoDimTableV3","schema_type":"TwoDimTable"},"name":"Maximum Metrics","description":"Maximum metrics at their respective thresholds","columns":[{"__meta":{"schema_version":-1,"schema_name":"ColumnSpecsBase","schema_type":"Iced"},"name":"metric","type":"string","format":"%s","description":"Metric"},{"__meta":{"schema_version":-1,"schema_name":"ColumnSpecsBase","schema_type":"Iced"},"name":"threshold","type":"double","format":"%f","description":"Threshold"},{"__meta":{"schema_version":-1,"schema_name":"ColumnSpecsBase","schema_type":"Iced"},"name":"value","type":"double","format":"%f","description":"Value"},{"__meta":{"schema_version":-1,"schema_name":"ColumnSpecsBase","schema_type":"Iced"},"name":"idx","type":"long","format":"%d","description":"idx"}],"rowcount":18,"data":[["max f1","max f2","max f0point5","max accuracy","max precision","max recall","max specificity","max absolute_mcc","max min_per_class_accuracy","max mean_per_class_accuracy","max tns","max fns","max fps","max tps","max tnr","max fnr","max fpr","max tpr"],[0.8542953729629517,0.34345903992652893,0.8542953729629517,0.8542953729629517,0.9999823570251465,0.34345903992652893,0.9999823570251465,0.8542953729629517,0.9537554383277893,0.9537554383277893,0.9999823570251465,0.9999823570251465,0.015405366197228432,0.34345903992652893,0.9999823570251465,0.9999823570251465,0.015405366197228432,0.34345903992652893],[0.9997856794934242,0.9998947827849046,0.9996921866050521,0.9995717761557178,1.0,1.0,1.0,0.789988032574818,0.9978954342615508,0.9989477171307755,58.0,9907.0,58.0,51317.0,1.0,0.1930549330631175,1.0,1.0],[5,6,5,5,0,6,0,5,4,4,0,0,8,6,0,0,8,6]]},"gains_lift_table":{"__meta":{"schema_version":3,"schema_name":"TwoDimTableV3","schema_type":"TwoDimTable"},"name":"Gains/Lift Table","description":"Avg response rate: 99.89 %, avg score: 99.89 %","columns":[{"__meta":{"schema_version":-1,"schema_name":"ColumnSpecsBase","schema_type":"Iced"},"name":"group","type":"int","format":"%d","description":"Group"},{"__meta":{"schema_version":-1,"schema_name":"ColumnSpecsBase","schema_type":"Iced"},"name":"cumulative_data_fraction","type":"double","format":"%.8f","description":"Cumulative Data Fraction"},{"__meta":{"schema_version":-1,"schema_name":"ColumnSpecsBase","schema_type":"Iced"},"name":"lower_threshold","type":"double","format":"%5f","description":"Lower Threshold"},{"__meta":{"schema_version":-1,"schema_name":"ColumnSpecsBase","schema_type":"Iced"},"name":"lift","type":"double","format":"%5f","description":"Lift"},{"__meta":{"schema_version":-1,"schema_name":"ColumnSpecsBase","schema_type":"Iced"},"name":"cumulative_lift","type":"double","format":"%5f","description":"Cumulative Lift"},{"__meta":{"schema_version":-1,"schema_name":"ColumnSpecsBase","schema_type":"Iced"},"name":"response_rate","type":"double","format":"%5f","description":"Response Rate"},{"__meta":{"schema_version":-1,"schema_name":"ColumnSpecsBase","schema_type":"Iced"},"name":"score","type":"double","format":"%5f","description":"Score"},{"__meta":{"schema_version":-1,"schema_name":"ColumnSpecsBase","schema_type":"Iced"},"name":"cumulative_response_rate","type":"double","format":"%5f","description":"Cumulative Response Rate"},{"__meta":{"schema_version":-1,"schema_name":"ColumnSpecsBase","schema_type":"Iced"},"name":"cumulative_score","type":"double","format":"%5f","description":"Cumulative Score"},{"__meta":{"schema_version":-1,"schema_name":"ColumnSpecsBase","schema_type":"Iced"},"name":"capture_rate","type":"double","format":"%5f","description":"Capture Rate"},{"__meta":{"schema_version":-1,"schema_name":"ColumnSpecsBase","schema_type":"Iced"},"name":"cumulative_capture_rate","type":"double","format":"%5f","description":"Cumulative Capture Rate"},{"__meta":{"schema_version":-1,"schema_name":"ColumnSpecsBase","schema_type":"Iced"},"name":"gain","type":"double","format":"%5f","description":"Gain"},{"__meta":{"schema_version":-1,"schema_name":"ColumnSpecsBase","schema_type":"Iced"},"name":"cumulative_gain","type":"double","format":"%5f","description":"Cumulative Gain"},{"__meta":{"schema_version":-1,"schema_name":"ColumnSpecsBase","schema_type":"Iced"},"name":"kolmogorov_smirnov","type":"double","format":"%5f","description":"Kolmogorov Smirnov"}],"rowcount":3,"data":[[1,2,3],[0.8060340632603407,0.9242238442822385,1.0],[0.9999823570251465,0.9999812841415405,0.015405366197228432],[1.0011302297484264,1.0011302297484264,0.986214855146472],[1.0011302297484264,1.0011302297484264,1.0],[1.0,1.0,0.9851014641664526],[0.9999823570251465,0.9999812841415405,0.9853171414482527],[1.0,1.0,0.9988710462287105],[0.9999823570251465,0.9999822198247493,0.9988709565620788],[0.8069450669368825,0.11832336262836876,0.07473157043474872],[0.8069450669368825,0.9252684295652512,1.0],[0.1130229748426359,0.1130229748426359,-1.3785144853527997],[0.1130229748426359,0.1130229748426359,0.0],[0.8069450669368825,0.9252684295652512,0.0]]}},"validation_metrics":{"__meta":{"schema_version":3,"schema_name":"ModelMetricsBinomialV3","schema_type":"ModelMetricsBinomial"},"model":{"__meta":{"schema_version":3,"schema_name":"ModelKeyV3","schema_type":"Key<Model>"},"name":"XGBoost_model_python_1600761882185_1","type":"Key<Model>","URL":"/3/Models/XGBoost_model_python_1600761882185_1"},"model_checksum":8173401670971429804,"frame":{"__meta":{"schema_version":3,"schema_name":"FrameKeyV3","schema_type":"Key<Frame>"},"name":"py_4_sid_93c8","type":"Key<Frame>","URL":"/3/Frames/py_4_sid_93c8"},"frame_checksum":-3002820915257275018,"description":null,"model_category":"Binomial","scoring_time":1600762468144,"predictions":null,"MSE":3.353574597838042E-4,"RMSE":0.018312767671321672,"nobs":22041,"custom_metric_name":null,"custom_metric_value":0.0,"r2":0.6636818633314638,"logloss":0.0011869583114713941,"AUC":0.9996645459086987,"pr_auc":0.9999996646283009,"Gini":0.9993290918173974,"mean_per_class_error":0.20454545454545456,"domain":["false","true"],"cm":{"__meta":{"schema_version":3,"schema_name":"ConfusionMatrixV3","schema_type":"ConfusionMatrix"},"table":{"__meta":{"schema_version":3,"schema_name":"TwoDimTableV3","schema_type":"TwoDimTable"},"name":"Confusion Matrix","description":"Row labels: Actual class; Column labels: Predicted class","columns":[{"__meta":{"schema_version":-1,"schema_name":"ColumnSpecsBase","schema_type":"Iced"},"name":"false","type":"long","format":"%d","description":"false"},{"__meta":{"schema_version":-1,"schema_name":"ColumnSpecsBase","schema_type":"Iced"},"name":"true","type":"long","format":"%d","description":"true"},{"__meta":{"schema_version":-1,"schema_name":"ColumnSpecsBase","schema_type":"Iced"},"name":"Error","type":"double","format":"%.4f","description":"Error"},{"__meta":{"schema_version":-1,"schema_name":"ColumnSpecsBase","schema_type":"Iced"},"name":"Rate","type":"string","format":"= %10s","description":"Rate"}],"rowcount":3,"data":[[13,0,13],[9,22019,22028],[0.4090909090909091,0.0,4.083299305839118E-4],["9 / 22","0 / 22,019","9 / 22,041"]]}},"thresholds_and_metric_scores":{"__meta":{"schema_version":3,"schema_name":"TwoDimTableV3","schema_type":"TwoDimTable"},"name":"Metrics for Thresholds","description":"Binomial metrics as a function of classification thresholds","columns":[{"__meta":{"schema_version":-1,"schema_name":"ColumnSpecsBase","schema_type":"Iced"},"name":"threshold","type":"double","format":"%f","description":"Threshold"},{"__meta":{"schema_version":-1,"schema_name":"ColumnSpecsBase","schema_type":"Iced"},"name":"f1","type":"double","format":"%f","description":"f1"},{"__meta":{"schema_version":-1,"schema_name":"ColumnSpecsBase","schema_type":"Iced"},"name":"f2","type":"double","format":"%f","description":"f2"},{"__meta":{"schema_version":-1,"schema_name":"ColumnSpecsBase","schema_type":"Iced"},"name":"f0point5","type":"double","format":"%f","description":"f0point5"},{"__meta":{"schema_version":-1,"schema_name":"ColumnSpecsBase","schema_type":"Iced"},"name":"accuracy","type":"double","format":"%f","description":"accuracy"},{"__meta":{"schema_version":-1,"schema_name":"ColumnSpecsBase","schema_type":"Iced"},"name":"precision","type":"double","format":"%f","description":"precision"},{"__meta":{"schema_version":-1,"schema_name":"ColumnSpecsBase","schema_type":"Iced"},"name":"recall","type":"double","format":"%f","description":"recall"},{"__meta":{"schema_version":-1,"schema_name":"ColumnSpecsBase","schema_type":"Iced"},"name":"specificity","type":"double","format":"%f","description":"specificity"},{"__meta":{"schema_version":-1,"schema_name":"ColumnSpecsBase","schema_type":"Iced"},"name":"absolute_mcc","type":"double","format":"%f","description":"absolute_mcc"},{"__meta":{"schema_version":-1,"schema_name":"ColumnSpecsBase","schema_type":"Iced"},"name":"min_per_class_accuracy","type":"double","format":"%f","description":"min_per_class_accuracy"},{"__meta":{"schema_version":-1,"schema_name":"ColumnSpecsBase","schema_type":"Iced"},"name":"mean_per_class_accuracy","type":"double","format":"%f","description":"mean_per_class_accuracy"},{"__meta":{"schema_version":-1,"schema_name":"ColumnSpecsBase","schema_type":"Iced"},"name":"tns","type":"long","format":"%d","description":"tns"},{"__meta":{"schema_version":-1,"schema_name":"ColumnSpecsBase","schema_type":"Iced"},"name":"fns","type":"long","format":"%d","description":"fns"},{"__meta":{"schema_version":-1,"schema_name":"ColumnSpecsBase","schema_type":"Iced"},"name":"fps","type":"long","format":"%d","description":"fps"},{"__meta":{"schema_version":-1,"schema_name":"ColumnSpecsBase","schema_type":"Iced"},"name":"tps","type":"long","format":"%d","description":"tps"},{"__meta":{"schema_version":-1,"schema_name":"ColumnSpecsBase","schema_type":"Iced"},"name":"tnr","type":"double","format":"%f","description":"tnr"},{"__meta":{"schema_version":-1,"schema_name":"ColumnSpecsBase","schema_type":"Iced"},"name":"fnr","type":"double","format":"%f","description":"fnr"},{"__meta":{"schema_version":-1,"schema_name":"ColumnSpecsBase","schema_type":"Iced"},"name":"fpr","type":"double","format":"%f","description":"fpr"},{"__meta":{"schema_version":-1,"schema_name":"ColumnSpecsBase","schema_type":"Iced"},"name":"tpr","type":"double","format":"%f","description":"tpr"},{"__meta":{"schema_version":-1,"schema_name":"ColumnSpecsBase","schema_type":"Iced"},"name":"idx","type":"int","format":"%d","description":"idx"}],"rowcount":9,"data":[[0.9999823570251465,0.9999812841415405,0.9998608827590942,0.9997621178627014,0.9537554383277893,0.8542953729629517,0.34345903992652893,0.026066996157169342,0.015405366197228432],[0.8936565758070595,0.9601416765053128,0.9925420937042461,0.9984307125474766,0.9987267518530308,0.9997729233843499,0.9997956728040502,0.999704887516742,0.9995006808896959],[0.8400559218605355,0.937716199138432,0.9881205076114387,0.9974915020086161,0.9979643580912222,0.9997729233843499,0.9999182591004867,0.9998819341010645,0.9998002125012486],[0.9545635069716518,0.9836660441442573,0.9970034285924388,0.999371693422814,0.9994903113651464,0.9997729233843499,0.9996731165611862,0.9995279036197082,0.9992013286986196],[0.8079488226487002,0.923415453019373,0.9852093825144049,0.99686947053219,0.9974592804319223,0.999546300077129,0.9995916700694161,0.9994101901002677,0.9990018601696837],[1.0,1.0,1.0,1.0,1.0,0.9997729233843499,0.9995914290902488,0.9994099491648512,0.9990018601696837],[0.8077569371906081,0.9233389345565194,0.9851946046596122,0.9968663427040283,0.9974567419047187,0.9997729233843499,1.0,1.0,1.0],[1.0,1.0,1.0,1.0,1.0,0.7727272727272727,0.5909090909090909,0.4090909090909091,0.0],[0.06462520093988244,0.10899180869549534,0.24956445567418548,0.4909181747298573,0.5304092314853887,0.7725001961116226,0.7685490632641732,0.6394134223320215,0.0],[0.8077569371906081,0.9233389345565194,0.9851946046596122,0.9968663427040283,0.9974567419047187,0.7727272727272727,0.5909090909090909,0.4090909090909091,0.0],[0.9038784685953041,0.9616694672782597,0.992597302329806,0.9984331713520141,0.9987283709523593,0.8862500980558112,0.7954545454545454,0.7045454545454546,0.5],[22,22,22,22,22,17,13,9,0],[4233,1688,326,69,56,5,0,0,0],[0,0,0,0,0,5,9,13,22],[17786,20331,21693,21950,21963,22014,22019,22019,22019],[1.0,1.0,1.0,1.0,1.0,0.7727272727272727,0.5909090909090909,0.4090909090909091,0.0],[0.19224306280939188,0.07666106544348063,0.014805395340387847,0.003133657295971661,0.002543258095281348,2.2707661565012034E-4,0.0,0.0,0.0],[0.0,0.0,0.0,0.0,0.0,0.22727272727272727,0.4090909090909091,0.5909090909090909,1.0],[0.8077569371906081,0.9233389345565194,0.9851946046596122,0.9968663427040283,0.9974567419047187,0.9997729233843499,1.0,1.0,1.0],[0,1,2,3,4,5,6,7,8]]},"max_criteria_and_metric_scores":{"__meta":{"schema_version":3,"schema_name":"TwoDimTableV3","schema_type":"TwoDimTable"},"name":"Maximum Metrics","description":"Maximum metrics at their respective thresholds","columns":[{"__meta":{"schema_version":-1,"schema_name":"ColumnSpecsBase","schema_type":"Iced"},"name":"metric","type":"string","format":"%s","description":"Metric"},{"__meta":{"schema_version":-1,"schema_name":"ColumnSpecsBase","schema_type":"Iced"},"name":"threshold","type":"double","format":"%f","description":"Threshold"},{"__meta":{"schema_version":-1,"schema_name":"ColumnSpecsBase","schema_type":"Iced"},"name":"value","type":"double","format":"%f","description":"Value"},{"__meta":{"schema_version":-1,"schema_name":"ColumnSpecsBase","schema_type":"Iced"},"name":"idx","type":"long","format":"%d","description":"idx"}],"rowcount":18,"data":[["max f1","max f2","max f0point5","max accuracy","max precision","max recall","max specificity","max absolute_mcc","max min_per_class_accuracy","max mean_per_class_accuracy","max tns","max fns","max fps","max tps","max tnr","max fnr","max fpr","max tpr"],[0.34345903992652893,0.34345903992652893,0.8542953729629517,0.34345903992652893,0.9999823570251465,0.34345903992652893,0.9999823570251465,0.8542953729629517,0.9537554383277893,0.9537554383277893,0.9999823570251465,0.9999823570251465,0.015405366197228432,0.34345903992652893,0.9999823570251465,0.9999823570251465,0.015405366197228432,0.34345903992652893],[0.9997956728040502,0.9999182591004867,0.9997729233843499,0.9995916700694161,1.0,1.0,1.0,0.7725001961116226,0.9974567419047187,0.9987283709523593,22.0,4233.0,22.0,22019.0,1.0,0.19224306280939188,1.0,1.0],[6,6,5,6,0,6,0,5,4,4,0,0,8,6,0,0,8,6]]},"gains_lift_table":{"__meta":{"schema_version":3,"schema_name":"TwoDimTableV3","schema_type":"TwoDimTable"},"name":"Gains/Lift Table","description":"Avg response rate: 99.90 %, avg score: 99.87 %","columns":[{"__meta":{"schema_version":-1,"schema_name":"ColumnSpecsBase","schema_type":"Iced"},"name":"group","type":"int","format":"%d","description":"Group"},{"__meta":{"schema_version":-1,"schema_name":"ColumnSpecsBase","schema_type":"Iced"},"name":"cumulative_data_fraction","type":"double","format":"%.8f","description":"Cumulative Data Fraction"},{"__meta":{"schema_version":-1,"schema_name":"ColumnSpecsBase","schema_type":"Iced"},"name":"lower_threshold","type":"double","format":"%5f","description":"Lower Threshold"},{"__meta":{"schema_version":-1,"schema_name":"ColumnSpecsBase","schema_type":"Iced"},"name":"lift","type":"double","format":"%5f","description":"Lift"},{"__meta":{"schema_version":-1,"schema_name":"ColumnSpecsBase","schema_type":"Iced"},"name":"cumulative_lift","type":"double","format":"%5f","description":"Cumulative Lift"},{"__meta":{"schema_version":-1,"schema_name":"ColumnSpecsBase","schema_type":"Iced"},"name":"response_rate","type":"double","format":"%5f","description":"Response Rate"},{"__meta":{"schema_version":-1,"schema_name":"ColumnSpecsBase","schema_type":"Iced"},"name":"score","type":"double","format":"%5f","description":"Score"},{"__meta":{"schema_version":-1,"schema_name":"ColumnSpecsBase","schema_type":"Iced"},"name":"cumulative_response_rate","type":"double","format":"%5f","description":"Cumulative Response Rate"},{"__meta":{"schema_version":-1,"schema_name":"ColumnSpecsBase","schema_type":"Iced"},"name":"cumulative_score","type":"double","format":"%5f","description":"Cumulative Score"},{"__meta":{"schema_version":-1,"schema_name":"ColumnSpecsBase","schema_type":"Iced"},"name":"capture_rate","type":"double","format":"%5f","description":"Capture Rate"},{"__meta":{"schema_version":-1,"schema_name":"ColumnSpecsBase","schema_type":"Iced"},"name":"cumulative_capture_rate","type":"double","format":"%5f","description":"Cumulative Capture Rate"},{"__meta":{"schema_version":-1,"schema_name":"ColumnSpecsBase","schema_type":"Iced"},"name":"gain","type":"double","format":"%5f","description":"Gain"},{"__meta":{"schema_version":-1,"schema_name":"ColumnSpecsBase","schema_type":"Iced"},"name":"cumulative_gain","type":"double","format":"%5f","description":"Cumulative Gain"},{"__meta":{"schema_version":-1,"schema_name":"ColumnSpecsBase","schema_type":"Iced"},"name":"kolmogorov_smirnov","type":"double","format":"%5f","description":"Kolmogorov Smirnov"}],"rowcount":3,"data":[[1,2,3],[0.8069506828183839,0.9224173131890567,1.0],[0.9999823570251465,0.9999812841415405,0.015405366197228432],[1.0009991371088605,1.0009991371088605,0.9881207856372847],[1.0009991371088605,1.0009991371088605,1.0],[1.0,1.0,0.9871345029239766],[0.9999823570251465,0.9999812841415405,0.9838145004868595],[1.0,1.0,0.9990018601696837],[0.9999823570251465,0.9999822227234015,0.9987278873926776],[0.8077569371906081,0.11558199736591127,0.07666106544348063],[0.8077569371906081,0.9233389345565194,1.0],[0.09991371088604595,0.09991371088604595,-1.187921436271533],[0.09991371088604595,0.09991371088604595,0.0],[0.8077569371906081,0.9233389345565194,0.0]]}},"cross_validation_metrics":null,"cross_validation_metrics_summary":null,"status":null,"start_time":1600762465520,"end_time":1600762468148,"run_time":2628,"default_threshold":0.34345903992652893,"help":{"domains":"Domains for categorical columns", "__meta":"Metadata on this schema instance, to make it self-describing.", "help":"Help information for output fields", "training_metrics":"Training data model metrics", "cross_validation_models":"Cross-validation models (model ids)", "cross_validation_predictions":"Cross-validation predictions, one per cv model (deprecated, use cross_validation_holdout_predictions_frame_id instead)", "cross_validation_metrics_summary":"Cross-validation model metrics summary", "variable_importances_frequency":"Variable Importances - Frequency", "status":"Job status", "reproducibility_information_table":"Model reproducibility information", "variable_importances":"Variable Importances", "model_summary":"Model summary", "variable_importances_cover":"Variable Importances - Cover", "end_time":"End time in milliseconds", "names":"Column names", "cross_validation_fold_assignment_frame_id":"Cross-validation fold assignment (each row is assigned to one holdout fold)", "sparse":"Sparse", "run_time":"Runtime in milliseconds", "default_threshold":"Default threshold used for predictions", "scoring_history":"Scoring history", "cross_validation_holdout_predictions_frame_id":"Cross-validation holdout predictions (full out-of-sample predictions on training data)", "model_category":"Category of the model (e.g., Binomial)", "native_parameters":"XGBoost Native Parameters", "column_types":"Column types", "original_names":"Original column names", "start_time":"Start time in milliseconds", "cross_validation_metrics":"Cross-validation model metrics", "validation_metrics":"Validation data model metrics"},"variable_importances":{"__meta":{"schema_version":3,"schema_name":"TwoDimTableV3","schema_type":"TwoDimTable"},"name":"Variable Importances","description":"","columns":[{"__meta":{"schema_version":-1,"schema_name":"ColumnSpecsBase","schema_type":"Iced"},"name":"variable","type":"string","format":"%s","description":"Variable"},{"__meta":{"schema_version":-1,"schema_name":"ColumnSpecsBase","schema_type":"Iced"},"name":"relative_importance","type":"double","format":"%5f","description":"Relative Importance"},{"__meta":{"schema_version":-1,"schema_name":"ColumnSpecsBase","schema_type":"Iced"},"name":"scaled_importance","type":"double","format":"%5f","description":"Scaled Importance"},{"__meta":{"schema_version":-1,"schema_name":"ColumnSpecsBase","schema_type":"Iced"},"name":"percentage","type":"double","format":"%5f","description":"Percentage"}],"rowcount":4,"data":[["T_Percent","T_TeachArea","R_Percent","R_TeachArea"],[308.3570251464844,236.8635711669922,171.05715942382812,110.42853546142578],[1.0,0.7681471536264518,0.5547373514275141,0.3581190842302585],[0.3729946517031633,0.28651478002367464,0.20691406518244096,0.13357650309072108]]},"variable_importances_cover":{"__meta":{"schema_version":3,"schema_name":"TwoDimTableV3","schema_type":"TwoDimTable"},"name":"Variable Importances - Cover","description":"","columns":[{"__meta":{"schema_version":-1,"schema_name":"ColumnSpecsBase","schema_type":"Iced"},"name":"variable","type":"string","format":"%s","description":"Variable"},{"__meta":{"schema_version":-1,"schema_name":"ColumnSpecsBase","schema_type":"Iced"},"name":"relative_importance","type":"double","format":"%5f","description":"Relative Importance"},{"__meta":{"schema_version":-1,"schema_name":"ColumnSpecsBase","schema_type":"Iced"},"name":"scaled_importance","type":"double","format":"%5f","description":"Scaled Importance"},{"__meta":{"schema_version":-1,"schema_name":"ColumnSpecsBase","schema_type":"Iced"},"name":"percentage","type":"double","format":"%5f","description":"Percentage"}],"rowcount":4,"data":[["R_Percent","T_Percent","T_TeachArea","R_TeachArea"],[54921.5078125,4546.34423828125,2884.06201171875,536.1468505859375],[1.0,0.08277894069846556,0.05251243322679398,0.009762056286151557],[0.8733216927836897,0.0722926446176246,0.045860247077814185,0.008525415520871537]]},"variable_importances_frequency":{"__meta":{"schema_version":3,"schema_name":"TwoDimTableV3","schema_type":"TwoDimTable"},"name":"Variable Importances - Frequency","description":"","columns":[{"__meta":{"schema_version":-1,"schema_name":"ColumnSpecsBase","schema_type":"Iced"},"name":"variable","type":"string","format":"%s","description":"Variable"},{"__meta":{"schema_version":-1,"schema_name":"ColumnSpecsBase","schema_type":"Iced"},"name":"relative_importance","type":"double","format":"%5f","description":"Relative Importance"},{"__meta":{"schema_version":-1,"schema_name":"ColumnSpecsBase","schema_type":"Iced"},"name":"scaled_importance","type":"double","format":"%5f","description":"Scaled Importance"},{"__meta":{"schema_version":-1,"schema_name":"ColumnSpecsBase","schema_type":"Iced"},"name":"percentage","type":"double","format":"%5f","description":"Percentage"}],"rowcount":4,"data":[["R_TeachArea","R_Percent","T_TeachArea","T_Percent"],[38.0,36.0,32.0,27.0],[1.0,0.9473684210526315,0.8421052631578947,0.7105263157894737],[0.2857142857142857,0.2706766917293233,0.24060150375939848,0.20300751879699247]]},"native_parameters":{"__meta":{"schema_version":3,"schema_name":"TwoDimTableV3","schema_type":"TwoDimTable"},"name":"Native XGBoost Parameters","description":"","columns":[{"__meta":{"schema_version":-1,"schema_name":"ColumnSpecsBase","schema_type":"Iced"},"name":"","type":"string","format":"%s","description":""},{"__meta":{"schema_version":-1,"schema_name":"ColumnSpecsBase","schema_type":"Iced"},"name":"name","type":"string","format":"%s","description":"Name"},{"__meta":{"schema_version":-1,"schema_name":"ColumnSpecsBase","schema_type":"Iced"},"name":"value","type":"string","format":"%s","description":"Value"}],"rowcount":25,"data":[["","","","","","","","","","","","","","","","","","","","","","","","",""],["updater","normalize_type","eta","objective","silent","nthread","seed","colsample_bylevel","rate_drop","max_bin","one_drop","sample_type","max_depth","lambda","colsample_bytree","gamma","gpu_id","alpha","booster","grow_policy","skip_drop","nround","max_delta_step","subsample","min_child_weight"],["grow_gpu_hist","tree",0.3,"binary:logistic",true,12,12345,1.0,0.0,256,"0","uniform",6,1.0,1.0,0.0,0,0.0,"dart","depthwise",0.0,50,0.0,1.0,1.0]]},"sparse":false},"compatible_frames":null}
