{"__meta":{"schema_version":3,"schema_name":"XGBoostModelV3","schema_type":"XGBoostModel"},"model_id":{"__meta":{"schema_version":3,"schema_name":"ModelKeyV3","schema_type":"Key<Model>"},"name":"XGBoost_model_python_1600413013957_100","type":"Key<Model>","URL":"/3/Models/XGBoost_model_python_1600413013957_100"},"algo":"xgboost","algo_full_name":"XGBoost","response_column_name":"algo_leadsidesolder_class","data_frame":{"__meta":{"schema_version":3,"schema_name":"FrameKeyV3","schema_type":"Key<Frame>"},"name":"py_3_sid_a8c6","type":"Key<Frame>","URL":"/3/Frames/py_3_sid_a8c6"},"timestamp":1600413984842,"have_pojo":true,"have_mojo":true,"algo":"xgboost","algo_full_name":"XGBoost","model_id":{"__meta":{"schema_version":3,"schema_name":"ModelKeyV3","schema_type":"Key<Model>"},"name":"XGBoost_model_python_1600413013957_100","type":"Key<Model>","URL":"/3/Models/XGBoost_model_python_1600413013957_100"},"parameters":[{"__meta":{"schema_version":3,"schema_name":"ModelParameterSchemaV3","schema_type":"Iced"},"name":"model_id","label":"model_id","help":"Destination id for this model; auto-generated if not specified.","required":false,"type":"Key<Model>","default_value":null,"actual_value":{"__meta":{"schema_version":3,"schema_name":"ModelKeyV3","schema_type":"Key<Model>"},"name":"XGBoost_model_python_1600413013957_100","type":"Key<Model>","URL":"/3/Models/XGBoost_model_python_1600413013957_100"},"input_value":null,"level":"critical","values":[],"is_member_of_frames":[],"is_mutually_exclusive_with":[],"gridable":false},{"__meta":{"schema_version":3,"schema_name":"ModelParameterSchemaV3","schema_type":"Iced"},"name":"training_frame","label":"training_frame","help":"Id of the training data frame.","required":false,"type":"Key<Frame>","default_value":null,"actual_value":{"__meta":{"schema_version":3,"schema_name":"FrameKeyV3","schema_type":"Key<Frame>"},"name":"py_3_sid_a8c6","type":"Key<Frame>","URL":"/3/Frames/py_3_sid_a8c6"},"input_value":{"__meta":{"schema_version":3,"schema_name":"FrameKeyV3","schema_type":"Key<Frame>"},"name":"py_3_sid_a8c6","type":"Key<Frame>","URL":"/3/Frames/py_3_sid_a8c6"},"level":"critical","values":[],"is_member_of_frames":[],"is_mutually_exclusive_with":[],"gridable":false},{"__meta":{"schema_version":3,"schema_name":"ModelParameterSchemaV3","schema_type":"Iced"},"name":"validation_frame","label":"validation_frame","help":"Id of the validation data frame.","required":false,"type":"Key<Frame>","default_value":null,"actual_value":{"__meta":{"schema_version":3,"schema_name":"FrameKeyV3","schema_type":"Key<Frame>"},"name":"py_4_sid_a8c6","type":"Key<Frame>","URL":"/3/Frames/py_4_sid_a8c6"},"input_value":{"__meta":{"schema_version":3,"schema_name":"FrameKeyV3","schema_type":"Key<Frame>"},"name":"py_4_sid_a8c6","type":"Key<Frame>","URL":"/3/Frames/py_4_sid_a8c6"},"level":"critical","values":[],"is_member_of_frames":[],"is_mutually_exclusive_with":[],"gridable":true},{"__meta":{"schema_version":3,"schema_name":"ModelParameterSchemaV3","schema_type":"Iced"},"name":"nfolds","label":"nfolds","help":"Number of folds for K-fold cross-validation (0 to disable or >= 2).","required":false,"type":"int","default_value":0,"actual_value":0,"input_value":0,"level":"critical","values":[],"is_member_of_frames":[],"is_mutually_exclusive_with":[],"gridable":false},{"__meta":{"schema_version":3,"schema_name":"ModelParameterSchemaV3","schema_type":"Iced"},"name":"keep_cross_validation_models","label":"keep_cross_validation_models","help":"Whether to keep the cross-validation models.","required":false,"type":"boolean","default_value":true,"actual_value":true,"input_value":true,"level":"expert","values":[],"is_member_of_frames":[],"is_mutually_exclusive_with":[],"gridable":false},{"__meta":{"schema_version":3,"schema_name":"ModelParameterSchemaV3","schema_type":"Iced"},"name":"keep_cross_validation_predictions","label":"keep_cross_validation_predictions","help":"Whether to keep the predictions of the cross-validation models.","required":false,"type":"boolean","default_value":false,"actual_value":false,"input_value":false,"level":"expert","values":[],"is_member_of_frames":[],"is_mutually_exclusive_with":[],"gridable":false},{"__meta":{"schema_version":3,"schema_name":"ModelParameterSchemaV3","schema_type":"Iced"},"name":"keep_cross_validation_fold_assignment","label":"keep_cross_validation_fold_assignment","help":"Whether to keep the cross-validation fold assignment.","required":false,"type":"boolean","default_value":false,"actual_value":false,"input_value":false,"level":"expert","values":[],"is_member_of_frames":[],"is_mutually_exclusive_with":[],"gridable":false},{"__meta":{"schema_version":3,"schema_name":"ModelParameterSchemaV3","schema_type":"Iced"},"name":"score_each_iteration","label":"score_each_iteration","help":"Whether to score during each iteration of model training.","required":false,"type":"boolean","default_value":false,"actual_value":false,"input_value":false,"level":"secondary","values":[],"is_member_of_frames":[],"is_mutually_exclusive_with":[],"gridable":false},{"__meta":{"schema_version":3,"schema_name":"ModelParameterSchemaV3","schema_type":"Iced"},"name":"fold_assignment","label":"fold_assignment","help":"Cross-validation fold assignment scheme, if fold_column is not specified. The 'Stratified' option will stratify the folds based on the response variable, for classification problems.","required":false,"type":"enum","default_value":"AUTO","actual_value":null,"input_value":"AUTO","level":"secondary","values":["AUTO","Random","Modulo","Stratified"],"is_member_of_frames":[],"is_mutually_exclusive_with":[],"gridable":true},{"__meta":{"schema_version":3,"schema_name":"ModelParameterSchemaV3","schema_type":"Iced"},"name":"fold_column","label":"fold_column","help":"Column with cross-validation fold index assignment per observation.","required":false,"type":"VecSpecifier","default_value":null,"actual_value":null,"input_value":null,"level":"secondary","values":[],"is_member_of_frames":["training_frame"],"is_mutually_exclusive_with":["response_column","weights_column","ignored_columns","offset_column"],"gridable":true},{"__meta":{"schema_version":3,"schema_name":"ModelParameterSchemaV3","schema_type":"Iced"},"name":"response_column","label":"response_column","help":"Response variable column.","required":false,"type":"VecSpecifier","default_value":null,"actual_value":{"__meta":{"schema_version":3,"schema_name":"ColSpecifierV3","schema_type":"VecSpecifier"},"column_name":"algo_leadsidesolder_class","is_member_of_frames":null},"input_value":{"__meta":{"schema_version":3,"schema_name":"ColSpecifierV3","schema_type":"VecSpecifier"},"column_name":"algo_leadsidesolder_class","is_member_of_frames":null},"level":"critical","values":[],"is_member_of_frames":["training_frame","validation_frame"],"is_mutually_exclusive_with":["weights_column","ignored_columns","offset_column","fold_column"],"gridable":true},{"__meta":{"schema_version":3,"schema_name":"ModelParameterSchemaV3","schema_type":"Iced"},"name":"ignored_columns","label":"ignored_columns","help":"Names of columns to ignore for training.","required":false,"type":"string[]","default_value":null,"actual_value":["insp_st_time"],"input_value":["insp_st_time"],"level":"critical","values":[],"is_member_of_frames":["training_frame","validation_frame"],"is_mutually_exclusive_with":["response_column","weights_column","offset_column","fold_column"],"gridable":false},{"__meta":{"schema_version":3,"schema_name":"ModelParameterSchemaV3","schema_type":"Iced"},"name":"ignore_const_cols","label":"ignore_const_cols","help":"Ignore constant columns.","required":false,"type":"boolean","default_value":true,"actual_value":true,"input_value":true,"level":"critical","values":[],"is_member_of_frames":[],"is_mutually_exclusive_with":[],"gridable":false},{"__meta":{"schema_version":3,"schema_name":"ModelParameterSchemaV3","schema_type":"Iced"},"name":"offset_column","label":"offset_column","help":"Offset column. This will be added to the combination of columns before applying the link function.","required":false,"type":"VecSpecifier","default_value":null,"actual_value":null,"input_value":null,"level":"secondary","values":[],"is_member_of_frames":["training_frame","validation_frame"],"is_mutually_exclusive_with":["response_column","weights_column","ignored_columns","fold_column"],"gridable":true},{"__meta":{"schema_version":3,"schema_name":"ModelParameterSchemaV3","schema_type":"Iced"},"name":"weights_column","label":"weights_column","help":"Column with observation weights. Giving some observation a weight of zero is equivalent to excluding it from the dataset; giving an observation a relative weight of 2 is equivalent to repeating that row twice. Negative weights are not allowed. Note: Weights are per-row observation weights and do not increase the size of the data frame. This is typically the number of times a row is repeated, but non-integer values are supported as well. During training, rows with higher weights matter more, due to the larger loss function pre-factor.","required":false,"type":"VecSpecifier","default_value":null,"actual_value":null,"input_value":null,"level":"secondary","values":[],"is_member_of_frames":["training_frame","validation_frame"],"is_mutually_exclusive_with":["response_column","ignored_columns","offset_column","fold_column"],"gridable":true},{"__meta":{"schema_version":3,"schema_name":"ModelParameterSchemaV3","schema_type":"Iced"},"name":"stopping_rounds","label":"stopping_rounds","help":"Early stopping based on convergence of stopping_metric. Stop if simple moving average of length k of the stopping_metric does not improve for k:=stopping_rounds scoring events (0 to disable)","required":false,"type":"int","default_value":0,"actual_value":0,"input_value":0,"level":"secondary","values":[],"is_member_of_frames":[],"is_mutually_exclusive_with":[],"gridable":true},{"__meta":{"schema_version":3,"schema_name":"ModelParameterSchemaV3","schema_type":"Iced"},"name":"stopping_metric","label":"stopping_metric","help":"Metric to use for early stopping (AUTO: logloss for classification, deviance for regression and anonomaly_score for Isolation Forest). Note that custom and custom_increasing can only be used in GBM and DRF with the Python client.","required":false,"type":"enum","default_value":"AUTO","actual_value":null,"input_value":"AUTO","level":"secondary","values":["AUTO","deviance","logloss","MSE","RMSE","MAE","RMSLE","AUC","AUCPR","lift_top_group","misclassification","mean_per_class_error","anomaly_score","custom","custom_increasing"],"is_member_of_frames":[],"is_mutually_exclusive_with":[],"gridable":true},{"__meta":{"schema_version":3,"schema_name":"ModelParameterSchemaV3","schema_type":"Iced"},"name":"stopping_tolerance","label":"stopping_tolerance","help":"Relative tolerance for metric-based stopping criterion (stop if relative improvement is not at least this much)","required":false,"type":"double","default_value":0.001,"actual_value":0.001,"input_value":0.001,"level":"secondary","values":[],"is_member_of_frames":[],"is_mutually_exclusive_with":[],"gridable":true},{"__meta":{"schema_version":3,"schema_name":"ModelParameterSchemaV3","schema_type":"Iced"},"name":"max_runtime_secs","label":"max_runtime_secs","help":"Maximum allowed runtime in seconds for model training. Use 0 to disable.","required":false,"type":"double","default_value":0.0,"actual_value":0.0,"input_value":0.0,"level":"secondary","values":[],"is_member_of_frames":[],"is_mutually_exclusive_with":[],"gridable":true},{"__meta":{"schema_version":3,"schema_name":"ModelParameterSchemaV3","schema_type":"Iced"},"name":"seed","label":"seed","help":"Seed for pseudo random number generator (if applicable)","required":false,"type":"long","default_value":-1,"actual_value":12345,"input_value":12345,"level":"critical","values":[],"is_member_of_frames":[],"is_mutually_exclusive_with":[],"gridable":true},{"__meta":{"schema_version":3,"schema_name":"ModelParameterSchemaV3","schema_type":"Iced"},"name":"distribution","label":"distribution","help":"Distribution function","required":false,"type":"enum","default_value":"AUTO","actual_value":"bernoulli","input_value":"AUTO","level":"secondary","values":["AUTO","bernoulli","quasibinomial","ordinal","multinomial","gaussian","poisson","gamma","tweedie","laplace","quantile","huber","custom"],"is_member_of_frames":[],"is_mutually_exclusive_with":[],"gridable":true},{"__meta":{"schema_version":3,"schema_name":"ModelParameterSchemaV3","schema_type":"Iced"},"name":"tweedie_power","label":"tweedie_power","help":"Tweedie power for Tweedie regression, must be between 1 and 2.","required":false,"type":"double","default_value":1.5,"actual_value":1.5,"input_value":1.5,"level":"secondary","values":[],"is_member_of_frames":[],"is_mutually_exclusive_with":[],"gridable":true},{"__meta":{"schema_version":3,"schema_name":"ModelParameterSchemaV3","schema_type":"Iced"},"name":"categorical_encoding","label":"categorical_encoding","help":"Encoding scheme for categorical features","required":false,"type":"enum","default_value":"AUTO","actual_value":"OneHotInternal","input_value":"AUTO","level":"secondary","values":["AUTO","Enum","OneHotInternal","OneHotExplicit","Binary","Eigen","LabelEncoder","SortByResponse","EnumLimited"],"is_member_of_frames":[],"is_mutually_exclusive_with":[],"gridable":true},{"__meta":{"schema_version":3,"schema_name":"ModelParameterSchemaV3","schema_type":"Iced"},"name":"quiet_mode","label":"quiet_mode","help":"Enable quiet mode","required":false,"type":"boolean","default_value":true,"actual_value":true,"input_value":true,"level":"expert","values":[],"is_member_of_frames":[],"is_mutually_exclusive_with":[],"gridable":false},{"__meta":{"schema_version":3,"schema_name":"ModelParameterSchemaV3","schema_type":"Iced"},"name":"checkpoint","label":"checkpoint","help":"Model checkpoint to resume training with.","required":false,"type":"Key<Model>","default_value":null,"actual_value":null,"input_value":null,"level":"secondary","values":[],"is_member_of_frames":[],"is_mutually_exclusive_with":[],"gridable":false},{"__meta":{"schema_version":3,"schema_name":"ModelParameterSchemaV3","schema_type":"Iced"},"name":"export_checkpoints_dir","label":"export_checkpoints_dir","help":"Automatically export generated models to this directory.","required":false,"type":"string","default_value":null,"actual_value":null,"input_value":null,"level":"secondary","values":[],"is_member_of_frames":[],"is_mutually_exclusive_with":[],"gridable":false},{"__meta":{"schema_version":3,"schema_name":"ModelParameterSchemaV3","schema_type":"Iced"},"name":"ntrees","label":"ntrees","help":"(same as n_estimators) Number of trees.","required":false,"type":"int","default_value":50,"actual_value":50,"input_value":50,"level":"critical","values":[],"is_member_of_frames":[],"is_mutually_exclusive_with":[],"gridable":true},{"__meta":{"schema_version":3,"schema_name":"ModelParameterSchemaV3","schema_type":"Iced"},"name":"max_depth","label":"max_depth","help":"Maximum tree depth (0 for unlimited).","required":false,"type":"int","default_value":6,"actual_value":6,"input_value":6,"level":"critical","values":[],"is_member_of_frames":[],"is_mutually_exclusive_with":[],"gridable":true},{"__meta":{"schema_version":3,"schema_name":"ModelParameterSchemaV3","schema_type":"Iced"},"name":"min_rows","label":"min_rows","help":"(same as min_child_weight) Fewest allowed (weighted) observations in a leaf.","required":false,"type":"double","default_value":1.0,"actual_value":1.0,"input_value":1.0,"level":"critical","values":[],"is_member_of_frames":[],"is_mutually_exclusive_with":[],"gridable":true},{"__meta":{"schema_version":3,"schema_name":"ModelParameterSchemaV3","schema_type":"Iced"},"name":"min_child_weight","label":"min_child_weight","help":"(same as min_rows) Fewest allowed (weighted) observations in a leaf.","required":false,"type":"double","default_value":1.0,"actual_value":1.0,"input_value":1.0,"level":"critical","values":[],"is_member_of_frames":[],"is_mutually_exclusive_with":[],"gridable":true},{"__meta":{"schema_version":3,"schema_name":"ModelParameterSchemaV3","schema_type":"Iced"},"name":"learn_rate","label":"learn_rate","help":"(same as eta) Learning rate (from 0.0 to 1.0)","required":false,"type":"double","default_value":0.3,"actual_value":0.3,"input_value":0.3,"level":"critical","values":[],"is_member_of_frames":[],"is_mutually_exclusive_with":[],"gridable":true},{"__meta":{"schema_version":3,"schema_name":"ModelParameterSchemaV3","schema_type":"Iced"},"name":"eta","label":"eta","help":"(same as learn_rate) Learning rate (from 0.0 to 1.0)","required":false,"type":"double","default_value":0.3,"actual_value":0.3,"input_value":0.3,"level":"critical","values":[],"is_member_of_frames":[],"is_mutually_exclusive_with":[],"gridable":true},{"__meta":{"schema_version":3,"schema_name":"ModelParameterSchemaV3","schema_type":"Iced"},"name":"sample_rate","label":"sample_rate","help":"(same as subsample) Row sample rate per tree (from 0.0 to 1.0)","required":false,"type":"double","default_value":1.0,"actual_value":1.0,"input_value":1.0,"level":"critical","values":[],"is_member_of_frames":[],"is_mutually_exclusive_with":[],"gridable":true},{"__meta":{"schema_version":3,"schema_name":"ModelParameterSchemaV3","schema_type":"Iced"},"name":"subsample","label":"subsample","help":"(same as sample_rate) Row sample rate per tree (from 0.0 to 1.0)","required":false,"type":"double","default_value":1.0,"actual_value":1.0,"input_value":1.0,"level":"critical","values":[],"is_member_of_frames":[],"is_mutually_exclusive_with":[],"gridable":true},{"__meta":{"schema_version":3,"schema_name":"ModelParameterSchemaV3","schema_type":"Iced"},"name":"col_sample_rate","label":"col_sample_rate","help":"(same as colsample_bylevel) Column sample rate (from 0.0 to 1.0)","required":false,"type":"double","default_value":1.0,"actual_value":1.0,"input_value":1.0,"level":"critical","values":[],"is_member_of_frames":[],"is_mutually_exclusive_with":[],"gridable":true},{"__meta":{"schema_version":3,"schema_name":"ModelParameterSchemaV3","schema_type":"Iced"},"name":"colsample_bylevel","label":"colsample_bylevel","help":"(same as col_sample_rate) Column sample rate (from 0.0 to 1.0)","required":false,"type":"double","default_value":1.0,"actual_value":1.0,"input_value":1.0,"level":"critical","values":[],"is_member_of_frames":[],"is_mutually_exclusive_with":[],"gridable":true},{"__meta":{"schema_version":3,"schema_name":"ModelParameterSchemaV3","schema_type":"Iced"},"name":"col_sample_rate_per_tree","label":"col_sample_rate_per_tree","help":"(same as colsample_bytree) Column sample rate per tree (from 0.0 to 1.0)","required":false,"type":"double","default_value":1.0,"actual_value":1.0,"input_value":1.0,"level":"secondary","values":[],"is_member_of_frames":[],"is_mutually_exclusive_with":[],"gridable":true},{"__meta":{"schema_version":3,"schema_name":"ModelParameterSchemaV3","schema_type":"Iced"},"name":"colsample_bytree","label":"colsample_bytree","help":"(same as col_sample_rate_per_tree) Column sample rate per tree (from 0.0 to 1.0)","required":false,"type":"double","default_value":1.0,"actual_value":1.0,"input_value":1.0,"level":"secondary","values":[],"is_member_of_frames":[],"is_mutually_exclusive_with":[],"gridable":true},{"__meta":{"schema_version":3,"schema_name":"ModelParameterSchemaV3","schema_type":"Iced"},"name":"colsample_bynode","label":"colsample_bynode","help":"Column sample rate per tree node (from 0.0 to 1.0)","required":false,"type":"double","default_value":1.0,"actual_value":1.0,"input_value":1.0,"level":"secondary","values":[],"is_member_of_frames":[],"is_mutually_exclusive_with":[],"gridable":true},{"__meta":{"schema_version":3,"schema_name":"ModelParameterSchemaV3","schema_type":"Iced"},"name":"max_abs_leafnode_pred","label":"max_abs_leafnode_pred","help":"(same as max_delta_step) Maximum absolute value of a leaf node prediction","required":false,"type":"float","default_value":0.0,"actual_value":0.0,"input_value":0.0,"level":"expert","values":[],"is_member_of_frames":[],"is_mutually_exclusive_with":[],"gridable":true},{"__meta":{"schema_version":3,"schema_name":"ModelParameterSchemaV3","schema_type":"Iced"},"name":"max_delta_step","label":"max_delta_step","help":"(same as max_abs_leafnode_pred) Maximum absolute value of a leaf node prediction","required":false,"type":"float","default_value":0.0,"actual_value":0.0,"input_value":0.0,"level":"expert","values":[],"is_member_of_frames":[],"is_mutually_exclusive_with":[],"gridable":true},{"__meta":{"schema_version":3,"schema_name":"ModelParameterSchemaV3","schema_type":"Iced"},"name":"monotone_constraints","label":"monotone_constraints","help":"A mapping representing monotonic constraints. Use +1 to enforce an increasing constraint and -1 to specify a decreasing constraint.","required":false,"type":"KeyValue[]","default_value":null,"actual_value":null,"input_value":null,"level":"secondary","values":[],"is_member_of_frames":[],"is_mutually_exclusive_with":[],"gridable":false},{"__meta":{"schema_version":3,"schema_name":"ModelParameterSchemaV3","schema_type":"Iced"},"name":"score_tree_interval","label":"score_tree_interval","help":"Score the model after every so many trees. Disabled if set to 0.","required":false,"type":"int","default_value":0,"actual_value":0,"input_value":0,"level":"secondary","values":[],"is_member_of_frames":[],"is_mutually_exclusive_with":[],"gridable":false},{"__meta":{"schema_version":3,"schema_name":"ModelParameterSchemaV3","schema_type":"Iced"},"name":"min_split_improvement","label":"min_split_improvement","help":"(same as gamma) Minimum relative improvement in squared error reduction for a split to happen","required":false,"type":"float","default_value":0.0,"actual_value":0.0,"input_value":0.0,"level":"secondary","values":[],"is_member_of_frames":[],"is_mutually_exclusive_with":[],"gridable":true},{"__meta":{"schema_version":3,"schema_name":"ModelParameterSchemaV3","schema_type":"Iced"},"name":"gamma","label":"gamma","help":"(same as min_split_improvement) Minimum relative improvement in squared error reduction for a split to happen","required":false,"type":"float","default_value":0.0,"actual_value":0.0,"input_value":0.0,"level":"secondary","values":[],"is_member_of_frames":[],"is_mutually_exclusive_with":[],"gridable":true},{"__meta":{"schema_version":3,"schema_name":"ModelParameterSchemaV3","schema_type":"Iced"},"name":"nthread","label":"nthread","help":"Number of parallel threads that can be used to run XGBoost. Cannot exceed H2O cluster limits (-nthreads parameter). Defaults to maximum available","required":false,"type":"int","default_value":-1,"actual_value":-1,"input_value":-1,"level":"expert","values":[],"is_member_of_frames":[],"is_mutually_exclusive_with":[],"gridable":false},{"__meta":{"schema_version":3,"schema_name":"ModelParameterSchemaV3","schema_type":"Iced"},"name":"save_matrix_directory","label":"save_matrix_directory","help":"Directory where to save matrices passed to XGBoost library. Useful for debugging.","required":false,"type":"string","default_value":null,"actual_value":null,"input_value":null,"level":"expert","values":[],"is_member_of_frames":[],"is_mutually_exclusive_with":[],"gridable":false},{"__meta":{"schema_version":3,"schema_name":"ModelParameterSchemaV3","schema_type":"Iced"},"name":"build_tree_one_node","label":"build_tree_one_node","help":"Run on one node only; no network overhead but fewer cpus used. Suitable for small datasets.","required":false,"type":"boolean","default_value":false,"actual_value":false,"input_value":false,"level":"expert","values":[],"is_member_of_frames":[],"is_mutually_exclusive_with":[],"gridable":false},{"__meta":{"schema_version":3,"schema_name":"ModelParameterSchemaV3","schema_type":"Iced"},"name":"calibrate_model","label":"calibrate_model","help":"Use Platt Scaling to calculate calibrated class probabilities. Calibration can provide more accurate estimates of class probabilities.","required":false,"type":"boolean","default_value":false,"actual_value":false,"input_value":false,"level":"expert","values":[],"is_member_of_frames":[],"is_mutually_exclusive_with":[],"gridable":false},{"__meta":{"schema_version":3,"schema_name":"ModelParameterSchemaV3","schema_type":"Iced"},"name":"calibration_frame","label":"calibration_frame","help":"Calibration frame for Platt Scaling","required":false,"type":"Key<Frame>","default_value":null,"actual_value":null,"input_value":null,"level":"expert","values":[],"is_member_of_frames":[],"is_mutually_exclusive_with":[],"gridable":false},{"__meta":{"schema_version":3,"schema_name":"ModelParameterSchemaV3","schema_type":"Iced"},"name":"max_bins","label":"max_bins","help":"For tree_method=hist only: maximum number of bins","required":false,"type":"int","default_value":256,"actual_value":256,"input_value":256,"level":"expert","values":[],"is_member_of_frames":[],"is_mutually_exclusive_with":[],"gridable":true},{"__meta":{"schema_version":3,"schema_name":"ModelParameterSchemaV3","schema_type":"Iced"},"name":"max_leaves","label":"max_leaves","help":"For tree_method=hist only: maximum number of leaves","required":false,"type":"int","default_value":0,"actual_value":0,"input_value":0,"level":"secondary","values":[],"is_member_of_frames":[],"is_mutually_exclusive_with":[],"gridable":true},{"__meta":{"schema_version":3,"schema_name":"ModelParameterSchemaV3","schema_type":"Iced"},"name":"sample_type","label":"sample_type","help":"For booster=dart only: sample_type","required":false,"type":"enum","default_value":"uniform","actual_value":"uniform","input_value":"uniform","level":"expert","values":["uniform","weighted"],"is_member_of_frames":[],"is_mutually_exclusive_with":[],"gridable":true},{"__meta":{"schema_version":3,"schema_name":"ModelParameterSchemaV3","schema_type":"Iced"},"name":"normalize_type","label":"normalize_type","help":"For booster=dart only: normalize_type","required":false,"type":"enum","default_value":"tree","actual_value":"tree","input_value":"tree","level":"expert","values":["tree","forest"],"is_member_of_frames":[],"is_mutually_exclusive_with":[],"gridable":true},{"__meta":{"schema_version":3,"schema_name":"ModelParameterSchemaV3","schema_type":"Iced"},"name":"rate_drop","label":"rate_drop","help":"For booster=dart only: rate_drop (0..1)","required":false,"type":"float","default_value":0.0,"actual_value":0.0,"input_value":0.0,"level":"expert","values":[],"is_member_of_frames":[],"is_mutually_exclusive_with":[],"gridable":true},{"__meta":{"schema_version":3,"schema_name":"ModelParameterSchemaV3","schema_type":"Iced"},"name":"one_drop","label":"one_drop","help":"For booster=dart only: one_drop","required":false,"type":"boolean","default_value":false,"actual_value":false,"input_value":false,"level":"expert","values":[],"is_member_of_frames":[],"is_mutually_exclusive_with":[],"gridable":true},{"__meta":{"schema_version":3,"schema_name":"ModelParameterSchemaV3","schema_type":"Iced"},"name":"skip_drop","label":"skip_drop","help":"For booster=dart only: skip_drop (0..1)","required":false,"type":"float","default_value":0.0,"actual_value":0.0,"input_value":0.0,"level":"expert","values":[],"is_member_of_frames":[],"is_mutually_exclusive_with":[],"gridable":true},{"__meta":{"schema_version":3,"schema_name":"ModelParameterSchemaV3","schema_type":"Iced"},"name":"tree_method","label":"tree_method","help":"Tree method","required":false,"type":"enum","default_value":"auto","actual_value":"hist","input_value":"auto","level":"secondary","values":["auto","exact","approx","hist"],"is_member_of_frames":[],"is_mutually_exclusive_with":[],"gridable":true},{"__meta":{"schema_version":3,"schema_name":"ModelParameterSchemaV3","schema_type":"Iced"},"name":"grow_policy","label":"grow_policy","help":"Grow policy - depthwise is standard GBM, lossguide is LightGBM","required":false,"type":"enum","default_value":"depthwise","actual_value":"depthwise","input_value":"depthwise","level":"secondary","values":["depthwise","lossguide"],"is_member_of_frames":[],"is_mutually_exclusive_with":[],"gridable":true},{"__meta":{"schema_version":3,"schema_name":"ModelParameterSchemaV3","schema_type":"Iced"},"name":"booster","label":"booster","help":"Booster type","required":false,"type":"enum","default_value":"gbtree","actual_value":"dart","input_value":"dart","level":"expert","values":["gbtree","gblinear","dart"],"is_member_of_frames":[],"is_mutually_exclusive_with":[],"gridable":true},{"__meta":{"schema_version":3,"schema_name":"ModelParameterSchemaV3","schema_type":"Iced"},"name":"reg_lambda","label":"reg_lambda","help":"L2 regularization","required":false,"type":"float","default_value":1.0,"actual_value":1.0,"input_value":1.0,"level":"expert","values":[],"is_member_of_frames":[],"is_mutually_exclusive_with":[],"gridable":true},{"__meta":{"schema_version":3,"schema_name":"ModelParameterSchemaV3","schema_type":"Iced"},"name":"reg_alpha","label":"reg_alpha","help":"L1 regularization","required":false,"type":"float","default_value":0.0,"actual_value":0.0,"input_value":0.0,"level":"expert","values":[],"is_member_of_frames":[],"is_mutually_exclusive_with":[],"gridable":true},{"__meta":{"schema_version":3,"schema_name":"ModelParameterSchemaV3","schema_type":"Iced"},"name":"dmatrix_type","label":"dmatrix_type","help":"Type of DMatrix. For sparse, NAs and 0 are treated equally.","required":false,"type":"enum","default_value":"auto","actual_value":"dense","input_value":"auto","level":"secondary","values":["auto","dense","sparse"],"is_member_of_frames":[],"is_mutually_exclusive_with":[],"gridable":true},{"__meta":{"schema_version":3,"schema_name":"ModelParameterSchemaV3","schema_type":"Iced"},"name":"backend","label":"backend","help":"Backend. By default (auto), a GPU is used if available.","required":false,"type":"enum","default_value":"auto","actual_value":"gpu","input_value":"auto","level":"expert","values":["auto","gpu","cpu"],"is_member_of_frames":[],"is_mutually_exclusive_with":[],"gridable":true},{"__meta":{"schema_version":3,"schema_name":"ModelParameterSchemaV3","schema_type":"Iced"},"name":"gpu_id","label":"gpu_id","help":"Which GPU to use. ","required":false,"type":"int","default_value":0,"actual_value":0,"input_value":0,"level":"expert","values":[],"is_member_of_frames":[],"is_mutually_exclusive_with":[],"gridable":false},{"__meta":{"schema_version":3,"schema_name":"ModelParameterSchemaV3","schema_type":"Iced"},"name":"gainslift_bins","label":"gainslift_bins","help":"Gains/Lift table number of bins. 0 means disabled.. Default value -1 means automatic binning.","required":false,"type":"int","default_value":-1,"actual_value":-1,"input_value":-1,"level":"secondary","values":[],"is_member_of_frames":[],"is_mutually_exclusive_with":[],"gridable":false}],"output":{"__meta":{"schema_version":3,"schema_name":"XGBoostModelOutputV3","schema_type":"XGBoostOutput"},"names":["T_Percent","R_Percent","T_TeachArea","R_TeachArea","algo_leadsidesolder_class"],"original_names":null,"column_types":["Numeric","Numeric","Numeric","Numeric","Enum"],"domains":[null,null,null,null,["false-true","true-true"]],"cross_validation_models":null,"cross_validation_predictions":null,"cross_validation_holdout_predictions_frame_id":null,"cross_validation_fold_assignment_frame_id":null,"model_category":"Binomial","model_summary":{"__meta":{"schema_version":3,"schema_name":"TwoDimTableV3","schema_type":"TwoDimTable"},"name":"Model Summary","description":"","columns":[{"__meta":{"schema_version":-1,"schema_name":"ColumnSpecsBase","schema_type":"Iced"},"name":"","type":"string","format":"%s","description":""},{"__meta":{"schema_version":-1,"schema_name":"ColumnSpecsBase","schema_type":"Iced"},"name":"number_of_trees","type":"long","format":"%d","description":"Number of Trees"}],"rowcount":1,"data":[[""],[50]]},"scoring_history":{"__meta":{"schema_version":3,"schema_name":"TwoDimTableV3","schema_type":"TwoDimTable"},"name":"Scoring History","description":"","columns":[{"__meta":{"schema_version":-1,"schema_name":"ColumnSpecsBase","schema_type":"Iced"},"name":"","type":"string","format":"%s","description":""},{"__meta":{"schema_version":-1,"schema_name":"ColumnSpecsBase","schema_type":"Iced"},"name":"timestamp","type":"string","format":"%s","description":"Timestamp"},{"__meta":{"schema_version":-1,"schema_name":"ColumnSpecsBase","schema_type":"Iced"},"name":"duration","type":"string","format":"%s","description":"Duration"},{"__meta":{"schema_version":-1,"schema_name":"ColumnSpecsBase","schema_type":"Iced"},"name":"number_of_trees","type":"long","format":"%d","description":"Number of Trees"},{"__meta":{"schema_version":-1,"schema_name":"ColumnSpecsBase","schema_type":"Iced"},"name":"training_rmse","type":"double","format":"%.5f","description":"Training RMSE"},{"__meta":{"schema_version":-1,"schema_name":"ColumnSpecsBase","schema_type":"Iced"},"name":"training_logloss","type":"double","format":"%.5f","description":"Training LogLoss"},{"__meta":{"schema_version":-1,"schema_name":"ColumnSpecsBase","schema_type":"Iced"},"name":"training_auc","type":"double","format":"%.5f","description":"Training AUC"},{"__meta":{"schema_version":-1,"schema_name":"ColumnSpecsBase","schema_type":"Iced"},"name":"training_pr_auc","type":"double","format":"%.5f","description":"Training pr_auc"},{"__meta":{"schema_version":-1,"schema_name":"ColumnSpecsBase","schema_type":"Iced"},"name":"training_lift","type":"double","format":"%.5f","description":"Training Lift"},{"__meta":{"schema_version":-1,"schema_name":"ColumnSpecsBase","schema_type":"Iced"},"name":"training_classification_error","type":"double","format":"%.5f","description":"Training Classification Error"},{"__meta":{"schema_version":-1,"schema_name":"ColumnSpecsBase","schema_type":"Iced"},"name":"validation_rmse","type":"double","format":"%.5f","description":"Validation RMSE"},{"__meta":{"schema_version":-1,"schema_name":"ColumnSpecsBase","schema_type":"Iced"},"name":"validation_logloss","type":"double","format":"%.5f","description":"Validation LogLoss"},{"__meta":{"schema_version":-1,"schema_name":"ColumnSpecsBase","schema_type":"Iced"},"name":"validation_auc","type":"double","format":"%.5f","description":"Validation AUC"},{"__meta":{"schema_version":-1,"schema_name":"ColumnSpecsBase","schema_type":"Iced"},"name":"validation_pr_auc","type":"double","format":"%.5f","description":"Validation pr_auc"},{"__meta":{"schema_version":-1,"schema_name":"ColumnSpecsBase","schema_type":"Iced"},"name":"validation_lift","type":"double","format":"%.5f","description":"Validation Lift"},{"__meta":{"schema_version":-1,"schema_name":"ColumnSpecsBase","schema_type":"Iced"},"name":"validation_classification_error","type":"double","format":"%.5f","description":"Validation Classification Error"}],"rowcount":51,"data":[["","","","","","","","","","","","","","","","","","","","","","","","","","","","","","","","","","","","","","","","","","","","","","","","","","",""],["2020-09-18 09:26:21","2020-09-18 09:26:21","2020-09-18 09:26:21","2020-09-18 09:26:21","2020-09-18 09:26:21","2020-09-18 09:26:21","2020-09-18 09:26:21","2020-09-18 09:26:21","2020-09-18 09:26:21","2020-09-18 09:26:21","2020-09-18 09:26:21","2020-09-18 09:26:21","2020-09-18 09:26:21","2020-09-18 09:26:22","2020-09-18 09:26:22","2020-09-18 09:26:22","2020-09-18 09:26:22","2020-09-18 09:26:22","2020-09-18 09:26:22","2020-09-18 09:26:22","2020-09-18 09:26:22","2020-09-18 09:26:22","2020-09-18 09:26:22","2020-09-18 09:26:22","2020-09-18 09:26:22","2020-09-18 09:26:22","2020-09-18 09:26:22","2020-09-18 09:26:22","2020-09-18 09:26:23","2020-09-18 09:26:23","2020-09-18 09:26:23","2020-09-18 09:26:23","2020-09-18 09:26:23","2020-09-18 09:26:23","2020-09-18 09:26:23","2020-09-18 09:26:23","2020-09-18 09:26:23","2020-09-18 09:26:23","2020-09-18 09:26:23","2020-09-18 09:26:23","2020-09-18 09:26:23","2020-09-18 09:26:23","2020-09-18 09:26:24","2020-09-18 09:26:24","2020-09-18 09:26:24","2020-09-18 09:26:24","2020-09-18 09:26:24","2020-09-18 09:26:24","2020-09-18 09:26:24","2020-09-18 09:26:24","2020-09-18 09:26:24"],[" 0.019 sec"," 0.086 sec"," 0.157 sec"," 0.200 sec"," 0.247 sec"," 0.302 sec"," 0.355 sec"," 0.405 sec"," 0.456 sec"," 0.508 sec"," 0.583 sec"," 0.639 sec"," 0.690 sec"," 0.745 sec"," 0.804 sec"," 0.870 sec"," 0.923 sec"," 0.987 sec"," 1.056 sec"," 1.120 sec"," 1.188 sec"," 1.261 sec"," 1.322 sec"," 1.395 sec"," 1.461 sec"," 1.528 sec"," 1.603 sec"," 1.679 sec"," 1.745 sec"," 1.811 sec"," 1.878 sec"," 1.947 sec"," 2.017 sec"," 2.092 sec"," 2.165 sec"," 2.248 sec"," 2.321 sec"," 2.393 sec"," 2.476 sec"," 2.549 sec"," 2.629 sec"," 2.705 sec"," 2.782 sec"," 2.863 sec"," 2.940 sec"," 3.028 sec"," 3.111 sec"," 3.191 sec"," 3.273 sec"," 3.371 sec"," 3.466 sec"],[0,1,2,3,4,5,6,7,8,9,10,11,12,13,14,15,16,17,18,19,20,21,22,23,24,25,26,27,28,29,30,31,32,33,34,35,36,37,38,39,40,41,42,43,44,45,46,47,48,49,50],[0.5,0.35440893136457147,0.25652661551626094,0.18736672332714702,0.13754876556863166,0.10131125280741393,0.0748072643467633,0.05536341000172947,0.04108089034616316,0.030594258071627915,0.02291462519078017,0.017322835733222942,0.013294187068453063,0.010442263864995133,0.008476368451005502,0.007168750147589539,0.006334258526338816,0.005823436170334371,0.005367110287888514,0.00519018907269428,0.005084306486187957,0.004864680717453248,0.004824869338963908,0.004653914941081476,0.004497660431619118,0.004475619183573484,0.00407293512201424,0.0037572783961192647,0.003449253654592776,0.0034484303670280596,0.0031553551280870313,0.0028927512155759723,0.002906680714394401,0.002561869899632569,0.0025719313117187567,0.002282762692299979,0.0022619683726795166,0.0020541399054390275,0.0018966968157763634,0.001770888938375023,0.0017138699893594555,0.0015546632467167032,0.0015514317680671802,0.0014249348905438215,0.001430817317955101,0.0013904763223004557,0.0014039042248341306,0.0013636026111141075,0.0013191435735887167,0.0013358294126730673,0.0012933419409551308],[0.6931471805599944,0.4375872691670545,0.29641339863674215,0.2074527852308077,0.14793276455475005,0.10674361237669454,0.07763479417620543,0.05677670956583927,0.04168882212313476,0.03070246391595276,0.022664959384705075,0.016764797685494028,0.012423032386268325,0.009222191127029872,0.006859324720545631,0.00511326441955547,0.0038220117898453603,0.0028670933383717918,0.002166137416470176,0.0016459047669946587,0.00125496497260733,9.726951488362885E-4,7.547365257658828E-4,5.985313883611285E-4,4.79795158158273E-4,3.895059097349976E-4,3.1356849197834306E-4,2.629007823326315E-4,2.2922394565892006E-4,1.9755788475748424E-4,1.775607758155481E-4,1.6247156693258922E-4,1.4639009356935226E-4,1.3265851058569725E-4,1.2187195637002832E-4,1.1430016352606954E-4,1.0638899017660111E-4,9.791762615330416E-5,9.46103952887381E-5,9.23772783668276E-5,9.025539540100008E-5,8.536069190631998E-5,8.322539380809486E-5,7.939655909492109E-5,7.775277324781572E-5,7.707378082228567E-5,7.585707772367358E-5,7.519259793195836E-5,7.476292976135693E-5,7.358548035674866E-5,7.314788393420526E-5],[0.5,0.9999999914351423,0.9999999914351423,0.9999999914351423,0.9999999914351423,0.9999999914351423,0.9999999914351423,0.9999999914351423,0.9999999914351423,0.9999999914351423,0.9999999914351423,0.9999999914351423,0.9999999914351423,0.9999999914351423,0.9999999914351423,0.9999999914351423,0.9999999914351423,0.9999999914351423,0.999999995717571,0.999999995717571,0.999999995717571,0.999999995717571,0.999999995717571,1.0,1.0,1.0,1.0,1.0,1.0,1.0,1.0,1.0,1.0,1.0,1.0,1.0,1.0,1.0,1.0,1.0,1.0,1.0,1.0,1.0,1.0,1.0,1.0,1.0,1.0,1.0,1.0],[0.46218597063621525,0.9999999900353054,0.9999999900353054,0.9999999900353054,0.9999999900353054,0.9999999900353054,0.9999999900353054,0.9999999900353054,0.9999999900353054,0.9999999900353054,0.9999999900353054,0.9999999900353054,0.9999999900353054,0.9999999900353054,0.9999999900353054,0.9999999900353054,0.9999999900353054,0.9999999900353054,0.9999999950177112,0.9999999950177112,0.9999999950177112,0.9999999950177112,0.9999999950177112,1.0,1.0,1.0,1.0,1.0,1.0,1.0,1.0,1.0,1.0,1.0,1.0,1.0,1.0,1.0,1.0,1.0,1.0,1.0,1.0,1.0,1.0,1.0,1.0,1.0,1.0,1.0,1.0],[1.0,2.163631229704927,2.163631229704927,2.163631229704927,2.163631229704927,2.163631229704927,2.163631229704927,2.163631229704927,2.163631229704927,2.163631229704927,2.163631229704927,2.163631229704927,2.163631229704927,2.163631229704927,2.163631229704927,2.163631229704927,2.163631229704927,2.163631229704927,2.163631229704927,2.163631229704927,2.163631229704927,2.163631229704927,2.163631229704927,2.163631229704927,2.163631229704927,2.163631229704927,2.163631229704927,2.163631229704927,2.163631229704927,2.163631229704927,2.163631229704927,2.163631229704927,2.163631229704927,2.163631229704927,2.163631229704927,2.163631229704927,2.163631229704927,2.163631229704927,2.163631229704927,2.163631229704927,2.163631229704927,2.163631229704927,2.163631229704927,2.163631229704927,2.163631229704927,2.163631229704927,2.163631229704927,2.163631229704927,2.163631229704927,2.163631229704927,2.163631229704927],[0.5378140293637846,3.2626427406199024E-5,3.2626427406199024E-5,3.2626427406199024E-5,3.2626427406199024E-5,3.2626427406199024E-5,3.2626427406199024E-5,3.2626427406199024E-5,3.2626427406199024E-5,3.2626427406199024E-5,3.2626427406199024E-5,3.2626427406199024E-5,3.2626427406199024E-5,3.2626427406199024E-5,3.2626427406199024E-5,3.2626427406199024E-5,3.2626427406199024E-5,3.2626427406199024E-5,1.6313213703099512E-5,1.6313213703099512E-5,1.6313213703099512E-5,1.6313213703099512E-5,1.6313213703099512E-5,0.0,0.0,0.0,0.0,0.0,0.0,0.0,0.0,0.0,0.0,0.0,0.0,0.0,0.0,0.0,0.0,0.0,0.0,0.0,0.0,0.0,0.0,0.0,0.0,0.0,0.0,0.0,0.0],[0.5,0.36068437503137424,0.2707405609744956,0.21147488323165267,0.17338318133037567,0.15005697795428358,0.13661293575856254,0.12934743800926896,0.12567816305480076,0.12397563473791938,0.12329188973455697,0.12310656990976773,0.12314625358843907,0.1232728645427823,0.12342015183921343,0.12355881843757918,0.12367798592287102,0.12377550448807503,0.12392297935945787,0.1239758380414339,0.12401611869009724,0.12411135692512812,0.12412823255624693,0.12424759121152057,0.12429455634105865,0.12428041818607971,0.12431537843822449,0.12425085034899631,0.12418763900038085,0.12419155165089002,0.12414163154456137,0.12409762884437454,0.12409612212906945,0.12408592406241133,0.12408318621745515,0.12401898077500184,0.1239841044581141,0.12384197510523541,0.12381967714632425,0.12380633043132112,0.12379107703113862,0.12366594340039892,0.12363285598841459,0.1235105631685209,0.12347892246006743,0.12346590160524792,0.1234296776373139,0.12341705525318501,0.12340601733388083,0.12336857054567686,0.12333706636169683],[0.6931471805588758,0.44682664269682937,0.31277210361192653,0.2299648031497319,0.17605094415343758,0.1401247969446333,0.11605047881221915,0.10006898486503436,0.08974563167487962,0.08344275585647738,0.080029169178112,0.07870834746808598,0.07891213492262134,0.080230336158426,0.0823650476883565,0.08509816697651161,0.08826925385562959,0.09175941894733253,0.09554099275375369,0.09941927212507091,0.10340613832445614,0.10752224547615942,0.11161003444878785,0.11578993096934113,0.11990170570148832,0.12392203938796419,0.1278834113057211,0.13164804946791253,0.13528629527599328,0.13894768814188455,0.14225701687406958,0.14537816284244864,0.1486312212451969,0.1472461551634346,0.15020806802210535,0.15024272974333147,0.15296956000018957,0.15511512381425913,0.15645023421722853,0.15752941692061578,0.15909449902846542,0.1598040861166054,0.1610484805009659,0.16165169393496215,0.16277558868438116,0.16337102855457247,0.16440021493415408,0.16500468448629566,0.16548833263807147,0.16652672870036922,0.16703011223160047],[0.5,0.985019294752918,0.985019294752918,0.985019294752918,0.985019294752918,0.985019294752918,0.985019294752918,0.985019294752918,0.985019294752918,0.985019294752918,0.985019294752918,0.985019294752918,0.985019294752918,0.985019294752918,0.985019294752918,0.985019294752918,0.985019294752918,0.985019294752918,0.9850209992363913,0.9850209992363913,0.9850209992363913,0.9850209992363913,0.9850209992363913,0.9850431575215447,0.9850431575215447,0.9850431575215447,0.9850431575215447,0.9850431575215447,0.9850431575215447,0.9850431575215447,0.9850431575215447,0.9850431575215447,0.9850271353768953,0.9850496345587434,0.9850496345587434,0.9850741791207593,0.9850741791207593,0.9851232682447911,0.9851232682447911,0.9851232682447911,0.9851232682447911,0.9851232682447911,0.9851232682447911,0.9851232682447911,0.9851232682447911,0.9851232682447911,0.9851232682447911,0.9851232682447911,0.9851232682447911,0.9851232682447911,0.9851232682447911],[0.9989103192764519,0.9999835523087973,0.9999835523087973,0.9999835523087973,0.9999835523087973,0.9999835523087973,0.9999835523087973,0.9999835523087973,0.9999835523087973,0.9999835523087973,0.9999835523087973,0.9999835523087973,0.9999835523087973,0.9999835523087973,0.9999835523087973,0.9999835523087973,0.9999835523087973,0.9999835523087973,0.9999835541969512,0.9999835541969512,0.9999835541969512,0.9999835541969512,0.9999835541969512,0.9999835787413641,0.9999835787413641,0.9999835787413641,0.9999835787413641,0.9999835787413641,0.9999835787413641,0.9999835787413641,0.9999835787413641,0.9999835787413641,0.9999835609955858,0.999983585916282,0.999983585916282,0.9999836130991291,0.9999836130991291,0.9999836674542877,0.9999836674542877,0.9999836674542877,0.9999836674542877,0.9999836674542877,0.9999836674542877,0.9999836674542877,0.9999836674542877,0.9999836674542877,0.9999836674542877,0.9999836674542877,0.9999836674542877,0.9999836674542877,0.9999836674542877],[1.0,1.0010908694229301,1.0010908694229301,1.0010908694229301,1.0010908694229301,1.0010908694229301,1.0010908694229301,1.0010908694229301,1.0010908694229301,1.0010908694229301,1.0010908694229301,1.0010908694229301,1.0010908694229301,1.0010908694229301,1.0010908694229301,1.0010908694229301,1.0010908694229301,1.0010908694229301,1.0010908694229301,1.0010908694229301,1.0010908694229301,1.0010908694229301,1.0010908694229301,1.0010908694229301,1.0010908694229301,1.0010908694229301,1.0010908694229301,1.0010908694229301,1.0010908694229301,1.0010908694229301,1.0010908694229301,1.0010908694229301,1.0010908694229301,1.0010908694229301,1.0010908694229301,1.0010908694229301,1.0010908694229301,1.0010908694229301,1.0010908694229301,1.0010908694229301,1.0010908694229301,1.0010908694229301,1.0010908694229301,1.0010908694229301,1.0010908694229301,1.0010908694229301,1.0010908694229301,1.0010908694229301,1.0010908694229301,1.0010908694229301,1.0010908694229301],[0.0010896807235480004,0.0010896807235480004,0.0010896807235480004,0.0010896807235480004,0.0010896807235480004,0.0010896807235480004,0.0010896807235480004,0.0010896807235480004,0.0010896807235480004,0.0010896807235480004,0.0010896807235480004,0.0010896807235480004,0.0010896807235480004,0.0010896807235480004,0.0010896807235480004,0.0010896807235480004,0.0010896807235480004,0.0010896807235480004,0.0010896807235480004,0.0010896807235480004,0.0010896807235480004,0.0010896807235480004,0.0010896807235480004,0.0010896807235480004,0.0010896807235480004,0.0010896807235480004,0.0010896807235480004,0.0010896807235480004,0.0010896807235480004,0.0010896807235480004,0.0010896807235480004,0.0010896807235480004,0.0010896807235480004,0.0010896807235480004,0.0010896807235480004,0.0010896807235480004,0.0010896807235480004,0.0010896807235480004,0.0010896807235480004,0.0010896807235480004,0.0010896807235480004,0.0010896807235480004,0.0010896807235480004,0.0010896807235480004,0.0010896807235480004,0.0010896807235480004,0.0010896807235480004,0.0010896807235480004,0.0010896807235480004,0.0010896807235480004,0.0010896807235480004]]},"reproducibility_information_table":[{"__meta":{"schema_version":3,"schema_name":"TwoDimTableV3","schema_type":"TwoDimTable"},"name":"Node Information","description":"","columns":[{"__meta":{"schema_version":-1,"schema_name":"ColumnSpecsBase","schema_type":"Iced"},"name":"","type":"string","format":"%s","description":""},{"__meta":{"schema_version":-1,"schema_name":"ColumnSpecsBase","schema_type":"Iced"},"name":"node","type":"int","format":"%d","description":"node"},{"__meta":{"schema_version":-1,"schema_name":"ColumnSpecsBase","schema_type":"Iced"},"name":"h2o","type":"string","format":"%s","description":"h2o"},{"__meta":{"schema_version":-1,"schema_name":"ColumnSpecsBase","schema_type":"Iced"},"name":"healthy","type":"string","format":"%s","description":"healthy"},{"__meta":{"schema_version":-1,"schema_name":"ColumnSpecsBase","schema_type":"Iced"},"name":"last_ping","type":"string","format":"%s","description":"last_ping"},{"__meta":{"schema_version":-1,"schema_name":"ColumnSpecsBase","schema_type":"Iced"},"name":"num_cpus","type":"int","format":"%d","description":"num_cpus"},{"__meta":{"schema_version":-1,"schema_name":"ColumnSpecsBase","schema_type":"Iced"},"name":"sys_load","type":"double","format":"%.5f","description":"sys_load"},{"__meta":{"schema_version":-1,"schema_name":"ColumnSpecsBase","schema_type":"Iced"},"name":"mem_value_size","type":"long","format":"%d","description":"mem_value_size"},{"__meta":{"schema_version":-1,"schema_name":"ColumnSpecsBase","schema_type":"Iced"},"name":"free_mem","type":"long","format":"%d","description":"free_mem"},{"__meta":{"schema_version":-1,"schema_name":"ColumnSpecsBase","schema_type":"Iced"},"name":"pojo_mem","type":"long","format":"%d","description":"pojo_mem"},{"__meta":{"schema_version":-1,"schema_name":"ColumnSpecsBase","schema_type":"Iced"},"name":"swap_mem","type":"long","format":"%d","description":"swap_mem"},{"__meta":{"schema_version":-1,"schema_name":"ColumnSpecsBase","schema_type":"Iced"},"name":"free_disc","type":"long","format":"%d","description":"free_disc"},{"__meta":{"schema_version":-1,"schema_name":"ColumnSpecsBase","schema_type":"Iced"},"name":"max_disc","type":"long","format":"%d","description":"max_disc"},{"__meta":{"schema_version":-1,"schema_name":"ColumnSpecsBase","schema_type":"Iced"},"name":"pid","type":"int","format":"%d","description":"pid"},{"__meta":{"schema_version":-1,"schema_name":"ColumnSpecsBase","schema_type":"Iced"},"name":"num_keys","type":"int","format":"%d","description":"num_keys"},{"__meta":{"schema_version":-1,"schema_name":"ColumnSpecsBase","schema_type":"Iced"},"name":"tcps_active","type":"string","format":"%s","description":"tcps_active"},{"__meta":{"schema_version":-1,"schema_name":"ColumnSpecsBase","schema_type":"Iced"},"name":"open_fds","type":"int","format":"%d","description":"open_fds"},{"__meta":{"schema_version":-1,"schema_name":"ColumnSpecsBase","schema_type":"Iced"},"name":"rpcs_active","type":"string","format":"%s","description":"rpcs_active"},{"__meta":{"schema_version":-1,"schema_name":"ColumnSpecsBase","schema_type":"Iced"},"name":"nthreads","type":"int","format":"%d","description":"nthreads"},{"__meta":{"schema_version":-1,"schema_name":"ColumnSpecsBase","schema_type":"Iced"},"name":"is_leader","type":"string","format":"%s","description":"is_leader"},{"__meta":{"schema_version":-1,"schema_name":"ColumnSpecsBase","schema_type":"Iced"},"name":"total_mem","type":"long","format":"%d","description":"total_mem"},{"__meta":{"schema_version":-1,"schema_name":"ColumnSpecsBase","schema_type":"Iced"},"name":"max_mem","type":"long","format":"%d","description":"max_mem"},{"__meta":{"schema_version":-1,"schema_name":"ColumnSpecsBase","schema_type":"Iced"},"name":"java_version","type":"string","format":"%s","description":"java_version"},{"__meta":{"schema_version":-1,"schema_name":"ColumnSpecsBase","schema_type":"Iced"},"name":"jvm_launch_parameters","type":"string","format":"%s","description":"jvm_launch_parameters"},{"__meta":{"schema_version":-1,"schema_name":"ColumnSpecsBase","schema_type":"Iced"},"name":"os_version","type":"string","format":"%s","description":"os_version"},{"__meta":{"schema_version":-1,"schema_name":"ColumnSpecsBase","schema_type":"Iced"},"name":"machine_physical_mem","type":"long","format":"%d","description":"machine_physical_mem"},{"__meta":{"schema_version":-1,"schema_name":"ColumnSpecsBase","schema_type":"Iced"},"name":"machine_locale","type":"string","format":"%s","description":"machine_locale"}],"rowcount":1,"data":[[""],[0],["10.25.9.1:54321"],["true"],["1600413980351"],[12],[0.67],[4403731],[7074185309],[557141392],[0],[182403989504],[200510799872],[18037],[182],["\u0000"],[502],["\u0000"],[12],["true"],[3579838464],[7635730432],["Java 1.8.0_265 (from Private Build)"],["[-Xmx8g]"],["Linux 5.0.0-32-generic (amd64)"],[16586338304],["en_US"]]},{"__meta":{"schema_version":3,"schema_name":"TwoDimTableV3","schema_type":"TwoDimTable"},"name":"Cluster Configuration","description":"","columns":[{"__meta":{"schema_version":-1,"schema_name":"ColumnSpecsBase","schema_type":"Iced"},"name":"","type":"string","format":"%s","description":""},{"__meta":{"schema_version":-1,"schema_name":"ColumnSpecsBase","schema_type":"Iced"},"name":"h2o_cluster_uptime","type":"long","format":"%d","description":"H2O cluster uptime"},{"__meta":{"schema_version":-1,"schema_name":"ColumnSpecsBase","schema_type":"Iced"},"name":"h2o_cluster_timezone","type":"string","format":"%s","description":"H2O cluster timezone"},{"__meta":{"schema_version":-1,"schema_name":"ColumnSpecsBase","schema_type":"Iced"},"name":"h2o_data_parsing_timezone","type":"string","format":"%s","description":"H2O data parsing timezone"},{"__meta":{"schema_version":-1,"schema_name":"ColumnSpecsBase","schema_type":"Iced"},"name":"h2o_cluster_version","type":"string","format":"%s","description":"H2O cluster version"},{"__meta":{"schema_version":-1,"schema_name":"ColumnSpecsBase","schema_type":"Iced"},"name":"h2o_cluster_version_age","type":"string","format":"%s","description":"H2O cluster version age"},{"__meta":{"schema_version":-1,"schema_name":"ColumnSpecsBase","schema_type":"Iced"},"name":"h2o_cluster_name","type":"string","format":"%s","description":"H2O cluster name"},{"__meta":{"schema_version":-1,"schema_name":"ColumnSpecsBase","schema_type":"Iced"},"name":"h2o_cluster_total_nodes","type":"int","format":"%d","description":"H2O cluster total nodes"},{"__meta":{"schema_version":-1,"schema_name":"ColumnSpecsBase","schema_type":"Iced"},"name":"h2o_cluster_free_memory","type":"long","format":"%d","description":"H2O cluster free memory"},{"__meta":{"schema_version":-1,"schema_name":"ColumnSpecsBase","schema_type":"Iced"},"name":"h2o_cluster_total_cores","type":"int","format":"%d","description":"H2O cluster total cores"},{"__meta":{"schema_version":-1,"schema_name":"ColumnSpecsBase","schema_type":"Iced"},"name":"h2o_cluster_allowed_cores","type":"int","format":"%d","description":"H2O cluster allowed cores"},{"__meta":{"schema_version":-1,"schema_name":"ColumnSpecsBase","schema_type":"Iced"},"name":"h2o_cluster_status","type":"string","format":"%s","description":"H2O cluster status"},{"__meta":{"schema_version":-1,"schema_name":"ColumnSpecsBase","schema_type":"Iced"},"name":"h2o_internal_security","type":"string","format":"%s","description":"H2O internal security"},{"__meta":{"schema_version":-1,"schema_name":"ColumnSpecsBase","schema_type":"Iced"},"name":"h2o_api_extensions","type":"string","format":"%s","description":"H2O API Extensions"}],"rowcount":1,"data":[[""],[967077],["Europe/Paris"],["UTC"],["3.30.1.2"],["14 days, 14 hours and 35 minutes"],["sparkling-water-gabriel_local-1600413012026"],[1],[7074185309],[12],[12],["locked, healthly"],["false"],["XGBoost, Algos, Amazon S3, Sparkling Water REST API Extensions, AutoML, Core V3, TargetEncoder, Core V4"]]},{"__meta":{"schema_version":3,"schema_name":"TwoDimTableV3","schema_type":"TwoDimTable"},"name":"Input Frames Information","description":"","columns":[{"__meta":{"schema_version":-1,"schema_name":"ColumnSpecsBase","schema_type":"Iced"},"name":"","type":"string","format":"%s","description":""},{"__meta":{"schema_version":-1,"schema_name":"ColumnSpecsBase","schema_type":"Iced"},"name":"input_frame","type":"string","format":"%s","description":"Input Frame"},{"__meta":{"schema_version":-1,"schema_name":"ColumnSpecsBase","schema_type":"Iced"},"name":"checksum","type":"long","format":"%d","description":"Checksum"},{"__meta":{"schema_version":-1,"schema_name":"ColumnSpecsBase","schema_type":"Iced"},"name":"espc","type":"string","format":"%d","description":"ESPC"}],"rowcount":3,"data":[["","",""],["training_frame","validation_frame","calibration_frame"],[-8028523664458790084,7468288308260334860,-1],["[0, 5109, 10218, 15327, 20436, 25544, 30652, 35760, 40868, 45976, 51084, 56192, 61300]","[0, 73416]","-1"]]}],"training_metrics":{"__meta":{"schema_version":3,"schema_name":"ModelMetricsBinomialV3","schema_type":"ModelMetricsBinomial"},"model":{"__meta":{"schema_version":3,"schema_name":"ModelKeyV3","schema_type":"Key<Model>"},"name":"XGBoost_model_python_1600413013957_100","type":"Key<Model>","URL":"/3/Models/XGBoost_model_python_1600413013957_100"},"model_checksum":612502083205883132,"frame":{"__meta":{"schema_version":3,"schema_name":"FrameKeyV3","schema_type":"Key<Frame>"},"name":"py_3_sid_a8c6","type":"Key<Frame>","URL":"/3/Frames/py_3_sid_a8c6"},"frame_checksum":7892391901074189654,"description":null,"model_category":"Binomial","scoring_time":1600413984772,"predictions":null,"MSE":1.6727333762335848E-6,"RMSE":0.0012933419409551308,"nobs":61300,"custom_metric_name":null,"custom_metric_value":0.0,"r2":0.9999932705768645,"logloss":7.314788393420526E-5,"AUC":1.0,"pr_auc":1.0,"Gini":1.0,"mean_per_class_error":0.0,"domain":["false-true","true-true"],"cm":{"__meta":{"schema_version":3,"schema_name":"ConfusionMatrixV3","schema_type":"ConfusionMatrix"},"table":{"__meta":{"schema_version":3,"schema_name":"TwoDimTableV3","schema_type":"TwoDimTable"},"name":"Confusion Matrix","description":"Row labels: Actual class; Column labels: Predicted class","columns":[{"__meta":{"schema_version":-1,"schema_name":"ColumnSpecsBase","schema_type":"Iced"},"name":"false-true","type":"long","format":"%d","description":"false-true"},{"__meta":{"schema_version":-1,"schema_name":"ColumnSpecsBase","schema_type":"Iced"},"name":"true-true","type":"long","format":"%d","description":"true-true"},{"__meta":{"schema_version":-1,"schema_name":"ColumnSpecsBase","schema_type":"Iced"},"name":"Error","type":"double","format":"%.4f","description":"Error"},{"__meta":{"schema_version":-1,"schema_name":"ColumnSpecsBase","schema_type":"Iced"},"name":"Rate","type":"string","format":"= %10s","description":"Rate"}],"rowcount":3,"data":[[32968,0,32968],[0,28332,28332],[0.0,0.0,0.0],["0 / 32,968","0 / 28,332","0 / 61,300"]]}},"thresholds_and_metric_scores":{"__meta":{"schema_version":3,"schema_name":"TwoDimTableV3","schema_type":"TwoDimTable"},"name":"Metrics for Thresholds","description":"Binomial metrics as a function of classification thresholds","columns":[{"__meta":{"schema_version":-1,"schema_name":"ColumnSpecsBase","schema_type":"Iced"},"name":"threshold","type":"double","format":"%f","description":"Threshold"},{"__meta":{"schema_version":-1,"schema_name":"ColumnSpecsBase","schema_type":"Iced"},"name":"f1","type":"double","format":"%f","description":"f1"},{"__meta":{"schema_version":-1,"schema_name":"ColumnSpecsBase","schema_type":"Iced"},"name":"f2","type":"double","format":"%f","description":"f2"},{"__meta":{"schema_version":-1,"schema_name":"ColumnSpecsBase","schema_type":"Iced"},"name":"f0point5","type":"double","format":"%f","description":"f0point5"},{"__meta":{"schema_version":-1,"schema_name":"ColumnSpecsBase","schema_type":"Iced"},"name":"accuracy","type":"double","format":"%f","description":"accuracy"},{"__meta":{"schema_version":-1,"schema_name":"ColumnSpecsBase","schema_type":"Iced"},"name":"precision","type":"double","format":"%f","description":"precision"},{"__meta":{"schema_version":-1,"schema_name":"ColumnSpecsBase","schema_type":"Iced"},"name":"recall","type":"double","format":"%f","description":"recall"},{"__meta":{"schema_version":-1,"schema_name":"ColumnSpecsBase","schema_type":"Iced"},"name":"specificity","type":"double","format":"%f","description":"specificity"},{"__meta":{"schema_version":-1,"schema_name":"ColumnSpecsBase","schema_type":"Iced"},"name":"absolute_mcc","type":"double","format":"%f","description":"absolute_mcc"},{"__meta":{"schema_version":-1,"schema_name":"ColumnSpecsBase","schema_type":"Iced"},"name":"min_per_class_accuracy","type":"double","format":"%f","description":"min_per_class_accuracy"},{"__meta":{"schema_version":-1,"schema_name":"ColumnSpecsBase","schema_type":"Iced"},"name":"mean_per_class_accuracy","type":"double","format":"%f","description":"mean_per_class_accuracy"},{"__meta":{"schema_version":-1,"schema_name":"ColumnSpecsBase","schema_type":"Iced"},"name":"tns","type":"long","format":"%d","description":"tns"},{"__meta":{"schema_version":-1,"schema_name":"ColumnSpecsBase","schema_type":"Iced"},"name":"fns","type":"long","format":"%d","description":"fns"},{"__meta":{"schema_version":-1,"schema_name":"ColumnSpecsBase","schema_type":"Iced"},"name":"fps","type":"long","format":"%d","description":"fps"},{"__meta":{"schema_version":-1,"schema_name":"ColumnSpecsBase","schema_type":"Iced"},"name":"tps","type":"long","format":"%d","description":"tps"},{"__meta":{"schema_version":-1,"schema_name":"ColumnSpecsBase","schema_type":"Iced"},"name":"tnr","type":"double","format":"%f","description":"tnr"},{"__meta":{"schema_version":-1,"schema_name":"ColumnSpecsBase","schema_type":"Iced"},"name":"fnr","type":"double","format":"%f","description":"fnr"},{"__meta":{"schema_version":-1,"schema_name":"ColumnSpecsBase","schema_type":"Iced"},"name":"fpr","type":"double","format":"%f","description":"fpr"},{"__meta":{"schema_version":-1,"schema_name":"ColumnSpecsBase","schema_type":"Iced"},"name":"tpr","type":"double","format":"%f","description":"tpr"},{"__meta":{"schema_version":-1,"schema_name":"ColumnSpecsBase","schema_type":"Iced"},"name":"idx","type":"int","format":"%d","description":"idx"}],"rowcount":32,"data":[[0.999994158744812,0.9999940395355225,0.9999662637710571,0.9999523162841797,0.9999347925186157,0.9999294281005859,0.9997052550315857,0.9997028708457947,0.9996672868728638,0.9995936751365662,0.9994322657585144,0.999369204044342,0.9991718530654907,0.9988415837287903,0.9978348612785339,0.9968277812004089,0.9408559799194336,0.8208504915237427,0.10022830218076706,0.08573893457651138,0.004282793495804071,0.00398328946903348,0.0032735271379351616,0.001213355571962893,1.4565353922080249E-4,2.624146691232454E-5,2.343519554415252E-5,1.9280618289485574E-5,1.918659472721629E-5,1.726499613141641E-5,1.4001308045408223E-5,1.0715622920542955E-5],[0.03400180417736451,0.6574102594479327,0.6580461811722913,0.9071552555448409,0.9213637142367653,0.9235153311296022,0.9825834021618127,0.9854252461951656,0.9880705764697478,0.9921741605008537,0.998320634976754,0.9990461049284579,0.999222889438361,0.9993112582781457,0.999717554017794,0.9999647029755392,0.999982351799234,1.0,0.999964705467123,0.9998588368153585,0.9994355862847467,0.9983790260060611,0.9980976537729866,0.9933733038813506,0.9713717557513628,0.94372366470696,0.9121112613482711,0.850619229903175,0.7336380232272097,0.686013147858933,0.6841990871549664,0.63218493395216],[0.021525593491363404,0.545318039952516,0.5460183460277783,0.8592870818292095,0.8798507951050323,0.8829940276385195,0.9724216362214798,0.9768825525751531,0.9810485701316386,0.9875371760373884,0.9973157206936742,0.9984746409050465,0.9987572025759801,0.998898468447476,0.9995481630001977,0.999943525956882,0.9999717631777721,1.0,0.9999858818878737,0.9999435299432475,0.9997741580329166,0.999350979174897,0.9992381919756221,0.997338740337093,0.9883485662457268,0.9767028178627817,0.9628874388254485,0.9343649207511329,0.8731885621297764,0.8452519466571199,0.8441488791161643,0.8112101152163456],[0.0808794401162023,0.8275076350448558,0.8279104691075514,0.9606712198947747,0.9669879171461448,0.9679346267800822,0.9929597909711133,0.9941186670905464,0.9951938296831382,0.9968548963545389,0.9993275764439411,0.999618223466531,0.999689010771536,0.9997243894165535,0.9998870024576966,0.9999858808911982,0.9999929406449426,1.0,0.9999435299432474,0.9997741580329166,0.9990972437723926,0.9974089616132029,0.9969597162401824,0.9894392758360573,0.9549683160307402,0.9128989018920451,0.8664220183486238,0.7806507075783627,0.6325462599128385,0.5772616136919316,0.5752083028796959,0.5178918737113025],[0.5458075040783035,0.7641272430668842,0.7644535073409462,0.921468189233279,0.932610114192496,0.9343230016313213,0.9841761827079935,0.986721044045677,0.9891027732463296,0.9928221859706362,0.9984502446982055,0.9991190864600327,0.9992822185970637,0.9993637846655791,0.9997389885807504,0.9999673735725938,0.9999836867862969,1.0,0.9999673735725938,0.9998694942903752,0.9994779771615008,0.9984991843393148,0.9982381729200652,0.9938336052202283,0.9727569331158238,0.9448776508972268,0.9109298531810767,0.8376672104404568,0.6643882544861338,0.5769168026101142,0.5733442088091354,0.46218597063621536],[1.0,1.0,1.0,1.0,1.0,1.0,1.0,1.0,1.0,1.0,1.0,1.0,1.0,1.0,1.0,1.0,1.0,1.0,0.9999294134255664,0.9997177134791814,0.9988718093357778,0.9967632986208838,0.9962025316455696,0.986833855799373,0.9443370441970536,0.8934439153606004,0.8384232954545454,0.740067392837552,0.5793272671505981,0.5220852451766267,0.5199867855963,0.46218597063621536],[0.017294931526189466,0.4896583368629112,0.4903642524354087,0.8300861216998447,0.8541931385006353,0.8578991952562474,0.9657630947338698,0.9712692361993506,0.9764224198785825,0.9844698574050543,0.9966469010306367,0.9980940279542567,0.9984469857405054,0.9986234646336298,0.999435267542002,0.9999294084427502,0.9999647042213752,1.0,1.0,1.0,1.0,1.0,1.0,1.0,1.0,1.0,1.0,1.0,1.0,1.0,1.0,1.0],[1.0,1.0,1.0,1.0,1.0,1.0,1.0,1.0,1.0,1.0,1.0,1.0,1.0,1.0,1.0,1.0,1.0,1.0,0.9999393351128367,0.9997573404513468,0.999029361805387,0.9972094151904878,0.9967240960931812,0.9885343363261344,0.9493448192186362,0.8975066731375879,0.8343848580441641,0.6981618539189517,0.37597063819461296,0.21332807570977919,0.20668527056539676,0.0],[0.09683184849522926,0.5834183037499711,0.5839618361162473,0.8510702417279614,0.8712508971747985,0.8743771200935883,0.9685866542942044,0.9735840236034747,0.9782796066455661,0.985648973536755,0.9968867704083014,0.9982293680741348,0.9985570624718393,0.9987209437860343,0.9994750911391264,0.9999343736054689,0.9999671863458307,1.0,0.9999343742568958,0.9997375267689254,0.9989505824644752,0.9969863319529878,0.9964632797450036,0.9876837301012877,0.9468376209808697,0.8954729901623573,0.8364016393807231,0.7188093092110246,0.46670123457534524,0.33372959220002957,0.32783167856600165,0.0],[0.017294931526189466,0.4896583368629112,0.4903642524354087,0.8300861216998447,0.8541931385006353,0.8578991952562474,0.9657630947338698,0.9712692361993506,0.9764224198785825,0.9844698574050543,0.9966469010306367,0.9980940279542567,0.9984469857405054,0.9986234646336298,0.999435267542002,0.9999294084427502,0.9999647042213752,1.0,0.9999393351128367,0.9997573404513468,0.999029361805387,0.9972094151904878,0.9967240960931812,0.9885343363261344,0.9493448192186362,0.8975066731375879,0.8343848580441641,0.6981618539189517,0.37597063819461296,0.21332807570977919,0.20668527056539676,0.0],[0.5086474657630947,0.7448291684314556,0.7451821262177043,0.9150430608499224,0.9270965692503177,0.9289495976281237,0.9828815473669349,0.9856346180996753,0.9882112099392912,0.9922349287025272,0.9983234505153183,0.9990470139771284,0.9992234928702527,0.9993117323168149,0.999717633771001,0.9999647042213751,0.9999823521106876,1.0,0.9999696675564184,0.9998786702256734,0.9995146809026936,0.9986047075952439,0.9983620480465907,0.9942671681630673,0.9746724096093181,0.9487533365687939,0.9171924290220821,0.8490809269594759,0.6879853190973064,0.6066640378548895,0.6033426352826984,0.5],[32968,32968,32968,32968,32968,32968,32968,32968,32968,32968,32968,32968,32968,32968,32968,32968,32968,32968,32966,32960,32936,32876,32860,32590,31298,29589,27508,23017,12395,7033,6814,0],[27842,14459,14439,4814,4131,4026,970,814,668,440,95,54,44,39,16,2,1,0,0,0,0,0,0,0,0,0,0,0,0,0,0,0],[0,0,0,0,0,0,0,0,0,0,0,0,0,0,0,0,0,0,2,8,32,92,108,378,1670,3379,5460,9951,20573,25935,26154,32968],[490,13873,13893,23518,24201,24306,27362,27518,27664,27892,28237,28278,28288,28293,28316,28330,28331,28332,28332,28332,28332,28332,28332,28332,28332,28332,28332,28332,28332,28332,28332,28332],[1.0,1.0,1.0,1.0,1.0,1.0,1.0,1.0,1.0,1.0,1.0,1.0,1.0,1.0,1.0,1.0,1.0,1.0,0.9999393351128367,0.9997573404513468,0.999029361805387,0.9972094151904878,0.9967240960931812,0.9885343363261344,0.9493448192186362,0.8975066731375879,0.8343848580441641,0.6981618539189517,0.37597063819461296,0.21332807570977919,0.20668527056539676,0.0],[0.9827050684738106,0.5103416631370888,0.5096357475645913,0.1699138783001553,0.14580686149936467,0.14210080474375264,0.03423690526613017,0.028730763800649442,0.023577580121417478,0.015530142594945645,0.0033530989693632642,0.0019059720457433292,0.0015530142594945644,0.0013765353663701822,5.647324579980235E-4,7.059155724975294E-5,3.529577862487647E-5,0.0,0.0,0.0,0.0,0.0,0.0,0.0,0.0,0.0,0.0,0.0,0.0,0.0,0.0,0.0],[0.0,0.0,0.0,0.0,0.0,0.0,0.0,0.0,0.0,0.0,0.0,0.0,0.0,0.0,0.0,0.0,0.0,0.0,6.066488716330988E-5,2.426595486532395E-4,9.70638194612958E-4,0.002790584809512254,0.0032759039068187335,0.011465663673865567,0.050655180781363746,0.10249332686241204,0.16561514195583596,0.3018381460810483,0.624029361805387,0.7866719242902208,0.7933147294346032,1.0],[0.017294931526189466,0.4896583368629112,0.4903642524354087,0.8300861216998447,0.8541931385006353,0.8578991952562474,0.9657630947338698,0.9712692361993506,0.9764224198785825,0.9844698574050543,0.9966469010306367,0.9980940279542567,0.9984469857405054,0.9986234646336298,0.999435267542002,0.9999294084427502,0.9999647042213752,1.0,1.0,1.0,1.0,1.0,1.0,1.0,1.0,1.0,1.0,1.0,1.0,1.0,1.0,1.0],[0,1,2,3,4,5,6,7,8,9,10,11,12,13,14,15,16,17,18,19,20,21,22,23,24,25,26,27,28,29,30,31]]},"max_criteria_and_metric_scores":{"__meta":{"schema_version":3,"schema_name":"TwoDimTableV3","schema_type":"TwoDimTable"},"name":"Maximum Metrics","description":"Maximum metrics at their respective thresholds","columns":[{"__meta":{"schema_version":-1,"schema_name":"ColumnSpecsBase","schema_type":"Iced"},"name":"metric","type":"string","format":"%s","description":"Metric"},{"__meta":{"schema_version":-1,"schema_name":"ColumnSpecsBase","schema_type":"Iced"},"name":"threshold","type":"double","format":"%f","description":"Threshold"},{"__meta":{"schema_version":-1,"schema_name":"ColumnSpecsBase","schema_type":"Iced"},"name":"value","type":"double","format":"%f","description":"Value"},{"__meta":{"schema_version":-1,"schema_name":"ColumnSpecsBase","schema_type":"Iced"},"name":"idx","type":"long","format":"%d","description":"idx"}],"rowcount":18,"data":[["max f1","max f2","max f0point5","max accuracy","max precision","max recall","max specificity","max absolute_mcc","max min_per_class_accuracy","max mean_per_class_accuracy","max tns","max fns","max fps","max tps","max tnr","max fnr","max fpr","max tpr"],[0.8208504915237427,0.8208504915237427,0.8208504915237427,0.8208504915237427,0.999994158744812,0.8208504915237427,0.999994158744812,0.8208504915237427,0.8208504915237427,0.8208504915237427,0.999994158744812,0.999994158744812,1.0715622920542955E-5,0.8208504915237427,0.999994158744812,0.999994158744812,1.0715622920542955E-5,0.8208504915237427],[1.0,1.0,1.0,1.0,1.0,1.0,1.0,1.0,1.0,1.0,32968.0,27842.0,32968.0,28332.0,1.0,0.9827050684738106,1.0,1.0],[17,17,17,17,0,17,0,17,17,17,0,0,31,17,0,0,31,17]]},"gains_lift_table":{"__meta":{"schema_version":3,"schema_name":"TwoDimTableV3","schema_type":"TwoDimTable"},"name":"Gains/Lift Table","description":"Avg response rate: 46.22 %, avg score: 46.22 %","columns":[{"__meta":{"schema_version":-1,"schema_name":"ColumnSpecsBase","schema_type":"Iced"},"name":"group","type":"int","format":"%d","description":"Group"},{"__meta":{"schema_version":-1,"schema_name":"ColumnSpecsBase","schema_type":"Iced"},"name":"cumulative_data_fraction","type":"double","format":"%.8f","description":"Cumulative Data Fraction"},{"__meta":{"schema_version":-1,"schema_name":"ColumnSpecsBase","schema_type":"Iced"},"name":"lower_threshold","type":"double","format":"%5f","description":"Lower Threshold"},{"__meta":{"schema_version":-1,"schema_name":"ColumnSpecsBase","schema_type":"Iced"},"name":"lift","type":"double","format":"%5f","description":"Lift"},{"__meta":{"schema_version":-1,"schema_name":"ColumnSpecsBase","schema_type":"Iced"},"name":"cumulative_lift","type":"double","format":"%5f","description":"Cumulative Lift"},{"__meta":{"schema_version":-1,"schema_name":"ColumnSpecsBase","schema_type":"Iced"},"name":"response_rate","type":"double","format":"%5f","description":"Response Rate"},{"__meta":{"schema_version":-1,"schema_name":"ColumnSpecsBase","schema_type":"Iced"},"name":"score","type":"double","format":"%5f","description":"Score"},{"__meta":{"schema_version":-1,"schema_name":"ColumnSpecsBase","schema_type":"Iced"},"name":"cumulative_response_rate","type":"double","format":"%5f","description":"Cumulative Response Rate"},{"__meta":{"schema_version":-1,"schema_name":"ColumnSpecsBase","schema_type":"Iced"},"name":"cumulative_score","type":"double","format":"%5f","description":"Cumulative Score"},{"__meta":{"schema_version":-1,"schema_name":"ColumnSpecsBase","schema_type":"Iced"},"name":"capture_rate","type":"double","format":"%5f","description":"Capture Rate"},{"__meta":{"schema_version":-1,"schema_name":"ColumnSpecsBase","schema_type":"Iced"},"name":"cumulative_capture_rate","type":"double","format":"%5f","description":"Cumulative Capture Rate"},{"__meta":{"schema_version":-1,"schema_name":"ColumnSpecsBase","schema_type":"Iced"},"name":"gain","type":"double","format":"%5f","description":"Gain"},{"__meta":{"schema_version":-1,"schema_name":"ColumnSpecsBase","schema_type":"Iced"},"name":"cumulative_gain","type":"double","format":"%5f","description":"Cumulative Gain"},{"__meta":{"schema_version":-1,"schema_name":"ColumnSpecsBase","schema_type":"Iced"},"name":"kolmogorov_smirnov","type":"double","format":"%5f","description":"Kolmogorov Smirnov"}],"rowcount":8,"data":[[1,2,3,4,5,6,7,8],[0.2263132137030995,0.3836541598694943,0.4463621533442088,0.5173083197389886,0.6245187601957586,0.7977977161500815,0.8852691680261011,1.0],[0.9999940395355225,0.9999523162841797,0.9997052550315857,2.624146691232454E-5,1.9280618289485574E-5,1.918659472721629E-5,1.726499613141641E-5,1.0715622920542955E-5],[2.163631229704927,2.163631229704927,2.163631229704927,0.4825758318725637,0.0,0.0,0.0,0.0],[2.163631229704927,2.163631229704927,2.163631229704927,1.9330831572640408,1.601232923229632,1.2534505674266434,1.1295999410323032,1.0],[1.0,1.0,1.0,0.22303977925959992,0.0,0.0,0.0,0.0],[0.9999940437460431,0.9999523452058736,0.9997521624914938,0.22324989893955025,2.0596150131689152E-5,1.918659472721629E-5,1.726499613141641E-5,1.0817935595410791E-5],[1.0,1.0,1.0,0.8934439153606004,0.740067392837552,0.5793272671505981,0.5220852451766267,0.46218597063621536],[0.9999940437460431,0.9999769426991881,0.9999453640456402,0.8934255892751699,0.7400557484889789,0.5793223191782594,0.522082492017654,0.4621847745002133],[0.4896583368629112,0.3404277848369335,0.13567697303402512,0.03423690526613017,0.0,0.0,0.0,0.0],[0.4896583368629112,0.8300861216998447,0.9657630947338698,1.0,1.0,1.0,1.0,1.0],[116.36312297049271,116.36312297049271,116.36312297049271,-51.74241681274363,-100.0,-100.0,-100.0,-100.0],[116.36312297049271,116.36312297049271,116.36312297049271,93.30831572640408,60.12329232296321,25.34505674266434,12.959994103230322,0.0],[0.4896583368629112,0.8300861216998447,0.9657630947338698,0.8975066731375879,0.6981618539189517,0.37597063819461296,0.21332807570977919,0.0]]}},"validation_metrics":{"__meta":{"schema_version":3,"schema_name":"ModelMetricsBinomialV3","schema_type":"ModelMetricsBinomial"},"model":{"__meta":{"schema_version":3,"schema_name":"ModelKeyV3","schema_type":"Key<Model>"},"name":"XGBoost_model_python_1600413013957_100","type":"Key<Model>","URL":"/3/Models/XGBoost_model_python_1600413013957_100"},"model_checksum":612502083205883132,"frame":{"__meta":{"schema_version":3,"schema_name":"FrameKeyV3","schema_type":"Key<Frame>"},"name":"py_4_sid_a8c6","type":"Key<Frame>","URL":"/3/Frames/py_4_sid_a8c6"},"frame_checksum":-3184494075745550258,"description":null,"model_category":"Binomial","scoring_time":1600413984840,"predictions":null,"MSE":0.015212031938709607,"RMSE":0.12333706636169683,"nobs":73416,"custom_metric_name":null,"custom_metric_value":0.0,"r2":-12.975310336433413,"logloss":0.16703011223160047,"AUC":0.9851232682447911,"pr_auc":0.9999836674542877,"Gini":0.9702465364895823,"mean_per_class_error":0.5,"domain":["false-true","true-true"],"cm":{"__meta":{"schema_version":3,"schema_name":"ConfusionMatrixV3","schema_type":"ConfusionMatrix"},"table":{"__meta":{"schema_version":3,"schema_name":"TwoDimTableV3","schema_type":"TwoDimTable"},"name":"Confusion Matrix","description":"Row labels: Actual class; Column labels: Predicted class","columns":[{"__meta":{"schema_version":-1,"schema_name":"ColumnSpecsBase","schema_type":"Iced"},"name":"false-true","type":"long","format":"%d","description":"false-true"},{"__meta":{"schema_version":-1,"schema_name":"ColumnSpecsBase","schema_type":"Iced"},"name":"true-true","type":"long","format":"%d","description":"true-true"},{"__meta":{"schema_version":-1,"schema_name":"ColumnSpecsBase","schema_type":"Iced"},"name":"Error","type":"double","format":"%.4f","description":"Error"},{"__meta":{"schema_version":-1,"schema_name":"ColumnSpecsBase","schema_type":"Iced"},"name":"Rate","type":"string","format":"= %11s","description":"Rate"}],"rowcount":3,"data":[[0,0,0],[80,73336,73416],[1.0,0.0,0.0010896807235480004],["80 / 80","0 / 73,336","80 / 73,416"]]}},"thresholds_and_metric_scores":{"__meta":{"schema_version":3,"schema_name":"TwoDimTableV3","schema_type":"TwoDimTable"},"name":"Metrics for Thresholds","description":"Binomial metrics as a function of classification thresholds","columns":[{"__meta":{"schema_version":-1,"schema_name":"ColumnSpecsBase","schema_type":"Iced"},"name":"threshold","type":"double","format":"%f","description":"Threshold"},{"__meta":{"schema_version":-1,"schema_name":"ColumnSpecsBase","schema_type":"Iced"},"name":"f1","type":"double","format":"%f","description":"f1"},{"__meta":{"schema_version":-1,"schema_name":"ColumnSpecsBase","schema_type":"Iced"},"name":"f2","type":"double","format":"%f","description":"f2"},{"__meta":{"schema_version":-1,"schema_name":"ColumnSpecsBase","schema_type":"Iced"},"name":"f0point5","type":"double","format":"%f","description":"f0point5"},{"__meta":{"schema_version":-1,"schema_name":"ColumnSpecsBase","schema_type":"Iced"},"name":"accuracy","type":"double","format":"%f","description":"accuracy"},{"__meta":{"schema_version":-1,"schema_name":"ColumnSpecsBase","schema_type":"Iced"},"name":"precision","type":"double","format":"%f","description":"precision"},{"__meta":{"schema_version":-1,"schema_name":"ColumnSpecsBase","schema_type":"Iced"},"name":"recall","type":"double","format":"%f","description":"recall"},{"__meta":{"schema_version":-1,"schema_name":"ColumnSpecsBase","schema_type":"Iced"},"name":"specificity","type":"double","format":"%f","description":"specificity"},{"__meta":{"schema_version":-1,"schema_name":"ColumnSpecsBase","schema_type":"Iced"},"name":"absolute_mcc","type":"double","format":"%f","description":"absolute_mcc"},{"__meta":{"schema_version":-1,"schema_name":"ColumnSpecsBase","schema_type":"Iced"},"name":"min_per_class_accuracy","type":"double","format":"%f","description":"min_per_class_accuracy"},{"__meta":{"schema_version":-1,"schema_name":"ColumnSpecsBase","schema_type":"Iced"},"name":"mean_per_class_accuracy","type":"double","format":"%f","description":"mean_per_class_accuracy"},{"__meta":{"schema_version":-1,"schema_name":"ColumnSpecsBase","schema_type":"Iced"},"name":"tns","type":"long","format":"%d","description":"tns"},{"__meta":{"schema_version":-1,"schema_name":"ColumnSpecsBase","schema_type":"Iced"},"name":"fns","type":"long","format":"%d","description":"fns"},{"__meta":{"schema_version":-1,"schema_name":"ColumnSpecsBase","schema_type":"Iced"},"name":"fps","type":"long","format":"%d","description":"fps"},{"__meta":{"schema_version":-1,"schema_name":"ColumnSpecsBase","schema_type":"Iced"},"name":"tps","type":"long","format":"%d","description":"tps"},{"__meta":{"schema_version":-1,"schema_name":"ColumnSpecsBase","schema_type":"Iced"},"name":"tnr","type":"double","format":"%f","description":"tnr"},{"__meta":{"schema_version":-1,"schema_name":"ColumnSpecsBase","schema_type":"Iced"},"name":"fnr","type":"double","format":"%f","description":"fnr"},{"__meta":{"schema_version":-1,"schema_name":"ColumnSpecsBase","schema_type":"Iced"},"name":"fpr","type":"double","format":"%f","description":"fpr"},{"__meta":{"schema_version":-1,"schema_name":"ColumnSpecsBase","schema_type":"Iced"},"name":"tpr","type":"double","format":"%f","description":"tpr"},{"__meta":{"schema_version":-1,"schema_name":"ColumnSpecsBase","schema_type":"Iced"},"name":"idx","type":"int","format":"%d","description":"idx"}],"rowcount":23,"data":[[0.999994158744812,0.9999940395355225,0.9999662637710571,0.9999294281005859,0.9997052550315857,0.9997028708457947,0.9996672868728638,0.9996498823165894,0.9995936751365662,0.9994322657585144,0.999369204044342,0.9408559799194336,0.8208504915237427,0.3924960196018219,0.3658788502216339,0.2794906497001648,0.217278853058815,0.10022830218076706,0.08573893457651138,0.004282793495804071,0.00398328946903348,0.0032735271379351616,1.4001308045408223E-5],[0.20981069436477037,0.9583176494819002,0.9585247566231866,0.9596328583284272,0.9881898454746136,0.9889919007409961,0.9895212571735641,0.991314155244861,0.9918480128672175,0.9920766360406544,0.9920835623969214,0.9920904886579943,0.9921805213901906,0.9922012958903922,0.9922566903706758,0.9923397706740315,0.9925058901917146,0.9924786207370265,0.9923695579013879,0.992240076912512,0.992206008583691,0.9919607856598541,0.9994548626253816],[0.14233007329294992,0.9349354648278462,0.9352509013715258,0.9369399067561617,0.9812367111637185,0.9825026089957626,0.9833387647572701,0.9861746990424638,0.9870203067629018,0.9873826010116901,0.9873935786041016,0.9874045561364488,0.987547258591352,0.9875801884856856,0.9876679988948253,0.987799707302395,0.9880630981785556,0.98805228765321,0.9880090479173105,0.9879577056461759,0.9879441954090578,0.9878469326084519,0.9997818737048753],[0.3989657989528019,0.9828993834570692,0.982986519707791,0.9834523546447388,0.9952422241490473,0.9955674841517436,0.9957819831612109,0.9965074607054762,0.9967231775783564,0.9968155153175646,0.9968183123798583,0.9968211093803512,0.9968574647638405,0.9968658529850335,0.9968882188573387,0.9969217602561978,0.9969888163923206,0.9969447909651922,0.9967687281316571,0.9965597342691298,0.9965047504496652,0.9961090459855062,0.9991280653950955],[0.1181622534597363,0.9200582979187099,0.9204396861719516,0.9224828375286042,0.9766808325160727,0.9782472485561731,0.9792824452435437,0.982796665576986,0.9838454832734009,0.9842949765718645,0.9843085975809088,0.9843222185899532,0.9844992917075297,0.9845401547346627,0.9846491228070176,0.9848125749155497,0.9851394791326141,0.9850849950964368,0.9848670589517271,0.9846082597798845,0.9845401547346627,0.9840497984090661,0.998910319276452],[1.0,1.0,1.0,1.0,1.0,1.0,1.0,1.0,1.0,1.0,1.0,1.0,1.0,1.0,1.0,1.0,1.0,0.9999446359119157,0.9997232408496506,0.9994604615129212,0.9993913320145527,0.9988938817836156,0.998910319276452],[0.11720028362604996,0.9199710919602924,0.9203528962583178,0.9223982764263118,0.9766553943492964,0.9782235191447584,0.979259845096542,0.9827778989854914,0.9838278608050617,0.9842778444420203,0.984291480309807,0.9843051161775935,0.9844823824588197,0.9845232900621795,0.9846323770044726,0.9847960074179121,0.9851232682447911,0.9851232682447911,0.9851232682447911,0.9851232682447911,0.9851232682447911,0.9851232682447911,1.0],[1.0,1.0,1.0,1.0,1.0,1.0,1.0,1.0,1.0,1.0,1.0,1.0,1.0,1.0,1.0,1.0,1.0,0.95,0.75,0.5125,0.45,0.0,0.0],[0.012026838010887714,0.11122696819111644,0.1115127830206393,0.11307815079934971,0.20880777583159216,0.21602176607406556,0.22120671214701032,0.24195504268293655,0.24933755656235213,0.2527099314487819,0.2528142226793194,0.25291864024189575,0.25428768245602296,0.2546067139129018,0.2554632391922363,0.256764028218466,0.259425005427671,0.24667271729018678,0.19523699144991474,0.13324777930665327,0.11676638741485179,0.0040565285645118385,0.0],[0.11720028362604996,0.9199710919602924,0.9203528962583178,0.9223982764263118,0.9766553943492964,0.9782235191447584,0.979259845096542,0.9827778989854914,0.9838278608050617,0.9842778444420203,0.984291480309807,0.9843051161775935,0.9844823824588197,0.9845232900621795,0.9846323770044726,0.9847960074179121,0.9851232682447911,0.95,0.75,0.5125,0.45,0.0,0.0],[0.558600141813025,0.9599855459801462,0.9601764481291589,0.961199138213156,0.9883276971746482,0.9891117595723792,0.989629922548271,0.9913889494927457,0.9919139304025308,0.9921389222210102,0.9921457401549034,0.9921525580887968,0.9922411912294098,0.9922616450310897,0.9923161885022362,0.992398003708956,0.9925616341223955,0.9675616341223956,0.8675616341223955,0.7488116341223956,0.7175616341223956,0.49256163412239556,0.5],[80,80,80,80,80,80,80,80,80,80,80,80,80,80,80,80,80,76,60,41,36,0,0],[64741,5869,5841,5691,1712,1597,1521,1263,1186,1153,1152,1151,1138,1135,1127,1115,1091,1091,1091,1091,1091,1091,0],[0,0,0,0,0,0,0,0,0,0,0,0,0,0,0,0,0,4,20,39,44,80,80],[8595,67467,67495,67645,71624,71739,71815,72073,72150,72183,72184,72185,72198,72201,72209,72221,72245,72245,72245,72245,72245,72245,73336],[1.0,1.0,1.0,1.0,1.0,1.0,1.0,1.0,1.0,1.0,1.0,1.0,1.0,1.0,1.0,1.0,1.0,0.95,0.75,0.5125,0.45,0.0,0.0],[0.88279971637395,0.08002890803970765,0.07964710374168212,0.07760172357368823,0.02334460565070361,0.02177648085524163,0.020740154903458055,0.017222101014508565,0.016172139194938366,0.01572215555797971,0.015708519690193084,0.01569488382240646,0.01551761754118032,0.015476709937820443,0.015367622995527436,0.015203992582087924,0.014876731755208901,0.014876731755208901,0.014876731755208901,0.014876731755208901,0.014876731755208901,0.014876731755208901,0.0],[0.0,0.0,0.0,0.0,0.0,0.0,0.0,0.0,0.0,0.0,0.0,0.0,0.0,0.0,0.0,0.0,0.0,0.05,0.25,0.4875,0.55,1.0,1.0],[0.11720028362604996,0.9199710919602924,0.9203528962583178,0.9223982764263118,0.9766553943492964,0.9782235191447584,0.979259845096542,0.9827778989854914,0.9838278608050617,0.9842778444420203,0.984291480309807,0.9843051161775935,0.9844823824588197,0.9845232900621795,0.9846323770044726,0.9847960074179121,0.9851232682447911,0.9851232682447911,0.9851232682447911,0.9851232682447911,0.9851232682447911,0.9851232682447911,1.0],[0,1,2,3,4,5,6,7,8,9,10,11,12,13,14,15,16,17,18,19,20,21,22]]},"max_criteria_and_metric_scores":{"__meta":{"schema_version":3,"schema_name":"TwoDimTableV3","schema_type":"TwoDimTable"},"name":"Maximum Metrics","description":"Maximum metrics at their respective thresholds","columns":[{"__meta":{"schema_version":-1,"schema_name":"ColumnSpecsBase","schema_type":"Iced"},"name":"metric","type":"string","format":"%s","description":"Metric"},{"__meta":{"schema_version":-1,"schema_name":"ColumnSpecsBase","schema_type":"Iced"},"name":"threshold","type":"double","format":"%f","description":"Threshold"},{"__meta":{"schema_version":-1,"schema_name":"ColumnSpecsBase","schema_type":"Iced"},"name":"value","type":"double","format":"%f","description":"Value"},{"__meta":{"schema_version":-1,"schema_name":"ColumnSpecsBase","schema_type":"Iced"},"name":"idx","type":"long","format":"%d","description":"idx"}],"rowcount":18,"data":[["max f1","max f2","max f0point5","max accuracy","max precision","max recall","max specificity","max absolute_mcc","max min_per_class_accuracy","max mean_per_class_accuracy","max tns","max fns","max fps","max tps","max tnr","max fnr","max fpr","max tpr"],[1.4001308045408223E-5,1.4001308045408223E-5,1.4001308045408223E-5,1.4001308045408223E-5,0.999994158744812,1.4001308045408223E-5,0.999994158744812,0.217278853058815,0.217278853058815,0.217278853058815,0.999994158744812,0.999994158744812,0.0032735271379351616,1.4001308045408223E-5,0.999994158744812,0.999994158744812,0.0032735271379351616,1.4001308045408223E-5],[0.9994548626253816,0.9997818737048753,0.9991280653950955,0.998910319276452,1.0,1.0,1.0,0.259425005427671,0.9851232682447911,0.9925616341223955,80.0,64741.0,80.0,73336.0,1.0,0.88279971637395,1.0,1.0],[22,22,22,22,0,22,0,16,16,16,0,0,21,22,0,0,21,22]]},"gains_lift_table":{"__meta":{"schema_version":3,"schema_name":"TwoDimTableV3","schema_type":"TwoDimTable"},"name":"Gains/Lift Table","description":"Avg response rate: 99.89 %, avg score: 98.36 %","columns":[{"__meta":{"schema_version":-1,"schema_name":"ColumnSpecsBase","schema_type":"Iced"},"name":"group","type":"int","format":"%d","description":"Group"},{"__meta":{"schema_version":-1,"schema_name":"ColumnSpecsBase","schema_type":"Iced"},"name":"cumulative_data_fraction","type":"double","format":"%.8f","description":"Cumulative Data Fraction"},{"__meta":{"schema_version":-1,"schema_name":"ColumnSpecsBase","schema_type":"Iced"},"name":"lower_threshold","type":"double","format":"%5f","description":"Lower Threshold"},{"__meta":{"schema_version":-1,"schema_name":"ColumnSpecsBase","schema_type":"Iced"},"name":"lift","type":"double","format":"%5f","description":"Lift"},{"__meta":{"schema_version":-1,"schema_name":"ColumnSpecsBase","schema_type":"Iced"},"name":"cumulative_lift","type":"double","format":"%5f","description":"Cumulative Lift"},{"__meta":{"schema_version":-1,"schema_name":"ColumnSpecsBase","schema_type":"Iced"},"name":"response_rate","type":"double","format":"%5f","description":"Response Rate"},{"__meta":{"schema_version":-1,"schema_name":"ColumnSpecsBase","schema_type":"Iced"},"name":"score","type":"double","format":"%5f","description":"Score"},{"__meta":{"schema_version":-1,"schema_name":"ColumnSpecsBase","schema_type":"Iced"},"name":"cumulative_response_rate","type":"double","format":"%5f","description":"Cumulative Response Rate"},{"__meta":{"schema_version":-1,"schema_name":"ColumnSpecsBase","schema_type":"Iced"},"name":"cumulative_score","type":"double","format":"%5f","description":"Cumulative Score"},{"__meta":{"schema_version":-1,"schema_name":"ColumnSpecsBase","schema_type":"Iced"},"name":"capture_rate","type":"double","format":"%5f","description":"Capture Rate"},{"__meta":{"schema_version":-1,"schema_name":"ColumnSpecsBase","schema_type":"Iced"},"name":"cumulative_capture_rate","type":"double","format":"%5f","description":"Cumulative Capture Rate"},{"__meta":{"schema_version":-1,"schema_name":"ColumnSpecsBase","schema_type":"Iced"},"name":"gain","type":"double","format":"%5f","description":"Gain"},{"__meta":{"schema_version":-1,"schema_name":"ColumnSpecsBase","schema_type":"Iced"},"name":"cumulative_gain","type":"double","format":"%5f","description":"Cumulative Gain"},{"__meta":{"schema_version":-1,"schema_name":"ColumnSpecsBase","schema_type":"Iced"},"name":"kolmogorov_smirnov","type":"double","format":"%5f","description":"Kolmogorov Smirnov"}],"rowcount":3,"data":[[1,2,3],[0.11707257273618829,0.9189686171951618,1.0],[0.999994158744812,0.9999940395355225,1.4001308045408223E-5],[1.0010908694229301,1.0010908694229301,0.9876285615470124],[1.0010908694229301,1.0010908694229301,1.0],[1.0,1.0,0.9865523617414692],[0.999994158744812,0.9999940395355225,0.7970931920504468],[1.0,1.0,0.998910319276452],[0.999994158744812,0.9999940547222633,0.9835527172476715],[0.11720028362604996,0.8027708083342424,0.08002890803970765],[0.11720028362604996,0.9199710919602924,1.0],[0.10908694229301297,0.10908694229301297,-1.2371438452987604],[0.10908694229301297,0.10908694229301297,0.0],[0.11720028362604996,0.9199710919602924,0.0]]}},"cross_validation_metrics":null,"cross_validation_metrics_summary":null,"status":null,"start_time":1600413981307,"end_time":1600413984842,"run_time":3535,"default_threshold":1.4001308045408223E-5,"help":{"domains":"Domains for categorical columns", "__meta":"Metadata on this schema instance, to make it self-describing.", "help":"Help information for output fields", "training_metrics":"Training data model metrics", "cross_validation_models":"Cross-validation models (model ids)", "cross_validation_predictions":"Cross-validation predictions, one per cv model (deprecated, use cross_validation_holdout_predictions_frame_id instead)", "cross_validation_metrics_summary":"Cross-validation model metrics summary", "variable_importances_frequency":"Variable Importances - Frequency", "status":"Job status", "reproducibility_information_table":"Model reproducibility information", "variable_importances":"Variable Importances", "model_summary":"Model summary", "variable_importances_cover":"Variable Importances - Cover", "end_time":"End time in milliseconds", "names":"Column names", "cross_validation_fold_assignment_frame_id":"Cross-validation fold assignment (each row is assigned to one holdout fold)", "sparse":"Sparse", "run_time":"Runtime in milliseconds", "default_threshold":"Default threshold used for predictions", "scoring_history":"Scoring history", "cross_validation_holdout_predictions_frame_id":"Cross-validation holdout predictions (full out-of-sample predictions on training data)", "model_category":"Category of the model (e.g., Binomial)", "native_parameters":"XGBoost Native Parameters", "column_types":"Column types", "original_names":"Original column names", "start_time":"Start time in milliseconds", "cross_validation_metrics":"Cross-validation model metrics", "validation_metrics":"Validation data model metrics"},"variable_importances":{"__meta":{"schema_version":3,"schema_name":"TwoDimTableV3","schema_type":"TwoDimTable"},"name":"Variable Importances","description":"","columns":[{"__meta":{"schema_version":-1,"schema_name":"ColumnSpecsBase","schema_type":"Iced"},"name":"variable","type":"string","format":"%s","description":"Variable"},{"__meta":{"schema_version":-1,"schema_name":"ColumnSpecsBase","schema_type":"Iced"},"name":"relative_importance","type":"double","format":"%5f","description":"Relative Importance"},{"__meta":{"schema_version":-1,"schema_name":"ColumnSpecsBase","schema_type":"Iced"},"name":"scaled_importance","type":"double","format":"%5f","description":"Scaled Importance"},{"__meta":{"schema_version":-1,"schema_name":"ColumnSpecsBase","schema_type":"Iced"},"name":"percentage","type":"double","format":"%5f","description":"Percentage"}],"rowcount":4,"data":[["R_Percent","R_TeachArea","T_Percent","T_TeachArea"],[125438.1484375,28240.509765625,10536.375,0.2436179518699646],[1.0,0.22513493795466802,0.08399657625088261,1.942136063905217E-6],[0.7638640622587931,0.17197248826243405,0.06416196595082965,1.483527943233942E-6]]},"variable_importances_cover":{"__meta":{"schema_version":3,"schema_name":"TwoDimTableV3","schema_type":"TwoDimTable"},"name":"Variable Importances - Cover","description":"","columns":[{"__meta":{"schema_version":-1,"schema_name":"ColumnSpecsBase","schema_type":"Iced"},"name":"variable","type":"string","format":"%s","description":"Variable"},{"__meta":{"schema_version":-1,"schema_name":"ColumnSpecsBase","schema_type":"Iced"},"name":"relative_importance","type":"double","format":"%5f","description":"Relative Importance"},{"__meta":{"schema_version":-1,"schema_name":"ColumnSpecsBase","schema_type":"Iced"},"name":"scaled_importance","type":"double","format":"%5f","description":"Scaled Importance"},{"__meta":{"schema_version":-1,"schema_name":"ColumnSpecsBase","schema_type":"Iced"},"name":"percentage","type":"double","format":"%5f","description":"Percentage"}],"rowcount":4,"data":[["R_Percent","T_Percent","R_TeachArea","T_TeachArea"],[81869.59375,48619.44140625,48605.26171875,4.842090606689453],[1.0,0.5938644517366987,0.593691253277411,5.914394325047513E-5],[0.4571188573146732,0.27146663957768463,0.2713874672958864,2.703581175574107E-5]]},"variable_importances_frequency":{"__meta":{"schema_version":3,"schema_name":"TwoDimTableV3","schema_type":"TwoDimTable"},"name":"Variable Importances - Frequency","description":"","columns":[{"__meta":{"schema_version":-1,"schema_name":"ColumnSpecsBase","schema_type":"Iced"},"name":"variable","type":"string","format":"%s","description":"Variable"},{"__meta":{"schema_version":-1,"schema_name":"ColumnSpecsBase","schema_type":"Iced"},"name":"relative_importance","type":"double","format":"%5f","description":"Relative Importance"},{"__meta":{"schema_version":-1,"schema_name":"ColumnSpecsBase","schema_type":"Iced"},"name":"scaled_importance","type":"double","format":"%5f","description":"Scaled Importance"},{"__meta":{"schema_version":-1,"schema_name":"ColumnSpecsBase","schema_type":"Iced"},"name":"percentage","type":"double","format":"%5f","description":"Percentage"}],"rowcount":4,"data":[["R_Percent","T_Percent","R_TeachArea","T_TeachArea"],[79.0,75.0,42.0,1.0],[1.0,0.9493670886075949,0.5316455696202531,0.012658227848101266],[0.4010152284263959,0.38071065989847713,0.2131979695431472,0.005076142131979695]]},"native_parameters":{"__meta":{"schema_version":3,"schema_name":"TwoDimTableV3","schema_type":"TwoDimTable"},"name":"Native XGBoost Parameters","description":"","columns":[{"__meta":{"schema_version":-1,"schema_name":"ColumnSpecsBase","schema_type":"Iced"},"name":"","type":"string","format":"%s","description":""},{"__meta":{"schema_version":-1,"schema_name":"ColumnSpecsBase","schema_type":"Iced"},"name":"name","type":"string","format":"%s","description":"Name"},{"__meta":{"schema_version":-1,"schema_name":"ColumnSpecsBase","schema_type":"Iced"},"name":"value","type":"string","format":"%s","description":"Value"}],"rowcount":25,"data":[["","","","","","","","","","","","","","","","","","","","","","","","",""],["updater","normalize_type","eta","objective","silent","nthread","seed","colsample_bylevel","rate_drop","max_bin","one_drop","sample_type","max_depth","lambda","colsample_bytree","gamma","gpu_id","alpha","booster","grow_policy","skip_drop","nround","max_delta_step","subsample","min_child_weight"],["grow_gpu_hist","tree",0.3,"binary:logistic",true,12,12345,1.0,0.0,256,"0","uniform",6,1.0,1.0,0.0,0,0.0,"dart","depthwise",0.0,50,0.0,1.0,1.0]]},"sparse":false},"compatible_frames":null}
