{"__meta":{"schema_version":3,"schema_name":"XGBoostModelV3","schema_type":"XGBoostModel"},"model_id":{"__meta":{"schema_version":3,"schema_name":"ModelKeyV3","schema_type":"Key<Model>"},"name":"XGBoost_model_python_1600679241174_2","type":"Key<Model>","URL":"/3/Models/XGBoost_model_python_1600679241174_2"},"algo":"xgboost","algo_full_name":"XGBoost","response_column_name":"algo_leadsidesolder_class","data_frame":{"__meta":{"schema_version":3,"schema_name":"FrameKeyV3","schema_type":"Key<Frame>"},"name":"py_18_sid_b9bd","type":"Key<Frame>","URL":"/3/Frames/py_18_sid_b9bd"},"timestamp":1600681125057,"have_pojo":true,"have_mojo":true,"algo":"xgboost","algo_full_name":"XGBoost","model_id":{"__meta":{"schema_version":3,"schema_name":"ModelKeyV3","schema_type":"Key<Model>"},"name":"XGBoost_model_python_1600679241174_2","type":"Key<Model>","URL":"/3/Models/XGBoost_model_python_1600679241174_2"},"parameters":[{"__meta":{"schema_version":3,"schema_name":"ModelParameterSchemaV3","schema_type":"Iced"},"name":"model_id","label":"model_id","help":"Destination id for this model; auto-generated if not specified.","required":false,"type":"Key<Model>","default_value":null,"actual_value":{"__meta":{"schema_version":3,"schema_name":"ModelKeyV3","schema_type":"Key<Model>"},"name":"XGBoost_model_python_1600679241174_2","type":"Key<Model>","URL":"/3/Models/XGBoost_model_python_1600679241174_2"},"input_value":null,"level":"critical","values":[],"is_member_of_frames":[],"is_mutually_exclusive_with":[],"gridable":false},{"__meta":{"schema_version":3,"schema_name":"ModelParameterSchemaV3","schema_type":"Iced"},"name":"training_frame","label":"training_frame","help":"Id of the training data frame.","required":false,"type":"Key<Frame>","default_value":null,"actual_value":{"__meta":{"schema_version":3,"schema_name":"FrameKeyV3","schema_type":"Key<Frame>"},"name":"py_18_sid_b9bd","type":"Key<Frame>","URL":"/3/Frames/py_18_sid_b9bd"},"input_value":{"__meta":{"schema_version":3,"schema_name":"FrameKeyV3","schema_type":"Key<Frame>"},"name":"py_18_sid_b9bd","type":"Key<Frame>","URL":"/3/Frames/py_18_sid_b9bd"},"level":"critical","values":[],"is_member_of_frames":[],"is_mutually_exclusive_with":[],"gridable":false},{"__meta":{"schema_version":3,"schema_name":"ModelParameterSchemaV3","schema_type":"Iced"},"name":"validation_frame","label":"validation_frame","help":"Id of the validation data frame.","required":false,"type":"Key<Frame>","default_value":null,"actual_value":{"__meta":{"schema_version":3,"schema_name":"FrameKeyV3","schema_type":"Key<Frame>"},"name":"py_19_sid_b9bd","type":"Key<Frame>","URL":"/3/Frames/py_19_sid_b9bd"},"input_value":{"__meta":{"schema_version":3,"schema_name":"FrameKeyV3","schema_type":"Key<Frame>"},"name":"py_19_sid_b9bd","type":"Key<Frame>","URL":"/3/Frames/py_19_sid_b9bd"},"level":"critical","values":[],"is_member_of_frames":[],"is_mutually_exclusive_with":[],"gridable":true},{"__meta":{"schema_version":3,"schema_name":"ModelParameterSchemaV3","schema_type":"Iced"},"name":"nfolds","label":"nfolds","help":"Number of folds for K-fold cross-validation (0 to disable or >= 2).","required":false,"type":"int","default_value":0,"actual_value":0,"input_value":0,"level":"critical","values":[],"is_member_of_frames":[],"is_mutually_exclusive_with":[],"gridable":false},{"__meta":{"schema_version":3,"schema_name":"ModelParameterSchemaV3","schema_type":"Iced"},"name":"keep_cross_validation_models","label":"keep_cross_validation_models","help":"Whether to keep the cross-validation models.","required":false,"type":"boolean","default_value":true,"actual_value":true,"input_value":true,"level":"expert","values":[],"is_member_of_frames":[],"is_mutually_exclusive_with":[],"gridable":false},{"__meta":{"schema_version":3,"schema_name":"ModelParameterSchemaV3","schema_type":"Iced"},"name":"keep_cross_validation_predictions","label":"keep_cross_validation_predictions","help":"Whether to keep the predictions of the cross-validation models.","required":false,"type":"boolean","default_value":false,"actual_value":true,"input_value":true,"level":"expert","values":[],"is_member_of_frames":[],"is_mutually_exclusive_with":[],"gridable":false},{"__meta":{"schema_version":3,"schema_name":"ModelParameterSchemaV3","schema_type":"Iced"},"name":"keep_cross_validation_fold_assignment","label":"keep_cross_validation_fold_assignment","help":"Whether to keep the cross-validation fold assignment.","required":false,"type":"boolean","default_value":false,"actual_value":false,"input_value":false,"level":"expert","values":[],"is_member_of_frames":[],"is_mutually_exclusive_with":[],"gridable":false},{"__meta":{"schema_version":3,"schema_name":"ModelParameterSchemaV3","schema_type":"Iced"},"name":"score_each_iteration","label":"score_each_iteration","help":"Whether to score during each iteration of model training.","required":false,"type":"boolean","default_value":false,"actual_value":false,"input_value":false,"level":"secondary","values":[],"is_member_of_frames":[],"is_mutually_exclusive_with":[],"gridable":false},{"__meta":{"schema_version":3,"schema_name":"ModelParameterSchemaV3","schema_type":"Iced"},"name":"fold_assignment","label":"fold_assignment","help":"Cross-validation fold assignment scheme, if fold_column is not specified. The 'Stratified' option will stratify the folds based on the response variable, for classification problems.","required":false,"type":"enum","default_value":"AUTO","actual_value":null,"input_value":"AUTO","level":"secondary","values":["AUTO","Random","Modulo","Stratified"],"is_member_of_frames":[],"is_mutually_exclusive_with":[],"gridable":true},{"__meta":{"schema_version":3,"schema_name":"ModelParameterSchemaV3","schema_type":"Iced"},"name":"fold_column","label":"fold_column","help":"Column with cross-validation fold index assignment per observation.","required":false,"type":"VecSpecifier","default_value":null,"actual_value":null,"input_value":null,"level":"secondary","values":[],"is_member_of_frames":["training_frame"],"is_mutually_exclusive_with":["response_column","weights_column","ignored_columns","offset_column"],"gridable":true},{"__meta":{"schema_version":3,"schema_name":"ModelParameterSchemaV3","schema_type":"Iced"},"name":"response_column","label":"response_column","help":"Response variable column.","required":false,"type":"VecSpecifier","default_value":null,"actual_value":{"__meta":{"schema_version":3,"schema_name":"ColSpecifierV3","schema_type":"VecSpecifier"},"column_name":"algo_leadsidesolder_class","is_member_of_frames":null},"input_value":{"__meta":{"schema_version":3,"schema_name":"ColSpecifierV3","schema_type":"VecSpecifier"},"column_name":"algo_leadsidesolder_class","is_member_of_frames":null},"level":"critical","values":[],"is_member_of_frames":["training_frame","validation_frame"],"is_mutually_exclusive_with":["weights_column","ignored_columns","offset_column","fold_column"],"gridable":true},{"__meta":{"schema_version":3,"schema_name":"ModelParameterSchemaV3","schema_type":"Iced"},"name":"ignored_columns","label":"ignored_columns","help":"Names of columns to ignore for training.","required":false,"type":"string[]","default_value":null,"actual_value":["insp_st_time"],"input_value":["insp_st_time"],"level":"critical","values":[],"is_member_of_frames":["training_frame","validation_frame"],"is_mutually_exclusive_with":["response_column","weights_column","offset_column","fold_column"],"gridable":false},{"__meta":{"schema_version":3,"schema_name":"ModelParameterSchemaV3","schema_type":"Iced"},"name":"ignore_const_cols","label":"ignore_const_cols","help":"Ignore constant columns.","required":false,"type":"boolean","default_value":true,"actual_value":true,"input_value":true,"level":"critical","values":[],"is_member_of_frames":[],"is_mutually_exclusive_with":[],"gridable":false},{"__meta":{"schema_version":3,"schema_name":"ModelParameterSchemaV3","schema_type":"Iced"},"name":"offset_column","label":"offset_column","help":"Offset column. This will be added to the combination of columns before applying the link function.","required":false,"type":"VecSpecifier","default_value":null,"actual_value":null,"input_value":null,"level":"secondary","values":[],"is_member_of_frames":["training_frame","validation_frame"],"is_mutually_exclusive_with":["response_column","weights_column","ignored_columns","fold_column"],"gridable":true},{"__meta":{"schema_version":3,"schema_name":"ModelParameterSchemaV3","schema_type":"Iced"},"name":"weights_column","label":"weights_column","help":"Column with observation weights. Giving some observation a weight of zero is equivalent to excluding it from the dataset; giving an observation a relative weight of 2 is equivalent to repeating that row twice. Negative weights are not allowed. Note: Weights are per-row observation weights and do not increase the size of the data frame. This is typically the number of times a row is repeated, but non-integer values are supported as well. During training, rows with higher weights matter more, due to the larger loss function pre-factor.","required":false,"type":"VecSpecifier","default_value":null,"actual_value":null,"input_value":null,"level":"secondary","values":[],"is_member_of_frames":["training_frame","validation_frame"],"is_mutually_exclusive_with":["response_column","ignored_columns","offset_column","fold_column"],"gridable":true},{"__meta":{"schema_version":3,"schema_name":"ModelParameterSchemaV3","schema_type":"Iced"},"name":"stopping_rounds","label":"stopping_rounds","help":"Early stopping based on convergence of stopping_metric. Stop if simple moving average of length k of the stopping_metric does not improve for k:=stopping_rounds scoring events (0 to disable)","required":false,"type":"int","default_value":0,"actual_value":0,"input_value":0,"level":"secondary","values":[],"is_member_of_frames":[],"is_mutually_exclusive_with":[],"gridable":true},{"__meta":{"schema_version":3,"schema_name":"ModelParameterSchemaV3","schema_type":"Iced"},"name":"stopping_metric","label":"stopping_metric","help":"Metric to use for early stopping (AUTO: logloss for classification, deviance for regression and anonomaly_score for Isolation Forest). Note that custom and custom_increasing can only be used in GBM and DRF with the Python client.","required":false,"type":"enum","default_value":"AUTO","actual_value":null,"input_value":"AUTO","level":"secondary","values":["AUTO","deviance","logloss","MSE","RMSE","MAE","RMSLE","AUC","AUCPR","lift_top_group","misclassification","mean_per_class_error","anomaly_score","custom","custom_increasing"],"is_member_of_frames":[],"is_mutually_exclusive_with":[],"gridable":true},{"__meta":{"schema_version":3,"schema_name":"ModelParameterSchemaV3","schema_type":"Iced"},"name":"stopping_tolerance","label":"stopping_tolerance","help":"Relative tolerance for metric-based stopping criterion (stop if relative improvement is not at least this much)","required":false,"type":"double","default_value":0.001,"actual_value":0.001,"input_value":0.001,"level":"secondary","values":[],"is_member_of_frames":[],"is_mutually_exclusive_with":[],"gridable":true},{"__meta":{"schema_version":3,"schema_name":"ModelParameterSchemaV3","schema_type":"Iced"},"name":"max_runtime_secs","label":"max_runtime_secs","help":"Maximum allowed runtime in seconds for model training. Use 0 to disable.","required":false,"type":"double","default_value":0.0,"actual_value":0.0,"input_value":0.0,"level":"secondary","values":[],"is_member_of_frames":[],"is_mutually_exclusive_with":[],"gridable":true},{"__meta":{"schema_version":3,"schema_name":"ModelParameterSchemaV3","schema_type":"Iced"},"name":"seed","label":"seed","help":"Seed for pseudo random number generator (if applicable)","required":false,"type":"long","default_value":-1,"actual_value":12345,"input_value":12345,"level":"critical","values":[],"is_member_of_frames":[],"is_mutually_exclusive_with":[],"gridable":true},{"__meta":{"schema_version":3,"schema_name":"ModelParameterSchemaV3","schema_type":"Iced"},"name":"distribution","label":"distribution","help":"Distribution function","required":false,"type":"enum","default_value":"AUTO","actual_value":"bernoulli","input_value":"AUTO","level":"secondary","values":["AUTO","bernoulli","quasibinomial","ordinal","multinomial","gaussian","poisson","gamma","tweedie","laplace","quantile","huber","custom"],"is_member_of_frames":[],"is_mutually_exclusive_with":[],"gridable":true},{"__meta":{"schema_version":3,"schema_name":"ModelParameterSchemaV3","schema_type":"Iced"},"name":"tweedie_power","label":"tweedie_power","help":"Tweedie power for Tweedie regression, must be between 1 and 2.","required":false,"type":"double","default_value":1.5,"actual_value":1.5,"input_value":1.5,"level":"secondary","values":[],"is_member_of_frames":[],"is_mutually_exclusive_with":[],"gridable":true},{"__meta":{"schema_version":3,"schema_name":"ModelParameterSchemaV3","schema_type":"Iced"},"name":"categorical_encoding","label":"categorical_encoding","help":"Encoding scheme for categorical features","required":false,"type":"enum","default_value":"AUTO","actual_value":"OneHotInternal","input_value":"AUTO","level":"secondary","values":["AUTO","Enum","OneHotInternal","OneHotExplicit","Binary","Eigen","LabelEncoder","SortByResponse","EnumLimited"],"is_member_of_frames":[],"is_mutually_exclusive_with":[],"gridable":true},{"__meta":{"schema_version":3,"schema_name":"ModelParameterSchemaV3","schema_type":"Iced"},"name":"quiet_mode","label":"quiet_mode","help":"Enable quiet mode","required":false,"type":"boolean","default_value":true,"actual_value":true,"input_value":true,"level":"expert","values":[],"is_member_of_frames":[],"is_mutually_exclusive_with":[],"gridable":false},{"__meta":{"schema_version":3,"schema_name":"ModelParameterSchemaV3","schema_type":"Iced"},"name":"checkpoint","label":"checkpoint","help":"Model checkpoint to resume training with.","required":false,"type":"Key<Model>","default_value":null,"actual_value":null,"input_value":null,"level":"secondary","values":[],"is_member_of_frames":[],"is_mutually_exclusive_with":[],"gridable":false},{"__meta":{"schema_version":3,"schema_name":"ModelParameterSchemaV3","schema_type":"Iced"},"name":"export_checkpoints_dir","label":"export_checkpoints_dir","help":"Automatically export generated models to this directory.","required":false,"type":"string","default_value":null,"actual_value":null,"input_value":null,"level":"secondary","values":[],"is_member_of_frames":[],"is_mutually_exclusive_with":[],"gridable":false},{"__meta":{"schema_version":3,"schema_name":"ModelParameterSchemaV3","schema_type":"Iced"},"name":"ntrees","label":"ntrees","help":"(same as n_estimators) Number of trees.","required":false,"type":"int","default_value":50,"actual_value":50,"input_value":50,"level":"critical","values":[],"is_member_of_frames":[],"is_mutually_exclusive_with":[],"gridable":true},{"__meta":{"schema_version":3,"schema_name":"ModelParameterSchemaV3","schema_type":"Iced"},"name":"max_depth","label":"max_depth","help":"Maximum tree depth (0 for unlimited).","required":false,"type":"int","default_value":6,"actual_value":6,"input_value":6,"level":"critical","values":[],"is_member_of_frames":[],"is_mutually_exclusive_with":[],"gridable":true},{"__meta":{"schema_version":3,"schema_name":"ModelParameterSchemaV3","schema_type":"Iced"},"name":"min_rows","label":"min_rows","help":"(same as min_child_weight) Fewest allowed (weighted) observations in a leaf.","required":false,"type":"double","default_value":1.0,"actual_value":1.0,"input_value":1.0,"level":"critical","values":[],"is_member_of_frames":[],"is_mutually_exclusive_with":[],"gridable":true},{"__meta":{"schema_version":3,"schema_name":"ModelParameterSchemaV3","schema_type":"Iced"},"name":"min_child_weight","label":"min_child_weight","help":"(same as min_rows) Fewest allowed (weighted) observations in a leaf.","required":false,"type":"double","default_value":1.0,"actual_value":1.0,"input_value":1.0,"level":"critical","values":[],"is_member_of_frames":[],"is_mutually_exclusive_with":[],"gridable":true},{"__meta":{"schema_version":3,"schema_name":"ModelParameterSchemaV3","schema_type":"Iced"},"name":"learn_rate","label":"learn_rate","help":"(same as eta) Learning rate (from 0.0 to 1.0)","required":false,"type":"double","default_value":0.3,"actual_value":0.3,"input_value":0.3,"level":"critical","values":[],"is_member_of_frames":[],"is_mutually_exclusive_with":[],"gridable":true},{"__meta":{"schema_version":3,"schema_name":"ModelParameterSchemaV3","schema_type":"Iced"},"name":"eta","label":"eta","help":"(same as learn_rate) Learning rate (from 0.0 to 1.0)","required":false,"type":"double","default_value":0.3,"actual_value":0.3,"input_value":0.3,"level":"critical","values":[],"is_member_of_frames":[],"is_mutually_exclusive_with":[],"gridable":true},{"__meta":{"schema_version":3,"schema_name":"ModelParameterSchemaV3","schema_type":"Iced"},"name":"sample_rate","label":"sample_rate","help":"(same as subsample) Row sample rate per tree (from 0.0 to 1.0)","required":false,"type":"double","default_value":1.0,"actual_value":1.0,"input_value":1.0,"level":"critical","values":[],"is_member_of_frames":[],"is_mutually_exclusive_with":[],"gridable":true},{"__meta":{"schema_version":3,"schema_name":"ModelParameterSchemaV3","schema_type":"Iced"},"name":"subsample","label":"subsample","help":"(same as sample_rate) Row sample rate per tree (from 0.0 to 1.0)","required":false,"type":"double","default_value":1.0,"actual_value":1.0,"input_value":1.0,"level":"critical","values":[],"is_member_of_frames":[],"is_mutually_exclusive_with":[],"gridable":true},{"__meta":{"schema_version":3,"schema_name":"ModelParameterSchemaV3","schema_type":"Iced"},"name":"col_sample_rate","label":"col_sample_rate","help":"(same as colsample_bylevel) Column sample rate (from 0.0 to 1.0)","required":false,"type":"double","default_value":1.0,"actual_value":1.0,"input_value":1.0,"level":"critical","values":[],"is_member_of_frames":[],"is_mutually_exclusive_with":[],"gridable":true},{"__meta":{"schema_version":3,"schema_name":"ModelParameterSchemaV3","schema_type":"Iced"},"name":"colsample_bylevel","label":"colsample_bylevel","help":"(same as col_sample_rate) Column sample rate (from 0.0 to 1.0)","required":false,"type":"double","default_value":1.0,"actual_value":1.0,"input_value":1.0,"level":"critical","values":[],"is_member_of_frames":[],"is_mutually_exclusive_with":[],"gridable":true},{"__meta":{"schema_version":3,"schema_name":"ModelParameterSchemaV3","schema_type":"Iced"},"name":"col_sample_rate_per_tree","label":"col_sample_rate_per_tree","help":"(same as colsample_bytree) Column sample rate per tree (from 0.0 to 1.0)","required":false,"type":"double","default_value":1.0,"actual_value":1.0,"input_value":1.0,"level":"secondary","values":[],"is_member_of_frames":[],"is_mutually_exclusive_with":[],"gridable":true},{"__meta":{"schema_version":3,"schema_name":"ModelParameterSchemaV3","schema_type":"Iced"},"name":"colsample_bytree","label":"colsample_bytree","help":"(same as col_sample_rate_per_tree) Column sample rate per tree (from 0.0 to 1.0)","required":false,"type":"double","default_value":1.0,"actual_value":1.0,"input_value":1.0,"level":"secondary","values":[],"is_member_of_frames":[],"is_mutually_exclusive_with":[],"gridable":true},{"__meta":{"schema_version":3,"schema_name":"ModelParameterSchemaV3","schema_type":"Iced"},"name":"colsample_bynode","label":"colsample_bynode","help":"Column sample rate per tree node (from 0.0 to 1.0)","required":false,"type":"double","default_value":1.0,"actual_value":1.0,"input_value":1.0,"level":"secondary","values":[],"is_member_of_frames":[],"is_mutually_exclusive_with":[],"gridable":true},{"__meta":{"schema_version":3,"schema_name":"ModelParameterSchemaV3","schema_type":"Iced"},"name":"max_abs_leafnode_pred","label":"max_abs_leafnode_pred","help":"(same as max_delta_step) Maximum absolute value of a leaf node prediction","required":false,"type":"float","default_value":0.0,"actual_value":0.0,"input_value":0.0,"level":"expert","values":[],"is_member_of_frames":[],"is_mutually_exclusive_with":[],"gridable":true},{"__meta":{"schema_version":3,"schema_name":"ModelParameterSchemaV3","schema_type":"Iced"},"name":"max_delta_step","label":"max_delta_step","help":"(same as max_abs_leafnode_pred) Maximum absolute value of a leaf node prediction","required":false,"type":"float","default_value":0.0,"actual_value":0.0,"input_value":0.0,"level":"expert","values":[],"is_member_of_frames":[],"is_mutually_exclusive_with":[],"gridable":true},{"__meta":{"schema_version":3,"schema_name":"ModelParameterSchemaV3","schema_type":"Iced"},"name":"monotone_constraints","label":"monotone_constraints","help":"A mapping representing monotonic constraints. Use +1 to enforce an increasing constraint and -1 to specify a decreasing constraint.","required":false,"type":"KeyValue[]","default_value":null,"actual_value":null,"input_value":null,"level":"secondary","values":[],"is_member_of_frames":[],"is_mutually_exclusive_with":[],"gridable":false},{"__meta":{"schema_version":3,"schema_name":"ModelParameterSchemaV3","schema_type":"Iced"},"name":"score_tree_interval","label":"score_tree_interval","help":"Score the model after every so many trees. Disabled if set to 0.","required":false,"type":"int","default_value":0,"actual_value":0,"input_value":0,"level":"secondary","values":[],"is_member_of_frames":[],"is_mutually_exclusive_with":[],"gridable":false},{"__meta":{"schema_version":3,"schema_name":"ModelParameterSchemaV3","schema_type":"Iced"},"name":"min_split_improvement","label":"min_split_improvement","help":"(same as gamma) Minimum relative improvement in squared error reduction for a split to happen","required":false,"type":"float","default_value":0.0,"actual_value":0.0,"input_value":0.0,"level":"secondary","values":[],"is_member_of_frames":[],"is_mutually_exclusive_with":[],"gridable":true},{"__meta":{"schema_version":3,"schema_name":"ModelParameterSchemaV3","schema_type":"Iced"},"name":"gamma","label":"gamma","help":"(same as min_split_improvement) Minimum relative improvement in squared error reduction for a split to happen","required":false,"type":"float","default_value":0.0,"actual_value":0.0,"input_value":0.0,"level":"secondary","values":[],"is_member_of_frames":[],"is_mutually_exclusive_with":[],"gridable":true},{"__meta":{"schema_version":3,"schema_name":"ModelParameterSchemaV3","schema_type":"Iced"},"name":"nthread","label":"nthread","help":"Number of parallel threads that can be used to run XGBoost. Cannot exceed H2O cluster limits (-nthreads parameter). Defaults to maximum available","required":false,"type":"int","default_value":-1,"actual_value":-1,"input_value":-1,"level":"expert","values":[],"is_member_of_frames":[],"is_mutually_exclusive_with":[],"gridable":false},{"__meta":{"schema_version":3,"schema_name":"ModelParameterSchemaV3","schema_type":"Iced"},"name":"save_matrix_directory","label":"save_matrix_directory","help":"Directory where to save matrices passed to XGBoost library. Useful for debugging.","required":false,"type":"string","default_value":null,"actual_value":null,"input_value":null,"level":"expert","values":[],"is_member_of_frames":[],"is_mutually_exclusive_with":[],"gridable":false},{"__meta":{"schema_version":3,"schema_name":"ModelParameterSchemaV3","schema_type":"Iced"},"name":"build_tree_one_node","label":"build_tree_one_node","help":"Run on one node only; no network overhead but fewer cpus used. Suitable for small datasets.","required":false,"type":"boolean","default_value":false,"actual_value":false,"input_value":false,"level":"expert","values":[],"is_member_of_frames":[],"is_mutually_exclusive_with":[],"gridable":false},{"__meta":{"schema_version":3,"schema_name":"ModelParameterSchemaV3","schema_type":"Iced"},"name":"calibrate_model","label":"calibrate_model","help":"Use Platt Scaling to calculate calibrated class probabilities. Calibration can provide more accurate estimates of class probabilities.","required":false,"type":"boolean","default_value":false,"actual_value":false,"input_value":false,"level":"expert","values":[],"is_member_of_frames":[],"is_mutually_exclusive_with":[],"gridable":false},{"__meta":{"schema_version":3,"schema_name":"ModelParameterSchemaV3","schema_type":"Iced"},"name":"calibration_frame","label":"calibration_frame","help":"Calibration frame for Platt Scaling","required":false,"type":"Key<Frame>","default_value":null,"actual_value":null,"input_value":null,"level":"expert","values":[],"is_member_of_frames":[],"is_mutually_exclusive_with":[],"gridable":false},{"__meta":{"schema_version":3,"schema_name":"ModelParameterSchemaV3","schema_type":"Iced"},"name":"max_bins","label":"max_bins","help":"For tree_method=hist only: maximum number of bins","required":false,"type":"int","default_value":256,"actual_value":256,"input_value":256,"level":"expert","values":[],"is_member_of_frames":[],"is_mutually_exclusive_with":[],"gridable":true},{"__meta":{"schema_version":3,"schema_name":"ModelParameterSchemaV3","schema_type":"Iced"},"name":"max_leaves","label":"max_leaves","help":"For tree_method=hist only: maximum number of leaves","required":false,"type":"int","default_value":0,"actual_value":0,"input_value":0,"level":"secondary","values":[],"is_member_of_frames":[],"is_mutually_exclusive_with":[],"gridable":true},{"__meta":{"schema_version":3,"schema_name":"ModelParameterSchemaV3","schema_type":"Iced"},"name":"sample_type","label":"sample_type","help":"For booster=dart only: sample_type","required":false,"type":"enum","default_value":"uniform","actual_value":"uniform","input_value":"uniform","level":"expert","values":["uniform","weighted"],"is_member_of_frames":[],"is_mutually_exclusive_with":[],"gridable":true},{"__meta":{"schema_version":3,"schema_name":"ModelParameterSchemaV3","schema_type":"Iced"},"name":"normalize_type","label":"normalize_type","help":"For booster=dart only: normalize_type","required":false,"type":"enum","default_value":"tree","actual_value":"tree","input_value":"tree","level":"expert","values":["tree","forest"],"is_member_of_frames":[],"is_mutually_exclusive_with":[],"gridable":true},{"__meta":{"schema_version":3,"schema_name":"ModelParameterSchemaV3","schema_type":"Iced"},"name":"rate_drop","label":"rate_drop","help":"For booster=dart only: rate_drop (0..1)","required":false,"type":"float","default_value":0.0,"actual_value":0.0,"input_value":0.0,"level":"expert","values":[],"is_member_of_frames":[],"is_mutually_exclusive_with":[],"gridable":true},{"__meta":{"schema_version":3,"schema_name":"ModelParameterSchemaV3","schema_type":"Iced"},"name":"one_drop","label":"one_drop","help":"For booster=dart only: one_drop","required":false,"type":"boolean","default_value":false,"actual_value":false,"input_value":false,"level":"expert","values":[],"is_member_of_frames":[],"is_mutually_exclusive_with":[],"gridable":true},{"__meta":{"schema_version":3,"schema_name":"ModelParameterSchemaV3","schema_type":"Iced"},"name":"skip_drop","label":"skip_drop","help":"For booster=dart only: skip_drop (0..1)","required":false,"type":"float","default_value":0.0,"actual_value":0.0,"input_value":0.0,"level":"expert","values":[],"is_member_of_frames":[],"is_mutually_exclusive_with":[],"gridable":true},{"__meta":{"schema_version":3,"schema_name":"ModelParameterSchemaV3","schema_type":"Iced"},"name":"tree_method","label":"tree_method","help":"Tree method","required":false,"type":"enum","default_value":"auto","actual_value":"hist","input_value":"auto","level":"secondary","values":["auto","exact","approx","hist"],"is_member_of_frames":[],"is_mutually_exclusive_with":[],"gridable":true},{"__meta":{"schema_version":3,"schema_name":"ModelParameterSchemaV3","schema_type":"Iced"},"name":"grow_policy","label":"grow_policy","help":"Grow policy - depthwise is standard GBM, lossguide is LightGBM","required":false,"type":"enum","default_value":"depthwise","actual_value":"depthwise","input_value":"depthwise","level":"secondary","values":["depthwise","lossguide"],"is_member_of_frames":[],"is_mutually_exclusive_with":[],"gridable":true},{"__meta":{"schema_version":3,"schema_name":"ModelParameterSchemaV3","schema_type":"Iced"},"name":"booster","label":"booster","help":"Booster type","required":false,"type":"enum","default_value":"gbtree","actual_value":"dart","input_value":"dart","level":"expert","values":["gbtree","gblinear","dart"],"is_member_of_frames":[],"is_mutually_exclusive_with":[],"gridable":true},{"__meta":{"schema_version":3,"schema_name":"ModelParameterSchemaV3","schema_type":"Iced"},"name":"reg_lambda","label":"reg_lambda","help":"L2 regularization","required":false,"type":"float","default_value":1.0,"actual_value":1.0,"input_value":1.0,"level":"expert","values":[],"is_member_of_frames":[],"is_mutually_exclusive_with":[],"gridable":true},{"__meta":{"schema_version":3,"schema_name":"ModelParameterSchemaV3","schema_type":"Iced"},"name":"reg_alpha","label":"reg_alpha","help":"L1 regularization","required":false,"type":"float","default_value":0.0,"actual_value":0.0,"input_value":0.0,"level":"expert","values":[],"is_member_of_frames":[],"is_mutually_exclusive_with":[],"gridable":true},{"__meta":{"schema_version":3,"schema_name":"ModelParameterSchemaV3","schema_type":"Iced"},"name":"dmatrix_type","label":"dmatrix_type","help":"Type of DMatrix. For sparse, NAs and 0 are treated equally.","required":false,"type":"enum","default_value":"auto","actual_value":"dense","input_value":"auto","level":"secondary","values":["auto","dense","sparse"],"is_member_of_frames":[],"is_mutually_exclusive_with":[],"gridable":true},{"__meta":{"schema_version":3,"schema_name":"ModelParameterSchemaV3","schema_type":"Iced"},"name":"backend","label":"backend","help":"Backend. By default (auto), a GPU is used if available.","required":false,"type":"enum","default_value":"auto","actual_value":"gpu","input_value":"auto","level":"expert","values":["auto","gpu","cpu"],"is_member_of_frames":[],"is_mutually_exclusive_with":[],"gridable":true},{"__meta":{"schema_version":3,"schema_name":"ModelParameterSchemaV3","schema_type":"Iced"},"name":"gpu_id","label":"gpu_id","help":"Which GPU to use. ","required":false,"type":"int","default_value":0,"actual_value":0,"input_value":0,"level":"expert","values":[],"is_member_of_frames":[],"is_mutually_exclusive_with":[],"gridable":false},{"__meta":{"schema_version":3,"schema_name":"ModelParameterSchemaV3","schema_type":"Iced"},"name":"gainslift_bins","label":"gainslift_bins","help":"Gains/Lift table number of bins. 0 means disabled.. Default value -1 means automatic binning.","required":false,"type":"int","default_value":-1,"actual_value":-1,"input_value":-1,"level":"secondary","values":[],"is_member_of_frames":[],"is_mutually_exclusive_with":[],"gridable":false}],"output":{"__meta":{"schema_version":3,"schema_name":"XGBoostModelOutputV3","schema_type":"XGBoostOutput"},"names":["T_Percent","R_Percent","T_TeachArea","R_TeachArea","algo_leadsidesolder_class"],"original_names":null,"column_types":["Numeric","Numeric","Numeric","Numeric","Enum"],"domains":[null,null,null,null,["false","true"]],"cross_validation_models":null,"cross_validation_predictions":null,"cross_validation_holdout_predictions_frame_id":null,"cross_validation_fold_assignment_frame_id":null,"model_category":"Binomial","model_summary":{"__meta":{"schema_version":3,"schema_name":"TwoDimTableV3","schema_type":"TwoDimTable"},"name":"Model Summary","description":"","columns":[{"__meta":{"schema_version":-1,"schema_name":"ColumnSpecsBase","schema_type":"Iced"},"name":"","type":"string","format":"%s","description":""},{"__meta":{"schema_version":-1,"schema_name":"ColumnSpecsBase","schema_type":"Iced"},"name":"number_of_trees","type":"long","format":"%d","description":"Number of Trees"}],"rowcount":1,"data":[[""],[50]]},"scoring_history":{"__meta":{"schema_version":3,"schema_name":"TwoDimTableV3","schema_type":"TwoDimTable"},"name":"Scoring History","description":"","columns":[{"__meta":{"schema_version":-1,"schema_name":"ColumnSpecsBase","schema_type":"Iced"},"name":"","type":"string","format":"%s","description":""},{"__meta":{"schema_version":-1,"schema_name":"ColumnSpecsBase","schema_type":"Iced"},"name":"timestamp","type":"string","format":"%s","description":"Timestamp"},{"__meta":{"schema_version":-1,"schema_name":"ColumnSpecsBase","schema_type":"Iced"},"name":"duration","type":"string","format":"%s","description":"Duration"},{"__meta":{"schema_version":-1,"schema_name":"ColumnSpecsBase","schema_type":"Iced"},"name":"number_of_trees","type":"long","format":"%d","description":"Number of Trees"},{"__meta":{"schema_version":-1,"schema_name":"ColumnSpecsBase","schema_type":"Iced"},"name":"training_rmse","type":"double","format":"%.5f","description":"Training RMSE"},{"__meta":{"schema_version":-1,"schema_name":"ColumnSpecsBase","schema_type":"Iced"},"name":"training_logloss","type":"double","format":"%.5f","description":"Training LogLoss"},{"__meta":{"schema_version":-1,"schema_name":"ColumnSpecsBase","schema_type":"Iced"},"name":"training_auc","type":"double","format":"%.5f","description":"Training AUC"},{"__meta":{"schema_version":-1,"schema_name":"ColumnSpecsBase","schema_type":"Iced"},"name":"training_pr_auc","type":"double","format":"%.5f","description":"Training pr_auc"},{"__meta":{"schema_version":-1,"schema_name":"ColumnSpecsBase","schema_type":"Iced"},"name":"training_lift","type":"double","format":"%.5f","description":"Training Lift"},{"__meta":{"schema_version":-1,"schema_name":"ColumnSpecsBase","schema_type":"Iced"},"name":"training_classification_error","type":"double","format":"%.5f","description":"Training Classification Error"},{"__meta":{"schema_version":-1,"schema_name":"ColumnSpecsBase","schema_type":"Iced"},"name":"validation_rmse","type":"double","format":"%.5f","description":"Validation RMSE"},{"__meta":{"schema_version":-1,"schema_name":"ColumnSpecsBase","schema_type":"Iced"},"name":"validation_logloss","type":"double","format":"%.5f","description":"Validation LogLoss"},{"__meta":{"schema_version":-1,"schema_name":"ColumnSpecsBase","schema_type":"Iced"},"name":"validation_auc","type":"double","format":"%.5f","description":"Validation AUC"},{"__meta":{"schema_version":-1,"schema_name":"ColumnSpecsBase","schema_type":"Iced"},"name":"validation_pr_auc","type":"double","format":"%.5f","description":"Validation pr_auc"},{"__meta":{"schema_version":-1,"schema_name":"ColumnSpecsBase","schema_type":"Iced"},"name":"validation_lift","type":"double","format":"%.5f","description":"Validation Lift"},{"__meta":{"schema_version":-1,"schema_name":"ColumnSpecsBase","schema_type":"Iced"},"name":"validation_classification_error","type":"double","format":"%.5f","description":"Validation Classification Error"}],"rowcount":51,"data":[["","","","","","","","","","","","","","","","","","","","","","","","","","","","","","","","","","","","","","","","","","","","","","","","","","",""],["2020-09-21 11:38:41","2020-09-21 11:38:41","2020-09-21 11:38:41","2020-09-21 11:38:41","2020-09-21 11:38:41","2020-09-21 11:38:41","2020-09-21 11:38:41","2020-09-21 11:38:41","2020-09-21 11:38:41","2020-09-21 11:38:41","2020-09-21 11:38:41","2020-09-21 11:38:42","2020-09-21 11:38:42","2020-09-21 11:38:42","2020-09-21 11:38:42","2020-09-21 11:38:42","2020-09-21 11:38:42","2020-09-21 11:38:42","2020-09-21 11:38:42","2020-09-21 11:38:42","2020-09-21 11:38:42","2020-09-21 11:38:42","2020-09-21 11:38:42","2020-09-21 11:38:42","2020-09-21 11:38:42","2020-09-21 11:38:42","2020-09-21 11:38:43","2020-09-21 11:38:43","2020-09-21 11:38:43","2020-09-21 11:38:43","2020-09-21 11:38:43","2020-09-21 11:38:43","2020-09-21 11:38:43","2020-09-21 11:38:43","2020-09-21 11:38:43","2020-09-21 11:38:43","2020-09-21 11:38:43","2020-09-21 11:38:43","2020-09-21 11:38:43","2020-09-21 11:38:43","2020-09-21 11:38:44","2020-09-21 11:38:44","2020-09-21 11:38:44","2020-09-21 11:38:44","2020-09-21 11:38:44","2020-09-21 11:38:44","2020-09-21 11:38:44","2020-09-21 11:38:44","2020-09-21 11:38:44","2020-09-21 11:38:44","2020-09-21 11:38:44"],[" 0.033 sec"," 0.273 sec"," 0.425 sec"," 0.496 sec"," 0.566 sec"," 0.632 sec"," 0.697 sec"," 0.754 sec"," 0.812 sec"," 0.872 sec"," 0.927 sec"," 0.995 sec"," 1.054 sec"," 1.114 sec"," 1.172 sec"," 1.229 sec"," 1.286 sec"," 1.341 sec"," 1.406 sec"," 1.472 sec"," 1.541 sec"," 1.625 sec"," 1.686 sec"," 1.754 sec"," 1.828 sec"," 1.895 sec"," 1.962 sec"," 2.028 sec"," 2.095 sec"," 2.159 sec"," 2.231 sec"," 2.302 sec"," 2.377 sec"," 2.455 sec"," 2.530 sec"," 2.614 sec"," 2.692 sec"," 2.771 sec"," 2.853 sec"," 2.940 sec"," 3.016 sec"," 3.100 sec"," 3.180 sec"," 3.263 sec"," 3.357 sec"," 3.448 sec"," 3.544 sec"," 3.631 sec"," 3.729 sec"," 3.830 sec"," 3.921 sec"],[0,1,2,3,4,5,6,7,8,9,10,11,12,13,14,15,16,17,18,19,20,21,22,23,24,25,26,27,28,29,30,31,32,33,34,35,36,37,38,39,40,41,42,43,44,45,46,47,48,49,50],[0.5,0.35441209804157175,0.25653127035426343,0.18737226524248948,0.13755508331445823,0.10131824674472036,0.07481502818323787,0.055372123511854804,0.041090815544417306,0.03060573890334063,0.02292812637072959,0.01733889506335012,0.013313358947121394,0.010465007962270562,0.008502855473068413,0.007198716403692144,0.0063670255419073195,0.0058585154685248395,0.005387489897139572,0.005202161694889724,0.005096569297295173,0.004859045963275422,0.004819819232838703,0.004609512527453262,0.004613526807604808,0.0046012079926070325,0.004293108852972906,0.0039876557694490545,0.003759056308340218,0.003461333195168194,0.0032001936988166313,0.0032058514956194734,0.002810104469147232,0.0027951513513769866,0.002493295168937639,0.002490041858180229,0.0021245594074403747,0.0018988307296633024,0.0018825223535668106,0.0016938958212094647,0.001641488761211161,0.0015015888598964857,0.001507769383540661,0.0014511658504104757,0.0013909542861053773,0.0014128465709572246,0.0013554999964096586,0.0013103130563041335,0.0013368785510479337,0.0012932060307664442,0.0013212117825406198],[0.6931471805599843,0.4375921122833654,0.2964193257179927,0.20745879852771323,0.14793864560917197,0.1067491592167378,0.07763999135501726,0.05678157375752819,0.04169337787610216,0.030706728522263815,0.022668974757841305,0.016768594587437034,0.012426630365100777,0.009225612839377128,0.0068625872157747955,0.005116385610852844,0.0038250011529170924,0.0028703353780138684,0.002175608644696781,0.001647526600734592,0.001257100483026888,9.746969523908425E-4,7.571021538449074E-4,6.005980486582361E-4,4.898962910029865E-4,3.9889574927018796E-4,3.3108087642434486E-4,2.810549133111287E-4,2.3952250922504073E-4,2.09997030087959E-4,1.907673005452095E-4,1.68964005567026E-4,1.5059997372425163E-4,1.3799803470621714E-4,1.3038193781523272E-4,1.2118150268484535E-4,1.0733699623615346E-4,1.021074030010131E-4,9.661954204817145E-5,9.098371492028101E-5,8.874949006631395E-5,8.454604480808652E-5,8.210282467576941E-5,8.092277381826952E-5,8.014213008074974E-5,7.88007641282193E-5,7.805709980017263E-5,7.753756542779E-5,7.62662695675994E-5,7.573966699696077E-5,7.471398169008946E-5],[0.5,0.999999992525248,0.999999992525248,0.999999992525248,0.999999992525248,0.999999992525248,0.999999992525248,0.999999992525248,0.999999992525248,0.999999992525248,0.999999992525248,0.999999992525248,0.999999992525248,0.999999992525248,0.999999992525248,0.999999992525248,0.999999992525248,0.999999992525248,0.999999996262624,0.999999996262624,0.999999996262624,0.999999996262624,0.999999996262624,1.0,1.0,1.0,1.0,1.0,1.0,1.0,1.0,1.0,1.0,1.0,1.0,1.0,1.0,1.0,1.0,1.0,1.0,1.0,1.0,1.0,1.0,1.0,1.0,1.0,1.0,1.0,1.0],[0.5,0.9999999925261274,0.9999999925261274,0.9999999925261274,0.9999999925261274,0.9999999925261274,0.9999999925261274,0.9999999925261274,0.9999999925261274,0.9999999925261274,0.9999999925261274,0.9999999925261274,0.9999999925261274,0.9999999925261274,0.9999999925261274,0.9999999925261274,0.9999999925261274,0.9999999925261274,0.9999999962631076,0.9999999962631076,0.9999999962631076,0.9999999962631076,0.9999999962631076,1.0,1.0,1.0,1.0,1.0,1.0,1.0,1.0,1.0,1.0,1.0,1.0,1.0,1.0,1.0,1.0,1.0,1.0,1.0,1.0,1.0,1.0,0.9999999999999999,0.9999999999999999,0.9999999999999999,1.0,1.0,1.0],[1.0,2.0,2.0,2.0,2.0,2.0,2.0,2.0,2.0,2.0,2.0,2.0,2.0,2.0,2.0,2.0,2.0,2.0,2.0,2.0,2.0,2.0,2.0,2.0,2.0,2.0,2.0,2.0,2.0,2.0,2.0,2.0,2.0,2.0,2.0,2.0,2.0,2.0,2.0,2.0,2.0,2.0,2.0,2.0,2.0,2.0,2.0,2.0,2.0,2.0,2.0],[0.5,3.529577862487647E-5,3.529577862487647E-5,3.529577862487647E-5,3.529577862487647E-5,3.529577862487647E-5,3.529577862487647E-5,3.529577862487647E-5,3.529577862487647E-5,3.529577862487647E-5,3.529577862487647E-5,3.529577862487647E-5,3.529577862487647E-5,3.529577862487647E-5,3.529577862487647E-5,3.529577862487647E-5,3.529577862487647E-5,3.529577862487647E-5,1.7647889312438234E-5,1.7647889312438234E-5,1.7647889312438234E-5,1.7647889312438234E-5,1.7647889312438234E-5,0.0,0.0,0.0,0.0,0.0,0.0,0.0,0.0,0.0,0.0,0.0,0.0,0.0,0.0,0.0,0.0,0.0,0.0,0.0,0.0,0.0,0.0,0.0,0.0,0.0,0.0,0.0,0.0],[0.5,0.36067134424952496,0.27070611438074976,0.2114115346914455,0.17328664237180474,0.14992735694123505,0.136454809510145,0.12916736335803056,0.12548233365132144,0.12376882611859133,0.12307745104099936,0.12288676405296228,0.12292259620127101,0.12304638944895463,0.12319157830415305,0.12332865984123277,0.12344661691593564,0.12354320817348594,0.12369446345075966,0.1237479014335446,0.12378871199941112,0.12388805301767253,0.12390651150556023,0.12403433349863165,0.12399990134861583,0.12399545111725185,0.12391953333770495,0.12384671075755499,0.1239528452359439,0.12389082475229793,0.12383804502779214,0.12386951329444047,0.1239293167636176,0.12388436010822951,0.12386736417390169,0.1238303160659806,0.1236618062633391,0.1236132852053351,0.12358845137060827,0.12344449011196593,0.12342231426061531,0.12328924149529122,0.12325825097484157,0.12324009885411207,0.12322544522945925,0.12318361280693071,0.12316971901147979,0.12315816582222454,0.12311668575877635,0.1230827305156759,0.12304505137874036],[0.6931471805588758,0.4468076290947541,0.31273329211935275,0.22990697577840424,0.17597598815033377,0.1400344692794689,0.11594670563047847,0.09995358691887689,0.089620263100154,0.08330881481113588,0.07988782346173776,0.07856050493423626,0.07875841223986658,0.08007110048794157,0.08220035505524301,0.0849277444769537,0.0880924469247634,0.0915751949641448,0.09534464188910308,0.09921394010213111,0.10318706362507407,0.10727849468279159,0.11134492508018459,0.11548413877854112,0.11947159598946044,0.1234613318115803,0.1272662322521446,0.13096183256592656,0.13464050497673455,0.13802642098638873,0.14124213708316286,0.14458579416701234,0.14241041175196378,0.14538724599703562,0.1456434773946105,0.14842016840503344,0.1469758300232312,0.14687284979516582,0.1492931122273221,0.15039203496586917,0.15151402639955572,0.1523526094265651,0.15357819122706193,0.15433508430797818,0.15494348216690568,0.15596995676058703,0.15658966561942275,0.15708696111396236,0.15812935766815361,0.15864641088116072,0.1596069966635475],[0.5,0.985019294752918,0.985019294752918,0.985019294752918,0.985019294752918,0.985019294752918,0.985019294752918,0.985019294752918,0.985019294752918,0.985019294752918,0.985019294752918,0.985019294752918,0.985019294752918,0.985019294752918,0.985019294752918,0.985019294752918,0.985019294752918,0.985019294752918,0.9850209992363913,0.9850209992363913,0.9850209992363913,0.9850209992363913,0.9850209992363913,0.9850431575215447,0.9850431575215447,0.9850431575215447,0.9850431575215447,0.9850431575215447,0.9850431575215447,0.9850431575215447,0.9850431575215447,0.9850431575215447,0.9850431575215447,0.9850431575215447,0.9850619068397514,0.9850619068397514,0.9851232682447911,0.9851232682447911,0.9851232682447911,0.9851232682447911,0.9851232682447911,0.9851232682447911,0.9851232682447911,0.9851232682447911,0.9851232682447911,0.9851232682447911,0.9851232682447911,0.9851232682447911,0.9851232682447911,0.9851232682447911,0.9851232682447911],[0.9989103192764519,0.9999835523087973,0.9999835523087973,0.9999835523087973,0.9999835523087973,0.9999835523087973,0.9999835523087973,0.9999835523087973,0.9999835523087973,0.9999835523087973,0.9999835523087973,0.9999835523087973,0.9999835523087973,0.9999835523087973,0.9999835523087973,0.9999835523087973,0.9999835523087973,0.9999835523087973,0.9999835541969512,0.9999835541969512,0.9999835541969512,0.9999835541969512,0.9999835541969512,0.9999835787413641,0.9999835787413641,0.9999835787413641,0.9999835787413641,0.9999835787413641,0.9999835787413641,0.9999835787413641,0.9999835787413641,0.9999835787413641,0.999983578741364,0.999983578741364,0.9999835995074128,0.9999835995074128,0.9999836674542876,0.9999836674542876,0.9999836674542876,0.9999836674542876,0.9999836674542876,0.9999836674542876,0.9999836674542876,0.9999836674542876,0.9999836674542876,0.9999836674542876,0.9999836674542876,0.9999836674542876,0.9999836674542876,0.9999836674542876,0.9999836674542876],[1.0,1.0010908694229301,1.0010908694229301,1.0010908694229301,1.0010908694229301,1.0010908694229301,1.0010908694229301,1.0010908694229301,1.0010908694229301,1.0010908694229301,1.0010908694229301,1.0010908694229301,1.0010908694229301,1.0010908694229301,1.0010908694229301,1.0010908694229301,1.0010908694229301,1.0010908694229301,1.0010908694229301,1.0010908694229301,1.0010908694229301,1.0010908694229301,1.0010908694229301,1.0010908694229301,1.0010908694229301,1.0010908694229301,1.0010908694229301,1.0010908694229301,1.0010908694229301,1.0010908694229301,1.0010908694229301,1.0010908694229301,1.0010908694229301,1.0010908694229301,1.0010908694229301,1.0010908694229301,1.0010908694229301,1.0010908694229301,1.0010908694229301,1.0010908694229301,1.0010908694229301,1.0010908694229301,1.0010908694229301,1.0010908694229301,1.0010908694229301,1.0010908694229301,1.0010908694229301,1.0010908694229301,1.0010908694229301,1.0010908694229301,1.0010908694229301],[0.0010896807235480004,0.0010896807235480004,0.0010896807235480004,0.0010896807235480004,0.0010896807235480004,0.0010896807235480004,0.0010896807235480004,0.0010896807235480004,0.0010896807235480004,0.0010896807235480004,0.0010896807235480004,0.0010896807235480004,0.0010896807235480004,0.0010896807235480004,0.0010896807235480004,0.0010896807235480004,0.0010896807235480004,0.0010896807235480004,0.0010896807235480004,0.0010896807235480004,0.0010896807235480004,0.0010896807235480004,0.0010896807235480004,0.0010896807235480004,0.0010896807235480004,0.0010896807235480004,0.0010896807235480004,0.0010896807235480004,0.0010896807235480004,0.0010896807235480004,0.0010896807235480004,0.0010896807235480004,0.0010896807235480004,0.0010896807235480004,0.0010896807235480004,0.0010896807235480004,0.0010896807235480004,0.0010896807235480004,0.0010896807235480004,0.0010896807235480004,0.0010896807235480004,0.0010896807235480004,0.0010896807235480004,0.0010896807235480004,0.0010896807235480004,0.0010896807235480004,0.0010896807235480004,0.0010896807235480004,0.0010896807235480004,0.0010896807235480004,0.0010896807235480004]]},"reproducibility_information_table":[{"__meta":{"schema_version":3,"schema_name":"TwoDimTableV3","schema_type":"TwoDimTable"},"name":"Node Information","description":"","columns":[{"__meta":{"schema_version":-1,"schema_name":"ColumnSpecsBase","schema_type":"Iced"},"name":"","type":"string","format":"%s","description":""},{"__meta":{"schema_version":-1,"schema_name":"ColumnSpecsBase","schema_type":"Iced"},"name":"node","type":"int","format":"%d","description":"node"},{"__meta":{"schema_version":-1,"schema_name":"ColumnSpecsBase","schema_type":"Iced"},"name":"h2o","type":"string","format":"%s","description":"h2o"},{"__meta":{"schema_version":-1,"schema_name":"ColumnSpecsBase","schema_type":"Iced"},"name":"healthy","type":"string","format":"%s","description":"healthy"},{"__meta":{"schema_version":-1,"schema_name":"ColumnSpecsBase","schema_type":"Iced"},"name":"last_ping","type":"string","format":"%s","description":"last_ping"},{"__meta":{"schema_version":-1,"schema_name":"ColumnSpecsBase","schema_type":"Iced"},"name":"num_cpus","type":"int","format":"%d","description":"num_cpus"},{"__meta":{"schema_version":-1,"schema_name":"ColumnSpecsBase","schema_type":"Iced"},"name":"sys_load","type":"double","format":"%.5f","description":"sys_load"},{"__meta":{"schema_version":-1,"schema_name":"ColumnSpecsBase","schema_type":"Iced"},"name":"mem_value_size","type":"long","format":"%d","description":"mem_value_size"},{"__meta":{"schema_version":-1,"schema_name":"ColumnSpecsBase","schema_type":"Iced"},"name":"free_mem","type":"long","format":"%d","description":"free_mem"},{"__meta":{"schema_version":-1,"schema_name":"ColumnSpecsBase","schema_type":"Iced"},"name":"pojo_mem","type":"long","format":"%d","description":"pojo_mem"},{"__meta":{"schema_version":-1,"schema_name":"ColumnSpecsBase","schema_type":"Iced"},"name":"swap_mem","type":"long","format":"%d","description":"swap_mem"},{"__meta":{"schema_version":-1,"schema_name":"ColumnSpecsBase","schema_type":"Iced"},"name":"free_disc","type":"long","format":"%d","description":"free_disc"},{"__meta":{"schema_version":-1,"schema_name":"ColumnSpecsBase","schema_type":"Iced"},"name":"max_disc","type":"long","format":"%d","description":"max_disc"},{"__meta":{"schema_version":-1,"schema_name":"ColumnSpecsBase","schema_type":"Iced"},"name":"pid","type":"int","format":"%d","description":"pid"},{"__meta":{"schema_version":-1,"schema_name":"ColumnSpecsBase","schema_type":"Iced"},"name":"num_keys","type":"int","format":"%d","description":"num_keys"},{"__meta":{"schema_version":-1,"schema_name":"ColumnSpecsBase","schema_type":"Iced"},"name":"tcps_active","type":"string","format":"%s","description":"tcps_active"},{"__meta":{"schema_version":-1,"schema_name":"ColumnSpecsBase","schema_type":"Iced"},"name":"open_fds","type":"int","format":"%d","description":"open_fds"},{"__meta":{"schema_version":-1,"schema_name":"ColumnSpecsBase","schema_type":"Iced"},"name":"rpcs_active","type":"string","format":"%s","description":"rpcs_active"},{"__meta":{"schema_version":-1,"schema_name":"ColumnSpecsBase","schema_type":"Iced"},"name":"nthreads","type":"int","format":"%d","description":"nthreads"},{"__meta":{"schema_version":-1,"schema_name":"ColumnSpecsBase","schema_type":"Iced"},"name":"is_leader","type":"string","format":"%s","description":"is_leader"},{"__meta":{"schema_version":-1,"schema_name":"ColumnSpecsBase","schema_type":"Iced"},"name":"total_mem","type":"long","format":"%d","description":"total_mem"},{"__meta":{"schema_version":-1,"schema_name":"ColumnSpecsBase","schema_type":"Iced"},"name":"max_mem","type":"long","format":"%d","description":"max_mem"},{"__meta":{"schema_version":-1,"schema_name":"ColumnSpecsBase","schema_type":"Iced"},"name":"java_version","type":"string","format":"%s","description":"java_version"},{"__meta":{"schema_version":-1,"schema_name":"ColumnSpecsBase","schema_type":"Iced"},"name":"jvm_launch_parameters","type":"string","format":"%s","description":"jvm_launch_parameters"},{"__meta":{"schema_version":-1,"schema_name":"ColumnSpecsBase","schema_type":"Iced"},"name":"os_version","type":"string","format":"%s","description":"os_version"},{"__meta":{"schema_version":-1,"schema_name":"ColumnSpecsBase","schema_type":"Iced"},"name":"machine_physical_mem","type":"long","format":"%d","description":"machine_physical_mem"},{"__meta":{"schema_version":-1,"schema_name":"ColumnSpecsBase","schema_type":"Iced"},"name":"machine_locale","type":"string","format":"%s","description":"machine_locale"}],"rowcount":1,"data":[[""],[0],["10.25.9.1:54321"],["true"],["1600681120218"],[12],[0.99],[3021618],[7445393176],[187315638],[0],[182783574016],[200510799872],[17229],[447],["\u0000"],[501],["\u0000"],[12],["true"],[3960471552],[7635730432],["Java 1.8.0_265 (from Private Build)"],["[-Xmx8g]"],["Linux 5.0.0-32-generic (amd64)"],[16586354688],["en_US"]]},{"__meta":{"schema_version":3,"schema_name":"TwoDimTableV3","schema_type":"TwoDimTable"},"name":"Cluster Configuration","description":"","columns":[{"__meta":{"schema_version":-1,"schema_name":"ColumnSpecsBase","schema_type":"Iced"},"name":"","type":"string","format":"%s","description":""},{"__meta":{"schema_version":-1,"schema_name":"ColumnSpecsBase","schema_type":"Iced"},"name":"h2o_cluster_uptime","type":"long","format":"%d","description":"H2O cluster uptime"},{"__meta":{"schema_version":-1,"schema_name":"ColumnSpecsBase","schema_type":"Iced"},"name":"h2o_cluster_timezone","type":"string","format":"%s","description":"H2O cluster timezone"},{"__meta":{"schema_version":-1,"schema_name":"ColumnSpecsBase","schema_type":"Iced"},"name":"h2o_data_parsing_timezone","type":"string","format":"%s","description":"H2O data parsing timezone"},{"__meta":{"schema_version":-1,"schema_name":"ColumnSpecsBase","schema_type":"Iced"},"name":"h2o_cluster_version","type":"string","format":"%s","description":"H2O cluster version"},{"__meta":{"schema_version":-1,"schema_name":"ColumnSpecsBase","schema_type":"Iced"},"name":"h2o_cluster_version_age","type":"string","format":"%s","description":"H2O cluster version age"},{"__meta":{"schema_version":-1,"schema_name":"ColumnSpecsBase","schema_type":"Iced"},"name":"h2o_cluster_name","type":"string","format":"%s","description":"H2O cluster name"},{"__meta":{"schema_version":-1,"schema_name":"ColumnSpecsBase","schema_type":"Iced"},"name":"h2o_cluster_total_nodes","type":"int","format":"%d","description":"H2O cluster total nodes"},{"__meta":{"schema_version":-1,"schema_name":"ColumnSpecsBase","schema_type":"Iced"},"name":"h2o_cluster_free_memory","type":"long","format":"%d","description":"H2O cluster free memory"},{"__meta":{"schema_version":-1,"schema_name":"ColumnSpecsBase","schema_type":"Iced"},"name":"h2o_cluster_total_cores","type":"int","format":"%d","description":"H2O cluster total cores"},{"__meta":{"schema_version":-1,"schema_name":"ColumnSpecsBase","schema_type":"Iced"},"name":"h2o_cluster_allowed_cores","type":"int","format":"%d","description":"H2O cluster allowed cores"},{"__meta":{"schema_version":-1,"schema_name":"ColumnSpecsBase","schema_type":"Iced"},"name":"h2o_cluster_status","type":"string","format":"%s","description":"H2O cluster status"},{"__meta":{"schema_version":-1,"schema_name":"ColumnSpecsBase","schema_type":"Iced"},"name":"h2o_internal_security","type":"string","format":"%s","description":"H2O internal security"},{"__meta":{"schema_version":-1,"schema_name":"ColumnSpecsBase","schema_type":"Iced"},"name":"h2o_api_extensions","type":"string","format":"%s","description":"H2O API Extensions"}],"rowcount":1,"data":[[""],[1879635],["Europe/Paris"],["UTC"],["3.30.1.2"],["17 days"],["sparkling-water-gabriel_local-1600679239327"],[1],[7445393176],[12],[12],["locked, healthly"],["false"],["XGBoost, Algos, Amazon S3, Sparkling Water REST API Extensions, AutoML, Core V3, TargetEncoder, Core V4"]]},{"__meta":{"schema_version":3,"schema_name":"TwoDimTableV3","schema_type":"TwoDimTable"},"name":"Input Frames Information","description":"","columns":[{"__meta":{"schema_version":-1,"schema_name":"ColumnSpecsBase","schema_type":"Iced"},"name":"","type":"string","format":"%s","description":""},{"__meta":{"schema_version":-1,"schema_name":"ColumnSpecsBase","schema_type":"Iced"},"name":"input_frame","type":"string","format":"%s","description":"Input Frame"},{"__meta":{"schema_version":-1,"schema_name":"ColumnSpecsBase","schema_type":"Iced"},"name":"checksum","type":"long","format":"%d","description":"Checksum"},{"__meta":{"schema_version":-1,"schema_name":"ColumnSpecsBase","schema_type":"Iced"},"name":"espc","type":"string","format":"%d","description":"ESPC"}],"rowcount":3,"data":[["","",""],["training_frame","validation_frame","calibration_frame"],[8878303734219232050,7468288308260334860,-1],["[0, 4096, 9216, 14336, 18432, 23552, 28672, 32768, 37888, 43008, 47104, 52224, 56664]","[0, 73416]","-1"]]}],"training_metrics":{"__meta":{"schema_version":3,"schema_name":"ModelMetricsBinomialV3","schema_type":"ModelMetricsBinomial"},"model":{"__meta":{"schema_version":3,"schema_name":"ModelKeyV3","schema_type":"Key<Model>"},"name":"XGBoost_model_python_1600679241174_2","type":"Key<Model>","URL":"/3/Models/XGBoost_model_python_1600679241174_2"},"model_checksum":6555169708456501388,"frame":{"__meta":{"schema_version":3,"schema_name":"FrameKeyV3","schema_type":"Key<Frame>"},"name":"py_18_sid_b9bd","type":"Key<Frame>","URL":"/3/Frames/py_18_sid_b9bd"},"frame_checksum":4416835864903349156,"description":null,"model_category":"Binomial","scoring_time":1600681124989,"predictions":null,"MSE":1.7456005743241619E-6,"RMSE":0.0013212117825406198,"nobs":56664,"custom_metric_name":null,"custom_metric_value":0.0,"r2":0.9999930175977026,"logloss":7.471398169008946E-5,"AUC":1.0,"pr_auc":1.0,"Gini":1.0,"mean_per_class_error":0.0,"domain":["false","true"],"cm":{"__meta":{"schema_version":3,"schema_name":"ConfusionMatrixV3","schema_type":"ConfusionMatrix"},"table":{"__meta":{"schema_version":3,"schema_name":"TwoDimTableV3","schema_type":"TwoDimTable"},"name":"Confusion Matrix","description":"Row labels: Actual class; Column labels: Predicted class","columns":[{"__meta":{"schema_version":-1,"schema_name":"ColumnSpecsBase","schema_type":"Iced"},"name":"false","type":"long","format":"%d","description":"false"},{"__meta":{"schema_version":-1,"schema_name":"ColumnSpecsBase","schema_type":"Iced"},"name":"true","type":"long","format":"%d","description":"true"},{"__meta":{"schema_version":-1,"schema_name":"ColumnSpecsBase","schema_type":"Iced"},"name":"Error","type":"double","format":"%.4f","description":"Error"},{"__meta":{"schema_version":-1,"schema_name":"ColumnSpecsBase","schema_type":"Iced"},"name":"Rate","type":"string","format":"= %10s","description":"Rate"}],"rowcount":3,"data":[[28332,0,28332],[0,28332,28332],[0.0,0.0,0.0],["0 / 28,332","0 / 28,332","0 / 56,664"]]}},"thresholds_and_metric_scores":{"__meta":{"schema_version":3,"schema_name":"TwoDimTableV3","schema_type":"TwoDimTable"},"name":"Metrics for Thresholds","description":"Binomial metrics as a function of classification thresholds","columns":[{"__meta":{"schema_version":-1,"schema_name":"ColumnSpecsBase","schema_type":"Iced"},"name":"threshold","type":"double","format":"%f","description":"Threshold"},{"__meta":{"schema_version":-1,"schema_name":"ColumnSpecsBase","schema_type":"Iced"},"name":"f1","type":"double","format":"%f","description":"f1"},{"__meta":{"schema_version":-1,"schema_name":"ColumnSpecsBase","schema_type":"Iced"},"name":"f2","type":"double","format":"%f","description":"f2"},{"__meta":{"schema_version":-1,"schema_name":"ColumnSpecsBase","schema_type":"Iced"},"name":"f0point5","type":"double","format":"%f","description":"f0point5"},{"__meta":{"schema_version":-1,"schema_name":"ColumnSpecsBase","schema_type":"Iced"},"name":"accuracy","type":"double","format":"%f","description":"accuracy"},{"__meta":{"schema_version":-1,"schema_name":"ColumnSpecsBase","schema_type":"Iced"},"name":"precision","type":"double","format":"%f","description":"precision"},{"__meta":{"schema_version":-1,"schema_name":"ColumnSpecsBase","schema_type":"Iced"},"name":"recall","type":"double","format":"%f","description":"recall"},{"__meta":{"schema_version":-1,"schema_name":"ColumnSpecsBase","schema_type":"Iced"},"name":"specificity","type":"double","format":"%f","description":"specificity"},{"__meta":{"schema_version":-1,"schema_name":"ColumnSpecsBase","schema_type":"Iced"},"name":"absolute_mcc","type":"double","format":"%f","description":"absolute_mcc"},{"__meta":{"schema_version":-1,"schema_name":"ColumnSpecsBase","schema_type":"Iced"},"name":"min_per_class_accuracy","type":"double","format":"%f","description":"min_per_class_accuracy"},{"__meta":{"schema_version":-1,"schema_name":"ColumnSpecsBase","schema_type":"Iced"},"name":"mean_per_class_accuracy","type":"double","format":"%f","description":"mean_per_class_accuracy"},{"__meta":{"schema_version":-1,"schema_name":"ColumnSpecsBase","schema_type":"Iced"},"name":"tns","type":"long","format":"%d","description":"tns"},{"__meta":{"schema_version":-1,"schema_name":"ColumnSpecsBase","schema_type":"Iced"},"name":"fns","type":"long","format":"%d","description":"fns"},{"__meta":{"schema_version":-1,"schema_name":"ColumnSpecsBase","schema_type":"Iced"},"name":"fps","type":"long","format":"%d","description":"fps"},{"__meta":{"schema_version":-1,"schema_name":"ColumnSpecsBase","schema_type":"Iced"},"name":"tps","type":"long","format":"%d","description":"tps"},{"__meta":{"schema_version":-1,"schema_name":"ColumnSpecsBase","schema_type":"Iced"},"name":"tnr","type":"double","format":"%f","description":"tnr"},{"__meta":{"schema_version":-1,"schema_name":"ColumnSpecsBase","schema_type":"Iced"},"name":"fnr","type":"double","format":"%f","description":"fnr"},{"__meta":{"schema_version":-1,"schema_name":"ColumnSpecsBase","schema_type":"Iced"},"name":"fpr","type":"double","format":"%f","description":"fpr"},{"__meta":{"schema_version":-1,"schema_name":"ColumnSpecsBase","schema_type":"Iced"},"name":"tpr","type":"double","format":"%f","description":"tpr"},{"__meta":{"schema_version":-1,"schema_name":"ColumnSpecsBase","schema_type":"Iced"},"name":"idx","type":"int","format":"%d","description":"idx"}],"rowcount":33,"data":[[0.9999939203262329,0.9999935626983643,0.9999586343765259,0.9999531507492065,0.9999387264251709,0.9999244213104248,0.9999198913574219,0.9999167919158936,0.9998812675476074,0.9998315572738647,0.9997373223304749,0.9997332692146301,0.9996877908706665,0.9995715022087097,0.9994301199913025,0.9992645382881165,0.9986599683761597,0.9980583786964417,0.9972124695777893,0.9419007897377014,0.8590659499168396,0.11018160730600357,0.004730739630758762,0.0038488951977342367,0.001003097160719335,1.9452952255960554E-4,1.8352364713791758E-4,3.61018355761189E-5,2.4940291041275486E-5,2.097609467455186E-5,2.0350915292510763E-5,2.031967233051546E-5,1.6222895283135585E-5],[0.03400180417736451,0.6574102594479327,0.6580461811722913,0.9019668636760003,0.9071552555448409,0.9076187538556446,0.9093638725820421,0.918687861381982,0.9235153311296022,0.9244348271738511,0.9271839145745768,0.9858610444929663,0.9890094204967171,0.9922458561570747,0.9987631197653462,0.998940004239983,0.9995762711864407,0.999717554017794,0.9999647029755392,0.999982351799234,1.0,0.9998941238750663,0.9985725614591594,0.9982910801430559,0.9942099168333509,0.9904215898762497,0.974830973557899,0.9711386851305958,0.9469567833149503,0.9121846777958434,0.8684670324617602,0.7174747078263292,0.6666666666666666],[0.021525593491363404,0.545318039952516,0.5460183460277783,0.8518605281074076,0.8592870818292095,0.8599526551129555,0.8624617563946229,0.8759525178494749,0.8829940276385195,0.8843396596430827,0.888371283033654,0.9775679704692269,0.9825302742406625,0.9876508242225117,0.9980224592132213,0.9983050847457626,0.9993222062187579,0.9995481630001977,0.999943525956882,0.9999717631777721,1.0,0.9999576468595147,0.9994285351450886,0.9993157304401192,0.997675892668498,0.996146489648965,0.9897780230990127,0.9882520370577073,0.9780852562243671,0.962920164497162,0.9428788221669041,0.863922718984223,0.8333333333333334],[0.0808794401162023,0.8275076350448558,0.8279104691075514,0.9583360785347212,0.9606712198947747,0.9608790778173267,0.9616605875073275,0.9658069589779804,0.9679346267800822,0.968338423363237,0.9695429060153947,0.9942960288808663,0.9955745854765942,0.9968838445924698,0.9995048804639978,0.999575731862537,0.9998304653725524,0.9998870024576966,0.9999858808911982,0.9999929406449426,1.0,0.9998306089607859,0.9977180527383367,0.9972685289479613,0.9907679395719682,0.9847621166198592,0.9603286512283746,0.9546079409148495,0.917748581201897,0.8665280156594078,0.804941245994045,0.6134804600886918,0.5555555555555556],[0.5086474657630947,0.7448291684314556,0.7451821262177044,0.910719327968375,0.9150430608499224,0.915431314414796,0.9168960892277284,0.9248023436397007,0.9289495976281237,0.9297437526471835,0.9321262177043625,0.9860581674431738,0.989128900183538,0.9923055202597769,0.9987646477481293,0.9989411266412537,0.9995764506565015,0.999717633771001,0.9999647042213752,0.9999823521106875,1.0,0.9998941126641254,0.9985705209656925,0.9982881547366935,0.9941761965268954,0.9903289566567839,0.9741811379359029,0.970280954397854,0.9439855993223211,0.9037307638006494,0.8485458139206551,0.6062226457715657,0.5],[1.0,1.0,1.0,1.0,1.0,1.0,1.0,1.0,1.0,1.0,1.0,1.0,1.0,1.0,1.0,1.0,1.0,1.0,1.0,1.0,1.0,0.9997882701672666,0.9971491922711435,0.996587991135812,0.9884864978019677,0.9810249307479224,0.9508978016445713,0.9438965884861408,0.8992572843267949,0.8385473702903483,0.7675136804464431,0.5594234376542601,0.5],[0.017294931526189466,0.4896583368629112,0.4903642524354087,0.8214386559367499,0.8300861216998447,0.8308626288295919,0.8337921784554567,0.8496046872794014,0.8578991952562474,0.8594875052943668,0.8642524354087251,0.9721163348863476,0.9782578003670761,0.9846110405195538,0.9975292954962587,0.9978822532825075,0.9991529013130029,0.999435267542002,0.9999294084427502,0.9999647042213752,1.0,1.0,1.0,1.0,1.0,1.0,1.0,1.0,1.0,1.0,1.0,1.0,1.0],[1.0,1.0,1.0,1.0,1.0,1.0,1.0,1.0,1.0,1.0,1.0,1.0,1.0,1.0,1.0,1.0,1.0,1.0,1.0,1.0,1.0,0.9997882253282507,0.997141041931385,0.9965763094733869,0.9883523930537907,0.9806579133135677,0.9483622758718058,0.940561908795708,0.8879711986446421,0.8074615276012989,0.6970916278413102,0.21244529154313144,0.0],[0.09339644914975181,0.5693888721175862,0.5699323591593779,0.8348558062947541,0.8423345800819209,0.8430082819345348,0.8455531922726331,0.8593793189240553,0.8666942423356442,0.8681000076302323,0.8723271688646622,0.9724944650297122,0.9784891049784656,0.98472764906108,0.9975323401595099,0.9978844909667245,0.9991532597973597,0.9994354269133617,0.9999294109341583,0.9999647048442492,1.0,0.9997882477477583,0.9971451170929369,0.9965821502874833,0.9884194431535306,0.9808414048641324,0.9496291925215561,0.9422277734031625,0.8935964238142349,0.8228576672673693,0.7314556451985903,0.3447417516178162,0.0],[0.017294931526189466,0.4896583368629112,0.4903642524354087,0.8214386559367499,0.8300861216998447,0.8308626288295919,0.8337921784554567,0.8496046872794014,0.8578991952562474,0.8594875052943668,0.8642524354087251,0.9721163348863476,0.9782578003670761,0.9846110405195538,0.9975292954962587,0.9978822532825075,0.9991529013130029,0.999435267542002,0.9999294084427502,0.9999647042213752,1.0,0.9997882253282507,0.997141041931385,0.9965763094733869,0.9883523930537907,0.9806579133135677,0.9483622758718058,0.940561908795708,0.8879711986446421,0.8074615276012989,0.6970916278413102,0.21244529154313144,0.0],[0.5086474657630947,0.7448291684314556,0.7451821262177043,0.910719327968375,0.9150430608499224,0.915431314414796,0.9168960892277284,0.9248023436397007,0.9289495976281237,0.9297437526471835,0.9321262177043625,0.9860581674431739,0.989128900183538,0.9923055202597769,0.9987646477481293,0.9989411266412538,0.9995764506565015,0.999717633771001,0.9999647042213751,0.9999823521106876,1.0,0.9998941126641254,0.9985705209656925,0.9982881547366935,0.9941761965268954,0.9903289566567839,0.9741811379359029,0.970280954397854,0.9439855993223211,0.9037307638006494,0.8485458139206551,0.6062226457715657,0.5],[28332,28332,28332,28332,28332,28332,28332,28332,28332,28332,28332,28332,28332,28332,28332,28332,28332,28332,28332,28332,28332,28326,28251,28235,28002,27784,26869,26648,25158,22877,19750,6019,0],[27842,14459,14439,5059,4814,4792,4709,4261,4026,3981,3846,790,616,436,70,60,24,16,2,1,0,0,0,0,0,0,0,0,0,0,0,0,0],[0,0,0,0,0,0,0,0,0,0,0,0,0,0,0,0,0,0,0,0,0,6,81,97,330,548,1463,1684,3174,5455,8582,22313,28332],[490,13873,13893,23273,23518,23540,23623,24071,24306,24351,24486,27542,27716,27896,28262,28272,28308,28316,28330,28331,28332,28332,28332,28332,28332,28332,28332,28332,28332,28332,28332,28332,28332],[1.0,1.0,1.0,1.0,1.0,1.0,1.0,1.0,1.0,1.0,1.0,1.0,1.0,1.0,1.0,1.0,1.0,1.0,1.0,1.0,1.0,0.9997882253282507,0.997141041931385,0.9965763094733869,0.9883523930537907,0.9806579133135677,0.9483622758718058,0.940561908795708,0.8879711986446421,0.8074615276012989,0.6970916278413102,0.21244529154313144,0.0],[0.9827050684738106,0.5103416631370888,0.5096357475645913,0.17856134406325003,0.1699138783001553,0.16913737117040803,0.16620782154454328,0.1503953127205986,0.14210080474375264,0.1405124947056332,0.13574756459127488,0.02788366511365241,0.0217421996329239,0.015388959480446138,0.0024707045037413527,0.0021177467174925877,8.470986869970351E-4,5.647324579980235E-4,7.059155724975294E-5,3.529577862487647E-5,0.0,0.0,0.0,0.0,0.0,0.0,0.0,0.0,0.0,0.0,0.0,0.0,0.0],[0.0,0.0,0.0,0.0,0.0,0.0,0.0,0.0,0.0,0.0,0.0,0.0,0.0,0.0,0.0,0.0,0.0,0.0,0.0,0.0,0.0,2.1177467174925878E-4,0.0028589580686149934,0.003423690526613017,0.011647606946209234,0.0193420866864323,0.05163772412819427,0.059438091204291964,0.1120288013553579,0.19253847239870112,0.3029083721586898,0.7875547084568686,1.0],[0.017294931526189466,0.4896583368629112,0.4903642524354087,0.8214386559367499,0.8300861216998447,0.8308626288295919,0.8337921784554567,0.8496046872794014,0.8578991952562474,0.8594875052943668,0.8642524354087251,0.9721163348863476,0.9782578003670761,0.9846110405195538,0.9975292954962587,0.9978822532825075,0.9991529013130029,0.999435267542002,0.9999294084427502,0.9999647042213752,1.0,1.0,1.0,1.0,1.0,1.0,1.0,1.0,1.0,1.0,1.0,1.0,1.0],[0,1,2,3,4,5,6,7,8,9,10,11,12,13,14,15,16,17,18,19,20,21,22,23,24,25,26,27,28,29,30,31,32]]},"max_criteria_and_metric_scores":{"__meta":{"schema_version":3,"schema_name":"TwoDimTableV3","schema_type":"TwoDimTable"},"name":"Maximum Metrics","description":"Maximum metrics at their respective thresholds","columns":[{"__meta":{"schema_version":-1,"schema_name":"ColumnSpecsBase","schema_type":"Iced"},"name":"metric","type":"string","format":"%s","description":"Metric"},{"__meta":{"schema_version":-1,"schema_name":"ColumnSpecsBase","schema_type":"Iced"},"name":"threshold","type":"double","format":"%f","description":"Threshold"},{"__meta":{"schema_version":-1,"schema_name":"ColumnSpecsBase","schema_type":"Iced"},"name":"value","type":"double","format":"%f","description":"Value"},{"__meta":{"schema_version":-1,"schema_name":"ColumnSpecsBase","schema_type":"Iced"},"name":"idx","type":"long","format":"%d","description":"idx"}],"rowcount":18,"data":[["max f1","max f2","max f0point5","max accuracy","max precision","max recall","max specificity","max absolute_mcc","max min_per_class_accuracy","max mean_per_class_accuracy","max tns","max fns","max fps","max tps","max tnr","max fnr","max fpr","max tpr"],[0.8590659499168396,0.8590659499168396,0.8590659499168396,0.8590659499168396,0.9999939203262329,0.8590659499168396,0.9999939203262329,0.8590659499168396,0.8590659499168396,0.8590659499168396,0.9999939203262329,0.9999939203262329,1.6222895283135585E-5,0.8590659499168396,0.9999939203262329,0.9999939203262329,1.6222895283135585E-5,0.8590659499168396],[1.0,1.0,1.0,1.0,1.0,1.0,1.0,1.0,1.0,1.0,28332.0,27842.0,28332.0,28332.0,1.0,0.9827050684738106,1.0,1.0],[20,20,20,20,0,20,0,20,20,20,0,0,32,20,0,0,32,20]]},"gains_lift_table":{"__meta":{"schema_version":3,"schema_name":"TwoDimTableV3","schema_type":"TwoDimTable"},"name":"Gains/Lift Table","description":"Avg response rate: 50.00 %, avg score: 50.00 %","columns":[{"__meta":{"schema_version":-1,"schema_name":"ColumnSpecsBase","schema_type":"Iced"},"name":"group","type":"int","format":"%d","description":"Group"},{"__meta":{"schema_version":-1,"schema_name":"ColumnSpecsBase","schema_type":"Iced"},"name":"cumulative_data_fraction","type":"double","format":"%.8f","description":"Cumulative Data Fraction"},{"__meta":{"schema_version":-1,"schema_name":"ColumnSpecsBase","schema_type":"Iced"},"name":"lower_threshold","type":"double","format":"%5f","description":"Lower Threshold"},{"__meta":{"schema_version":-1,"schema_name":"ColumnSpecsBase","schema_type":"Iced"},"name":"lift","type":"double","format":"%5f","description":"Lift"},{"__meta":{"schema_version":-1,"schema_name":"ColumnSpecsBase","schema_type":"Iced"},"name":"cumulative_lift","type":"double","format":"%5f","description":"Cumulative Lift"},{"__meta":{"schema_version":-1,"schema_name":"ColumnSpecsBase","schema_type":"Iced"},"name":"response_rate","type":"double","format":"%5f","description":"Response Rate"},{"__meta":{"schema_version":-1,"schema_name":"ColumnSpecsBase","schema_type":"Iced"},"name":"score","type":"double","format":"%5f","description":"Score"},{"__meta":{"schema_version":-1,"schema_name":"ColumnSpecsBase","schema_type":"Iced"},"name":"cumulative_response_rate","type":"double","format":"%5f","description":"Cumulative Response Rate"},{"__meta":{"schema_version":-1,"schema_name":"ColumnSpecsBase","schema_type":"Iced"},"name":"cumulative_score","type":"double","format":"%5f","description":"Cumulative Score"},{"__meta":{"schema_version":-1,"schema_name":"ColumnSpecsBase","schema_type":"Iced"},"name":"capture_rate","type":"double","format":"%5f","description":"Capture Rate"},{"__meta":{"schema_version":-1,"schema_name":"ColumnSpecsBase","schema_type":"Iced"},"name":"cumulative_capture_rate","type":"double","format":"%5f","description":"Cumulative Capture Rate"},{"__meta":{"schema_version":-1,"schema_name":"ColumnSpecsBase","schema_type":"Iced"},"name":"gain","type":"double","format":"%5f","description":"Gain"},{"__meta":{"schema_version":-1,"schema_name":"ColumnSpecsBase","schema_type":"Iced"},"name":"cumulative_gain","type":"double","format":"%5f","description":"Cumulative Gain"},{"__meta":{"schema_version":-1,"schema_name":"ColumnSpecsBase","schema_type":"Iced"},"name":"kolmogorov_smirnov","type":"double","format":"%5f","description":"Kolmogorov Smirnov"}],"rowcount":6,"data":[[1,2,3,4,5,6],[0.2448291684314556,0.41071932796837496,0.5,0.6514541860793449,0.8937773542284343,1.0],[0.9999935626983643,0.9999531507492065,0.4846237786114216,2.0350915292510763E-5,2.031967233051546E-5,1.6222895283135585E-5],[2.0,2.0,2.0,0.0,0.0,0.0],[2.0,2.0,2.0,1.5350273608928862,1.1188468753085201,1.0],[1.0,1.0,1.0,0.0,0.0,0.0],[0.9999935753299259,0.9999531624164987,0.9996845441200112,1.955434600547223E-4,2.031967233051546E-5,1.6222895283135585E-5],[1.0,1.0,1.0,0.7675136804464431,0.5594234376542601,0.5],[0.9999935753299259,0.9999772524928953,0.9999249860924145,0.7675015674254884,0.5594201178668229,0.49999875608802685],[0.4896583368629112,0.33178031907383876,0.17856134406325003,0.0,0.0,0.0],[0.4896583368629112,0.8214386559367499,1.0,1.0,1.0,1.0],[100.0,100.0,100.0,-100.0,-100.0,-100.0],[100.0,100.0,100.0,53.50273608928862,11.884687530852013,0.0],[0.4896583368629112,0.8214386559367499,1.0,0.6970916278413102,0.2124452915431314,0.0]]}},"validation_metrics":{"__meta":{"schema_version":3,"schema_name":"ModelMetricsBinomialV3","schema_type":"ModelMetricsBinomial"},"model":{"__meta":{"schema_version":3,"schema_name":"ModelKeyV3","schema_type":"Key<Model>"},"name":"XGBoost_model_python_1600679241174_2","type":"Key<Model>","URL":"/3/Models/XGBoost_model_python_1600679241174_2"},"model_checksum":6555169708456501388,"frame":{"__meta":{"schema_version":3,"schema_name":"FrameKeyV3","schema_type":"Key<Frame>"},"name":"py_19_sid_b9bd","type":"Key<Frame>","URL":"/3/Frames/py_19_sid_b9bd"},"frame_checksum":-3184494075745550258,"description":null,"model_category":"Binomial","scoring_time":1600681125052,"predictions":null,"MSE":0.015140084668796856,"RMSE":0.12304505137874036,"nobs":73416,"custom_metric_name":null,"custom_metric_value":0.0,"r2":-12.90921230107949,"logloss":0.1596069966635475,"AUC":0.9851232682447911,"pr_auc":0.9999836674542876,"Gini":0.9702465364895823,"mean_per_class_error":0.5,"domain":["false","true"],"cm":{"__meta":{"schema_version":3,"schema_name":"ConfusionMatrixV3","schema_type":"ConfusionMatrix"},"table":{"__meta":{"schema_version":3,"schema_name":"TwoDimTableV3","schema_type":"TwoDimTable"},"name":"Confusion Matrix","description":"Row labels: Actual class; Column labels: Predicted class","columns":[{"__meta":{"schema_version":-1,"schema_name":"ColumnSpecsBase","schema_type":"Iced"},"name":"false","type":"long","format":"%d","description":"false"},{"__meta":{"schema_version":-1,"schema_name":"ColumnSpecsBase","schema_type":"Iced"},"name":"true","type":"long","format":"%d","description":"true"},{"__meta":{"schema_version":-1,"schema_name":"ColumnSpecsBase","schema_type":"Iced"},"name":"Error","type":"double","format":"%.4f","description":"Error"},{"__meta":{"schema_version":-1,"schema_name":"ColumnSpecsBase","schema_type":"Iced"},"name":"Rate","type":"string","format":"= %11s","description":"Rate"}],"rowcount":3,"data":[[0,0,0],[80,73336,73416],[1.0,0.0,0.0010896807235480004],["80 / 80","0 / 73,336","80 / 73,416"]]}},"thresholds_and_metric_scores":{"__meta":{"schema_version":3,"schema_name":"TwoDimTableV3","schema_type":"TwoDimTable"},"name":"Metrics for Thresholds","description":"Binomial metrics as a function of classification thresholds","columns":[{"__meta":{"schema_version":-1,"schema_name":"ColumnSpecsBase","schema_type":"Iced"},"name":"threshold","type":"double","format":"%f","description":"Threshold"},{"__meta":{"schema_version":-1,"schema_name":"ColumnSpecsBase","schema_type":"Iced"},"name":"f1","type":"double","format":"%f","description":"f1"},{"__meta":{"schema_version":-1,"schema_name":"ColumnSpecsBase","schema_type":"Iced"},"name":"f2","type":"double","format":"%f","description":"f2"},{"__meta":{"schema_version":-1,"schema_name":"ColumnSpecsBase","schema_type":"Iced"},"name":"f0point5","type":"double","format":"%f","description":"f0point5"},{"__meta":{"schema_version":-1,"schema_name":"ColumnSpecsBase","schema_type":"Iced"},"name":"accuracy","type":"double","format":"%f","description":"accuracy"},{"__meta":{"schema_version":-1,"schema_name":"ColumnSpecsBase","schema_type":"Iced"},"name":"precision","type":"double","format":"%f","description":"precision"},{"__meta":{"schema_version":-1,"schema_name":"ColumnSpecsBase","schema_type":"Iced"},"name":"recall","type":"double","format":"%f","description":"recall"},{"__meta":{"schema_version":-1,"schema_name":"ColumnSpecsBase","schema_type":"Iced"},"name":"specificity","type":"double","format":"%f","description":"specificity"},{"__meta":{"schema_version":-1,"schema_name":"ColumnSpecsBase","schema_type":"Iced"},"name":"absolute_mcc","type":"double","format":"%f","description":"absolute_mcc"},{"__meta":{"schema_version":-1,"schema_name":"ColumnSpecsBase","schema_type":"Iced"},"name":"min_per_class_accuracy","type":"double","format":"%f","description":"min_per_class_accuracy"},{"__meta":{"schema_version":-1,"schema_name":"ColumnSpecsBase","schema_type":"Iced"},"name":"mean_per_class_accuracy","type":"double","format":"%f","description":"mean_per_class_accuracy"},{"__meta":{"schema_version":-1,"schema_name":"ColumnSpecsBase","schema_type":"Iced"},"name":"tns","type":"long","format":"%d","description":"tns"},{"__meta":{"schema_version":-1,"schema_name":"ColumnSpecsBase","schema_type":"Iced"},"name":"fns","type":"long","format":"%d","description":"fns"},{"__meta":{"schema_version":-1,"schema_name":"ColumnSpecsBase","schema_type":"Iced"},"name":"fps","type":"long","format":"%d","description":"fps"},{"__meta":{"schema_version":-1,"schema_name":"ColumnSpecsBase","schema_type":"Iced"},"name":"tps","type":"long","format":"%d","description":"tps"},{"__meta":{"schema_version":-1,"schema_name":"ColumnSpecsBase","schema_type":"Iced"},"name":"tnr","type":"double","format":"%f","description":"tnr"},{"__meta":{"schema_version":-1,"schema_name":"ColumnSpecsBase","schema_type":"Iced"},"name":"fnr","type":"double","format":"%f","description":"fnr"},{"__meta":{"schema_version":-1,"schema_name":"ColumnSpecsBase","schema_type":"Iced"},"name":"fpr","type":"double","format":"%f","description":"fpr"},{"__meta":{"schema_version":-1,"schema_name":"ColumnSpecsBase","schema_type":"Iced"},"name":"tpr","type":"double","format":"%f","description":"tpr"},{"__meta":{"schema_version":-1,"schema_name":"ColumnSpecsBase","schema_type":"Iced"},"name":"idx","type":"int","format":"%d","description":"idx"}],"rowcount":24,"data":[[0.9999939203262329,0.9999935626983643,0.9999586343765259,0.9999244213104248,0.9999198913574219,0.9998315572738647,0.9997373223304749,0.9997332692146301,0.9996877908706665,0.9996538162231445,0.9995715022087097,0.9994301199913025,0.9419007897377014,0.8659720420837402,0.8590659499168396,0.4562861919403076,0.43472132086753845,0.3591213524341583,0.2964301109313965,0.11018160730600357,0.004730739630758762,0.0038488951977342367,2.2875046852277592E-5,1.6222895283135585E-5],[0.20981069436477037,0.9583176494819002,0.9585247566231866,0.9588574349072942,0.9596328583284272,0.9598984519596927,0.9606060391317597,0.9869318966708108,0.987484381363947,0.9914528739109807,0.991861871769493,0.9920835623969214,0.9920904886579943,0.9921043408945666,0.9921805213901906,0.9922289938917556,0.9922566903706758,0.9923466934143091,0.9925058901917146,0.9923695579013879,0.992206008583691,0.9919607856598541,0.9993866786605062,0.9994548626253816],[0.14233007329294992,0.9349354648278462,0.9352509013715258,0.9357577504128749,0.9369399067561617,0.9373450592064261,0.9384250708211376,0.9792537035209491,0.9801242644580079,0.9863943716700827,0.9870422658524306,0.9873935786041016,0.9874045561364488,0.9874265110209531,0.987547258591352,0.9876240941706859,0.9876679988948253,0.9878106826127157,0.9880630981785556,0.9880090479173105,0.9879441954090578,0.9878469326084519,0.9996728016359917,0.9997818737048753],[0.3989657989528019,0.9828993834570692,0.982986519707791,0.9831264410648157,0.9834523546447388,0.983563913270941,0.9838609469173508,0.9947314486845329,0.9949558743336634,0.9965635263803954,0.9967287757222111,0.9968183123798583,0.9968211093803512,0.9968267031959437,0.9968574647638405,0.9968770364152464,0.9968882188573387,0.9969245549715093,0.9969888163923206,0.9967687281316571,0.9965047504496652,0.9961090459855062,0.9991007194244603,0.9991280653950955],[0.1181622534597363,0.9200582979187099,0.9204396861719516,0.9210526315789473,0.9224828375286042,0.9229731938542007,0.9242808107224583,0.9742290508880898,0.9753051106025934,0.983069085757873,0.9838727252914896,0.9843085975809088,0.9843222185899532,0.9843494606080418,0.9844992917075297,0.9845946387708402,0.9846491228070176,0.9848261959245941,0.9851394791326141,0.9848670589517271,0.9845401547346627,0.9840497984090661,0.9987741091860085,0.998910319276452],[1.0,1.0,1.0,1.0,1.0,1.0,1.0,1.0,1.0,1.0,1.0,1.0,1.0,1.0,1.0,1.0,1.0,1.0,1.0,0.9997232408496506,0.9993913320145527,0.9988938817836156,0.9989101708307223,0.998910319276452],[0.11720028362604996,0.9199710919602924,0.9203528962583178,0.920966510308716,0.9223982764263118,0.9228891676666303,0.9241982109741465,0.9742009381477037,0.9752781717028471,0.9830506163412239,0.9838551325406348,0.984291480309807,0.9843051161775935,0.9843323879131668,0.9844823824588197,0.9845778335333261,0.9846323770044726,0.9848096432856988,0.9851232682447911,0.9851232682447911,0.9851232682447911,0.9851232682447911,0.9998636413221338,1.0],[1.0,1.0,1.0,1.0,1.0,1.0,1.0,1.0,1.0,1.0,1.0,1.0,1.0,1.0,1.0,1.0,1.0,1.0,1.0,0.75,0.45,0.0,0.0,0.0],[0.012026838010887714,0.11122696819111644,0.1115127830206393,0.1119762757079627,0.11307815079934971,0.11346268501847102,0.11450554230845346,0.19879973901686232,0.20301771647951744,0.24381084031653785,0.24953819784978037,0.2528142226793194,0.25291864024189575,0.25312785538966015,0.25428768245602296,0.2550339215511451,0.2554632391922363,0.25687330670494796,0.259425005427671,0.19523699144991474,0.11676638741485179,0.0040565285645118385,3.854966467075857E-4,0.0],[0.11720028362604996,0.9199710919602924,0.9203528962583178,0.920966510308716,0.9223982764263118,0.9228891676666303,0.9241982109741465,0.9742009381477037,0.9752781717028471,0.9830506163412239,0.9838551325406348,0.984291480309807,0.9843051161775935,0.9843323879131668,0.9844823824588197,0.9845778335333261,0.9846323770044726,0.9848096432856988,0.9851232682447911,0.75,0.45,0.0,0.0,0.0],[0.558600141813025,0.9599855459801462,0.9601764481291589,0.9604832551543581,0.961199138213156,0.9614445838333152,0.9620991054870732,0.9871004690738518,0.9876390858514236,0.9915253081706119,0.9919275662703174,0.9921457401549034,0.9921525580887968,0.9921661939565833,0.9922411912294098,0.9922889167666631,0.9923161885022362,0.9924048216428494,0.9925616341223955,0.8675616341223955,0.7175616341223956,0.49256163412239556,0.4999318206610669,0.5],[80,80,80,80,80,80,80,80,80,80,80,80,80,80,80,80,80,80,80,60,36,0,0,0],[64741,5869,5841,5796,5691,5655,5559,1892,1813,1243,1184,1152,1151,1149,1138,1131,1127,1114,1091,1091,1091,1091,10,0],[0,0,0,0,0,0,0,0,0,0,0,0,0,0,0,0,0,0,0,20,44,80,80,80],[8595,67467,67495,67540,67645,67681,67777,71444,71523,72093,72152,72184,72185,72187,72198,72205,72209,72222,72245,72245,72245,72245,73326,73336],[1.0,1.0,1.0,1.0,1.0,1.0,1.0,1.0,1.0,1.0,1.0,1.0,1.0,1.0,1.0,1.0,1.0,1.0,1.0,0.75,0.45,0.0,0.0,0.0],[0.88279971637395,0.08002890803970765,0.07964710374168212,0.07903348969128396,0.07760172357368823,0.0771108323333697,0.0758017890258536,0.02579906185229628,0.02472182829715283,0.016949383658776046,0.016144867459365116,0.015708519690193084,0.01569488382240646,0.015667612086833205,0.01551761754118032,0.015422166466673938,0.015367622995527436,0.015190356714301297,0.014876731755208901,0.014876731755208901,0.014876731755208901,0.014876731755208901,1.363586778662594E-4,0.0],[0.0,0.0,0.0,0.0,0.0,0.0,0.0,0.0,0.0,0.0,0.0,0.0,0.0,0.0,0.0,0.0,0.0,0.0,0.0,0.25,0.55,1.0,1.0,1.0],[0.11720028362604996,0.9199710919602924,0.9203528962583178,0.920966510308716,0.9223982764263118,0.9228891676666303,0.9241982109741465,0.9742009381477037,0.9752781717028471,0.9830506163412239,0.9838551325406348,0.984291480309807,0.9843051161775935,0.9843323879131668,0.9844823824588197,0.9845778335333261,0.9846323770044726,0.9848096432856988,0.9851232682447911,0.9851232682447911,0.9851232682447911,0.9851232682447911,0.9998636413221338,1.0],[0,1,2,3,4,5,6,7,8,9,10,11,12,13,14,15,16,17,18,19,20,21,22,23]]},"max_criteria_and_metric_scores":{"__meta":{"schema_version":3,"schema_name":"TwoDimTableV3","schema_type":"TwoDimTable"},"name":"Maximum Metrics","description":"Maximum metrics at their respective thresholds","columns":[{"__meta":{"schema_version":-1,"schema_name":"ColumnSpecsBase","schema_type":"Iced"},"name":"metric","type":"string","format":"%s","description":"Metric"},{"__meta":{"schema_version":-1,"schema_name":"ColumnSpecsBase","schema_type":"Iced"},"name":"threshold","type":"double","format":"%f","description":"Threshold"},{"__meta":{"schema_version":-1,"schema_name":"ColumnSpecsBase","schema_type":"Iced"},"name":"value","type":"double","format":"%f","description":"Value"},{"__meta":{"schema_version":-1,"schema_name":"ColumnSpecsBase","schema_type":"Iced"},"name":"idx","type":"long","format":"%d","description":"idx"}],"rowcount":18,"data":[["max f1","max f2","max f0point5","max accuracy","max precision","max recall","max specificity","max absolute_mcc","max min_per_class_accuracy","max mean_per_class_accuracy","max tns","max fns","max fps","max tps","max tnr","max fnr","max fpr","max tpr"],[1.6222895283135585E-5,1.6222895283135585E-5,1.6222895283135585E-5,1.6222895283135585E-5,0.9999939203262329,1.6222895283135585E-5,0.9999939203262329,0.2964301109313965,0.2964301109313965,0.2964301109313965,0.9999939203262329,0.9999939203262329,0.0038488951977342367,1.6222895283135585E-5,0.9999939203262329,0.9999939203262329,0.0038488951977342367,1.6222895283135585E-5],[0.9994548626253816,0.9997818737048753,0.9991280653950955,0.998910319276452,1.0,1.0,1.0,0.259425005427671,0.9851232682447911,0.9925616341223955,80.0,64741.0,80.0,73336.0,1.0,0.88279971637395,1.0,1.0],[23,23,23,23,0,23,0,18,18,18,0,0,21,23,0,0,21,23]]},"gains_lift_table":{"__meta":{"schema_version":3,"schema_name":"TwoDimTableV3","schema_type":"TwoDimTable"},"name":"Gains/Lift Table","description":"Avg response rate: 99.89 %, avg score: 98.36 %","columns":[{"__meta":{"schema_version":-1,"schema_name":"ColumnSpecsBase","schema_type":"Iced"},"name":"group","type":"int","format":"%d","description":"Group"},{"__meta":{"schema_version":-1,"schema_name":"ColumnSpecsBase","schema_type":"Iced"},"name":"cumulative_data_fraction","type":"double","format":"%.8f","description":"Cumulative Data Fraction"},{"__meta":{"schema_version":-1,"schema_name":"ColumnSpecsBase","schema_type":"Iced"},"name":"lower_threshold","type":"double","format":"%5f","description":"Lower Threshold"},{"__meta":{"schema_version":-1,"schema_name":"ColumnSpecsBase","schema_type":"Iced"},"name":"lift","type":"double","format":"%5f","description":"Lift"},{"__meta":{"schema_version":-1,"schema_name":"ColumnSpecsBase","schema_type":"Iced"},"name":"cumulative_lift","type":"double","format":"%5f","description":"Cumulative Lift"},{"__meta":{"schema_version":-1,"schema_name":"ColumnSpecsBase","schema_type":"Iced"},"name":"response_rate","type":"double","format":"%5f","description":"Response Rate"},{"__meta":{"schema_version":-1,"schema_name":"ColumnSpecsBase","schema_type":"Iced"},"name":"score","type":"double","format":"%5f","description":"Score"},{"__meta":{"schema_version":-1,"schema_name":"ColumnSpecsBase","schema_type":"Iced"},"name":"cumulative_response_rate","type":"double","format":"%5f","description":"Cumulative Response Rate"},{"__meta":{"schema_version":-1,"schema_name":"ColumnSpecsBase","schema_type":"Iced"},"name":"cumulative_score","type":"double","format":"%5f","description":"Cumulative Score"},{"__meta":{"schema_version":-1,"schema_name":"ColumnSpecsBase","schema_type":"Iced"},"name":"capture_rate","type":"double","format":"%5f","description":"Capture Rate"},{"__meta":{"schema_version":-1,"schema_name":"ColumnSpecsBase","schema_type":"Iced"},"name":"cumulative_capture_rate","type":"double","format":"%5f","description":"Cumulative Capture Rate"},{"__meta":{"schema_version":-1,"schema_name":"ColumnSpecsBase","schema_type":"Iced"},"name":"gain","type":"double","format":"%5f","description":"Gain"},{"__meta":{"schema_version":-1,"schema_name":"ColumnSpecsBase","schema_type":"Iced"},"name":"cumulative_gain","type":"double","format":"%5f","description":"Cumulative Gain"},{"__meta":{"schema_version":-1,"schema_name":"ColumnSpecsBase","schema_type":"Iced"},"name":"kolmogorov_smirnov","type":"double","format":"%5f","description":"Kolmogorov Smirnov"}],"rowcount":3,"data":[[1,2,3],[0.11707257273618829,0.9189686171951618,1.0],[0.9999939203262329,0.9999935626983643,1.6222895283135585E-5],[1.0010908694229301,1.0010908694229301,0.9876285615470124],[1.0010908694229301,1.0010908694229301,1.0],[1.0,1.0,0.9865523617414692],[0.9999939203262329,0.9999935626983643,0.797904805696381],[1.0,1.0,0.998910319276452],[0.9999939203262329,0.9999936082585867,0.9836180731375973],[0.11720028362604996,0.8027708083342424,0.08002890803970765],[0.11720028362604996,0.9199710919602924,1.0],[0.10908694229301297,0.10908694229301297,-1.2371438452987604],[0.10908694229301297,0.10908694229301297,0.0],[0.11720028362604996,0.9199710919602924,0.0]]}},"cross_validation_metrics":null,"cross_validation_metrics_summary":null,"status":null,"start_time":1600681121086,"end_time":1600681125056,"run_time":3970,"default_threshold":1.6222895283135585E-5,"help":{"domains":"Domains for categorical columns", "__meta":"Metadata on this schema instance, to make it self-describing.", "help":"Help information for output fields", "training_metrics":"Training data model metrics", "cross_validation_models":"Cross-validation models (model ids)", "cross_validation_predictions":"Cross-validation predictions, one per cv model (deprecated, use cross_validation_holdout_predictions_frame_id instead)", "cross_validation_metrics_summary":"Cross-validation model metrics summary", "variable_importances_frequency":"Variable Importances - Frequency", "status":"Job status", "reproducibility_information_table":"Model reproducibility information", "variable_importances":"Variable Importances", "model_summary":"Model summary", "variable_importances_cover":"Variable Importances - Cover", "end_time":"End time in milliseconds", "names":"Column names", "cross_validation_fold_assignment_frame_id":"Cross-validation fold assignment (each row is assigned to one holdout fold)", "sparse":"Sparse", "run_time":"Runtime in milliseconds", "default_threshold":"Default threshold used for predictions", "scoring_history":"Scoring history", "cross_validation_holdout_predictions_frame_id":"Cross-validation holdout predictions (full out-of-sample predictions on training data)", "model_category":"Category of the model (e.g., Binomial)", "native_parameters":"XGBoost Native Parameters", "column_types":"Column types", "original_names":"Original column names", "start_time":"Start time in milliseconds", "cross_validation_metrics":"Cross-validation model metrics", "validation_metrics":"Validation data model metrics"},"variable_importances":{"__meta":{"schema_version":3,"schema_name":"TwoDimTableV3","schema_type":"TwoDimTable"},"name":"Variable Importances","description":"","columns":[{"__meta":{"schema_version":-1,"schema_name":"ColumnSpecsBase","schema_type":"Iced"},"name":"variable","type":"string","format":"%s","description":"Variable"},{"__meta":{"schema_version":-1,"schema_name":"ColumnSpecsBase","schema_type":"Iced"},"name":"relative_importance","type":"double","format":"%5f","description":"Relative Importance"},{"__meta":{"schema_version":-1,"schema_name":"ColumnSpecsBase","schema_type":"Iced"},"name":"scaled_importance","type":"double","format":"%5f","description":"Scaled Importance"},{"__meta":{"schema_version":-1,"schema_name":"ColumnSpecsBase","schema_type":"Iced"},"name":"percentage","type":"double","format":"%5f","description":"Percentage"}],"rowcount":4,"data":[["R_Percent","R_TeachArea","T_Percent","T_TeachArea"],[114525.375,27605.423828125,10532.4140625,0.3478672206401825],[1.0,0.24104198591905943,0.09196576795753779,3.037468514206415E-6],[0.7501814737680573,0.18082523223673932,0.06899101534259688,2.2786526065114395E-6]]},"variable_importances_cover":{"__meta":{"schema_version":3,"schema_name":"TwoDimTableV3","schema_type":"TwoDimTable"},"name":"Variable Importances - Cover","description":"","columns":[{"__meta":{"schema_version":-1,"schema_name":"ColumnSpecsBase","schema_type":"Iced"},"name":"variable","type":"string","format":"%s","description":"Variable"},{"__meta":{"schema_version":-1,"schema_name":"ColumnSpecsBase","schema_type":"Iced"},"name":"relative_importance","type":"double","format":"%5f","description":"Relative Importance"},{"__meta":{"schema_version":-1,"schema_name":"ColumnSpecsBase","schema_type":"Iced"},"name":"scaled_importance","type":"double","format":"%5f","description":"Scaled Importance"},{"__meta":{"schema_version":-1,"schema_name":"ColumnSpecsBase","schema_type":"Iced"},"name":"percentage","type":"double","format":"%5f","description":"Percentage"}],"rowcount":4,"data":[["R_Percent","T_Percent","R_TeachArea","T_TeachArea"],[75808.0625,42561.640625,42557.9296875,5.532105445861816],[1.0,0.5614394989319242,0.5613905471795958,7.297515941476299E-5],[0.4710530768387725,0.26446780343070164,0.2644447445571507,3.4375173375124026E-5]]},"variable_importances_frequency":{"__meta":{"schema_version":3,"schema_name":"TwoDimTableV3","schema_type":"TwoDimTable"},"name":"Variable Importances - Frequency","description":"","columns":[{"__meta":{"schema_version":-1,"schema_name":"ColumnSpecsBase","schema_type":"Iced"},"name":"variable","type":"string","format":"%s","description":"Variable"},{"__meta":{"schema_version":-1,"schema_name":"ColumnSpecsBase","schema_type":"Iced"},"name":"relative_importance","type":"double","format":"%5f","description":"Relative Importance"},{"__meta":{"schema_version":-1,"schema_name":"ColumnSpecsBase","schema_type":"Iced"},"name":"scaled_importance","type":"double","format":"%5f","description":"Scaled Importance"},{"__meta":{"schema_version":-1,"schema_name":"ColumnSpecsBase","schema_type":"Iced"},"name":"percentage","type":"double","format":"%5f","description":"Percentage"}],"rowcount":4,"data":[["R_Percent","T_Percent","R_TeachArea","T_TeachArea"],[78.0,76.0,41.0,1.0],[1.0,0.9743589743589743,0.5256410256410257,0.01282051282051282],[0.3979591836734694,0.3877551020408163,0.20918367346938777,0.00510204081632653]]},"native_parameters":{"__meta":{"schema_version":3,"schema_name":"TwoDimTableV3","schema_type":"TwoDimTable"},"name":"Native XGBoost Parameters","description":"","columns":[{"__meta":{"schema_version":-1,"schema_name":"ColumnSpecsBase","schema_type":"Iced"},"name":"","type":"string","format":"%s","description":""},{"__meta":{"schema_version":-1,"schema_name":"ColumnSpecsBase","schema_type":"Iced"},"name":"name","type":"string","format":"%s","description":"Name"},{"__meta":{"schema_version":-1,"schema_name":"ColumnSpecsBase","schema_type":"Iced"},"name":"value","type":"string","format":"%s","description":"Value"}],"rowcount":25,"data":[["","","","","","","","","","","","","","","","","","","","","","","","",""],["updater","normalize_type","eta","objective","silent","nthread","seed","colsample_bylevel","rate_drop","max_bin","one_drop","sample_type","max_depth","lambda","colsample_bytree","gamma","gpu_id","alpha","booster","grow_policy","skip_drop","nround","max_delta_step","subsample","min_child_weight"],["grow_gpu_hist","tree",0.3,"binary:logistic",true,12,12345,1.0,0.0,256,"0","uniform",6,1.0,1.0,0.0,0,0.0,"dart","depthwise",0.0,50,0.0,1.0,1.0]]},"sparse":false},"compatible_frames":null}
