{"__meta":{"schema_version":3,"schema_name":"GBMModelV3","schema_type":"GBMModel"},"model_id":{"__meta":{"schema_version":3,"schema_name":"ModelKeyV3","schema_type":"Key<Model>"},"name":"GBM_model_python_1601023240913_104","type":"Key<Model>","URL":"/3/Models/GBM_model_python_1601023240913_104"},"algo":"gbm","algo_full_name":"Gradient Boosting Machine","response_column_name":"algo_blackwhite_class","data_frame":{"__meta":{"schema_version":3,"schema_name":"FrameKeyV3","schema_type":"Key<Frame>"},"name":"py_8_sid_9e6b","type":"Key<Frame>","URL":"/3/Frames/py_8_sid_9e6b"},"timestamp":1601026152847,"have_pojo":true,"have_mojo":true,"algo":"gbm","algo_full_name":"Gradient Boosting Machine","model_id":{"__meta":{"schema_version":3,"schema_name":"ModelKeyV3","schema_type":"Key<Model>"},"name":"GBM_model_python_1601023240913_104","type":"Key<Model>","URL":"/3/Models/GBM_model_python_1601023240913_104"},"parameters":[{"__meta":{"schema_version":3,"schema_name":"ModelParameterSchemaV3","schema_type":"Iced"},"name":"model_id","label":"model_id","help":"Destination id for this model; auto-generated if not specified.","required":false,"type":"Key<Model>","default_value":null,"actual_value":{"__meta":{"schema_version":3,"schema_name":"ModelKeyV3","schema_type":"Key<Model>"},"name":"GBM_model_python_1601023240913_104","type":"Key<Model>","URL":"/3/Models/GBM_model_python_1601023240913_104"},"input_value":null,"level":"critical","values":[],"is_member_of_frames":[],"is_mutually_exclusive_with":[],"gridable":false},{"__meta":{"schema_version":3,"schema_name":"ModelParameterSchemaV3","schema_type":"Iced"},"name":"training_frame","label":"training_frame","help":"Id of the training data frame.","required":false,"type":"Key<Frame>","default_value":null,"actual_value":{"__meta":{"schema_version":3,"schema_name":"FrameKeyV3","schema_type":"Key<Frame>"},"name":"py_8_sid_9e6b","type":"Key<Frame>","URL":"/3/Frames/py_8_sid_9e6b"},"input_value":{"__meta":{"schema_version":3,"schema_name":"FrameKeyV3","schema_type":"Key<Frame>"},"name":"py_8_sid_9e6b","type":"Key<Frame>","URL":"/3/Frames/py_8_sid_9e6b"},"level":"critical","values":[],"is_member_of_frames":[],"is_mutually_exclusive_with":[],"gridable":false},{"__meta":{"schema_version":3,"schema_name":"ModelParameterSchemaV3","schema_type":"Iced"},"name":"validation_frame","label":"validation_frame","help":"Id of the validation data frame.","required":false,"type":"Key<Frame>","default_value":null,"actual_value":{"__meta":{"schema_version":3,"schema_name":"FrameKeyV3","schema_type":"Key<Frame>"},"name":"py_9_sid_9e6b","type":"Key<Frame>","URL":"/3/Frames/py_9_sid_9e6b"},"input_value":{"__meta":{"schema_version":3,"schema_name":"FrameKeyV3","schema_type":"Key<Frame>"},"name":"py_9_sid_9e6b","type":"Key<Frame>","URL":"/3/Frames/py_9_sid_9e6b"},"level":"critical","values":[],"is_member_of_frames":[],"is_mutually_exclusive_with":[],"gridable":true},{"__meta":{"schema_version":3,"schema_name":"ModelParameterSchemaV3","schema_type":"Iced"},"name":"nfolds","label":"nfolds","help":"Number of folds for K-fold cross-validation (0 to disable or >= 2).","required":false,"type":"int","default_value":0,"actual_value":0,"input_value":0,"level":"critical","values":[],"is_member_of_frames":[],"is_mutually_exclusive_with":[],"gridable":false},{"__meta":{"schema_version":3,"schema_name":"ModelParameterSchemaV3","schema_type":"Iced"},"name":"keep_cross_validation_models","label":"keep_cross_validation_models","help":"Whether to keep the cross-validation models.","required":false,"type":"boolean","default_value":true,"actual_value":true,"input_value":true,"level":"expert","values":[],"is_member_of_frames":[],"is_mutually_exclusive_with":[],"gridable":false},{"__meta":{"schema_version":3,"schema_name":"ModelParameterSchemaV3","schema_type":"Iced"},"name":"keep_cross_validation_predictions","label":"keep_cross_validation_predictions","help":"Whether to keep the predictions of the cross-validation models.","required":false,"type":"boolean","default_value":false,"actual_value":false,"input_value":false,"level":"expert","values":[],"is_member_of_frames":[],"is_mutually_exclusive_with":[],"gridable":false},{"__meta":{"schema_version":3,"schema_name":"ModelParameterSchemaV3","schema_type":"Iced"},"name":"keep_cross_validation_fold_assignment","label":"keep_cross_validation_fold_assignment","help":"Whether to keep the cross-validation fold assignment.","required":false,"type":"boolean","default_value":false,"actual_value":false,"input_value":false,"level":"expert","values":[],"is_member_of_frames":[],"is_mutually_exclusive_with":[],"gridable":false},{"__meta":{"schema_version":3,"schema_name":"ModelParameterSchemaV3","schema_type":"Iced"},"name":"score_each_iteration","label":"score_each_iteration","help":"Whether to score during each iteration of model training.","required":false,"type":"boolean","default_value":false,"actual_value":false,"input_value":false,"level":"secondary","values":[],"is_member_of_frames":[],"is_mutually_exclusive_with":[],"gridable":false},{"__meta":{"schema_version":3,"schema_name":"ModelParameterSchemaV3","schema_type":"Iced"},"name":"score_tree_interval","label":"score_tree_interval","help":"Score the model after every so many trees. Disabled if set to 0.","required":false,"type":"int","default_value":0,"actual_value":0,"input_value":0,"level":"secondary","values":[],"is_member_of_frames":[],"is_mutually_exclusive_with":[],"gridable":false},{"__meta":{"schema_version":3,"schema_name":"ModelParameterSchemaV3","schema_type":"Iced"},"name":"fold_assignment","label":"fold_assignment","help":"Cross-validation fold assignment scheme, if fold_column is not specified. The 'Stratified' option will stratify the folds based on the response variable, for classification problems.","required":false,"type":"enum","default_value":"AUTO","actual_value":null,"input_value":"AUTO","level":"secondary","values":["AUTO","Random","Modulo","Stratified"],"is_member_of_frames":[],"is_mutually_exclusive_with":[],"gridable":true},{"__meta":{"schema_version":3,"schema_name":"ModelParameterSchemaV3","schema_type":"Iced"},"name":"fold_column","label":"fold_column","help":"Column with cross-validation fold index assignment per observation.","required":false,"type":"VecSpecifier","default_value":null,"actual_value":null,"input_value":null,"level":"secondary","values":[],"is_member_of_frames":["training_frame"],"is_mutually_exclusive_with":["response_column","weights_column","ignored_columns","offset_column"],"gridable":true},{"__meta":{"schema_version":3,"schema_name":"ModelParameterSchemaV3","schema_type":"Iced"},"name":"response_column","label":"response_column","help":"Response variable column.","required":false,"type":"VecSpecifier","default_value":null,"actual_value":{"__meta":{"schema_version":3,"schema_name":"ColSpecifierV3","schema_type":"VecSpecifier"},"column_name":"algo_blackwhite_class","is_member_of_frames":null},"input_value":{"__meta":{"schema_version":3,"schema_name":"ColSpecifierV3","schema_type":"VecSpecifier"},"column_name":"algo_blackwhite_class","is_member_of_frames":null},"level":"critical","values":[],"is_member_of_frames":["training_frame","validation_frame"],"is_mutually_exclusive_with":["weights_column","ignored_columns","offset_column","fold_column"],"gridable":true},{"__meta":{"schema_version":3,"schema_name":"ModelParameterSchemaV3","schema_type":"Iced"},"name":"ignored_columns","label":"ignored_columns","help":"Names of columns to ignore for training.","required":false,"type":"string[]","default_value":null,"actual_value":["insp_st_time"],"input_value":["insp_st_time"],"level":"critical","values":[],"is_member_of_frames":["training_frame","validation_frame"],"is_mutually_exclusive_with":["response_column","weights_column","offset_column","fold_column"],"gridable":false},{"__meta":{"schema_version":3,"schema_name":"ModelParameterSchemaV3","schema_type":"Iced"},"name":"ignore_const_cols","label":"ignore_const_cols","help":"Ignore constant columns.","required":false,"type":"boolean","default_value":true,"actual_value":true,"input_value":true,"level":"critical","values":[],"is_member_of_frames":[],"is_mutually_exclusive_with":[],"gridable":false},{"__meta":{"schema_version":3,"schema_name":"ModelParameterSchemaV3","schema_type":"Iced"},"name":"offset_column","label":"offset_column","help":"Offset column. This will be added to the combination of columns before applying the link function.","required":false,"type":"VecSpecifier","default_value":null,"actual_value":null,"input_value":null,"level":"secondary","values":[],"is_member_of_frames":["training_frame","validation_frame"],"is_mutually_exclusive_with":["response_column","weights_column","ignored_columns","fold_column"],"gridable":true},{"__meta":{"schema_version":3,"schema_name":"ModelParameterSchemaV3","schema_type":"Iced"},"name":"weights_column","label":"weights_column","help":"Column with observation weights. Giving some observation a weight of zero is equivalent to excluding it from the dataset; giving an observation a relative weight of 2 is equivalent to repeating that row twice. Negative weights are not allowed. Note: Weights are per-row observation weights and do not increase the size of the data frame. This is typically the number of times a row is repeated, but non-integer values are supported as well. During training, rows with higher weights matter more, due to the larger loss function pre-factor.","required":false,"type":"VecSpecifier","default_value":null,"actual_value":null,"input_value":null,"level":"secondary","values":[],"is_member_of_frames":["training_frame","validation_frame"],"is_mutually_exclusive_with":["response_column","ignored_columns","offset_column","fold_column"],"gridable":true},{"__meta":{"schema_version":3,"schema_name":"ModelParameterSchemaV3","schema_type":"Iced"},"name":"balance_classes","label":"balance_classes","help":"Balance training data class counts via over/under-sampling (for imbalanced data).","required":false,"type":"boolean","default_value":false,"actual_value":true,"input_value":true,"level":"secondary","values":[],"is_member_of_frames":[],"is_mutually_exclusive_with":[],"gridable":true},{"__meta":{"schema_version":3,"schema_name":"ModelParameterSchemaV3","schema_type":"Iced"},"name":"class_sampling_factors","label":"class_sampling_factors","help":"Desired over/under-sampling ratios per class (in lexicographic order). If not specified, sampling factors will be automatically computed to obtain class balance during training. Requires balance_classes.","required":false,"type":"float[]","default_value":null,"actual_value":null,"input_value":null,"level":"expert","values":[],"is_member_of_frames":[],"is_mutually_exclusive_with":[],"gridable":true},{"__meta":{"schema_version":3,"schema_name":"ModelParameterSchemaV3","schema_type":"Iced"},"name":"max_after_balance_size","label":"max_after_balance_size","help":"Maximum relative size of the training data after balancing class counts (can be less than 1.0). Requires balance_classes.","required":false,"type":"float","default_value":5.0,"actual_value":5.0,"input_value":5.0,"level":"expert","values":[],"is_member_of_frames":[],"is_mutually_exclusive_with":[],"gridable":true},{"__meta":{"schema_version":3,"schema_name":"ModelParameterSchemaV3","schema_type":"Iced"},"name":"max_confusion_matrix_size","label":"max_confusion_matrix_size","help":"[Deprecated] Maximum size (# classes) for confusion matrices to be printed in the Logs","required":false,"type":"int","default_value":20,"actual_value":20,"input_value":20,"level":"secondary","values":[],"is_member_of_frames":[],"is_mutually_exclusive_with":[],"gridable":false},{"__meta":{"schema_version":3,"schema_name":"ModelParameterSchemaV3","schema_type":"Iced"},"name":"max_hit_ratio_k","label":"max_hit_ratio_k","help":"Max. number (top K) of predictions to use for hit ratio computation (for multi-class only, 0 to disable)","required":false,"type":"int","default_value":0,"actual_value":0,"input_value":0,"level":"secondary","values":[],"is_member_of_frames":[],"is_mutually_exclusive_with":[],"gridable":false},{"__meta":{"schema_version":3,"schema_name":"ModelParameterSchemaV3","schema_type":"Iced"},"name":"ntrees","label":"ntrees","help":"Number of trees.","required":false,"type":"int","default_value":50,"actual_value":50,"input_value":50,"level":"critical","values":[],"is_member_of_frames":[],"is_mutually_exclusive_with":[],"gridable":true},{"__meta":{"schema_version":3,"schema_name":"ModelParameterSchemaV3","schema_type":"Iced"},"name":"max_depth","label":"max_depth","help":"Maximum tree depth (0 for unlimited).","required":false,"type":"int","default_value":5,"actual_value":5,"input_value":5,"level":"critical","values":[],"is_member_of_frames":[],"is_mutually_exclusive_with":[],"gridable":true},{"__meta":{"schema_version":3,"schema_name":"ModelParameterSchemaV3","schema_type":"Iced"},"name":"min_rows","label":"min_rows","help":"Fewest allowed (weighted) observations in a leaf.","required":false,"type":"double","default_value":10.0,"actual_value":10.0,"input_value":10.0,"level":"critical","values":[],"is_member_of_frames":[],"is_mutually_exclusive_with":[],"gridable":true},{"__meta":{"schema_version":3,"schema_name":"ModelParameterSchemaV3","schema_type":"Iced"},"name":"nbins","label":"nbins","help":"For numerical columns (real/int), build a histogram of (at least) this many bins, then split at the best point","required":false,"type":"int","default_value":20,"actual_value":20,"input_value":20,"level":"critical","values":[],"is_member_of_frames":[],"is_mutually_exclusive_with":[],"gridable":true},{"__meta":{"schema_version":3,"schema_name":"ModelParameterSchemaV3","schema_type":"Iced"},"name":"nbins_top_level","label":"nbins_top_level","help":"For numerical columns (real/int), build a histogram of (at most) this many bins at the root level, then decrease by factor of two per level","required":false,"type":"int","default_value":1024,"actual_value":1024,"input_value":1024,"level":"secondary","values":[],"is_member_of_frames":[],"is_mutually_exclusive_with":[],"gridable":true},{"__meta":{"schema_version":3,"schema_name":"ModelParameterSchemaV3","schema_type":"Iced"},"name":"nbins_cats","label":"nbins_cats","help":"For categorical columns (factors), build a histogram of this many bins, then split at the best point. Higher values can lead to more overfitting.","required":false,"type":"int","default_value":1024,"actual_value":1024,"input_value":1024,"level":"secondary","values":[],"is_member_of_frames":[],"is_mutually_exclusive_with":[],"gridable":true},{"__meta":{"schema_version":3,"schema_name":"ModelParameterSchemaV3","schema_type":"Iced"},"name":"r2_stopping","label":"r2_stopping","help":"r2_stopping is no longer supported and will be ignored if set - please use stopping_rounds, stopping_metric and stopping_tolerance instead. Previous version of H2O would stop making trees when the R^2 metric equals or exceeds this","required":false,"type":"double","default_value":1.7976931348623157E308,"actual_value":1.7976931348623157E308,"input_value":1.7976931348623157E308,"level":"secondary","values":[],"is_member_of_frames":[],"is_mutually_exclusive_with":[],"gridable":true},{"__meta":{"schema_version":3,"schema_name":"ModelParameterSchemaV3","schema_type":"Iced"},"name":"stopping_rounds","label":"stopping_rounds","help":"Early stopping based on convergence of stopping_metric. Stop if simple moving average of length k of the stopping_metric does not improve for k:=stopping_rounds scoring events (0 to disable)","required":false,"type":"int","default_value":0,"actual_value":0,"input_value":0,"level":"secondary","values":[],"is_member_of_frames":[],"is_mutually_exclusive_with":[],"gridable":true},{"__meta":{"schema_version":3,"schema_name":"ModelParameterSchemaV3","schema_type":"Iced"},"name":"stopping_metric","label":"stopping_metric","help":"Metric to use for early stopping (AUTO: logloss for classification, deviance for regression and anonomaly_score for Isolation Forest). Note that custom and custom_increasing can only be used in GBM and DRF with the Python client.","required":false,"type":"enum","default_value":"AUTO","actual_value":null,"input_value":"AUTO","level":"secondary","values":["AUTO","deviance","logloss","MSE","RMSE","MAE","RMSLE","AUC","AUCPR","lift_top_group","misclassification","mean_per_class_error","anomaly_score","custom","custom_increasing"],"is_member_of_frames":[],"is_mutually_exclusive_with":[],"gridable":true},{"__meta":{"schema_version":3,"schema_name":"ModelParameterSchemaV3","schema_type":"Iced"},"name":"stopping_tolerance","label":"stopping_tolerance","help":"Relative tolerance for metric-based stopping criterion (stop if relative improvement is not at least this much)","required":false,"type":"double","default_value":0.001,"actual_value":0.001,"input_value":0.001,"level":"secondary","values":[],"is_member_of_frames":[],"is_mutually_exclusive_with":[],"gridable":true},{"__meta":{"schema_version":3,"schema_name":"ModelParameterSchemaV3","schema_type":"Iced"},"name":"max_runtime_secs","label":"max_runtime_secs","help":"Maximum allowed runtime in seconds for model training. Use 0 to disable.","required":false,"type":"double","default_value":0.0,"actual_value":0.0,"input_value":0.0,"level":"secondary","values":[],"is_member_of_frames":[],"is_mutually_exclusive_with":[],"gridable":true},{"__meta":{"schema_version":3,"schema_name":"ModelParameterSchemaV3","schema_type":"Iced"},"name":"seed","label":"seed","help":"Seed for pseudo random number generator (if applicable)","required":false,"type":"long","default_value":-1,"actual_value":12345,"input_value":12345,"level":"critical","values":[],"is_member_of_frames":[],"is_mutually_exclusive_with":[],"gridable":true},{"__meta":{"schema_version":3,"schema_name":"ModelParameterSchemaV3","schema_type":"Iced"},"name":"build_tree_one_node","label":"build_tree_one_node","help":"Run on one node only; no network overhead but fewer cpus used. Suitable for small datasets.","required":false,"type":"boolean","default_value":false,"actual_value":false,"input_value":false,"level":"expert","values":[],"is_member_of_frames":[],"is_mutually_exclusive_with":[],"gridable":false},{"__meta":{"schema_version":3,"schema_name":"ModelParameterSchemaV3","schema_type":"Iced"},"name":"learn_rate","label":"learn_rate","help":"Learning rate (from 0.0 to 1.0)","required":false,"type":"double","default_value":0.1,"actual_value":0.1,"input_value":0.1,"level":"critical","values":[],"is_member_of_frames":[],"is_mutually_exclusive_with":[],"gridable":true},{"__meta":{"schema_version":3,"schema_name":"ModelParameterSchemaV3","schema_type":"Iced"},"name":"learn_rate_annealing","label":"learn_rate_annealing","help":"Scale the learning rate by this factor after each tree (e.g., 0.99 or 0.999) ","required":false,"type":"double","default_value":1.0,"actual_value":1.0,"input_value":1.0,"level":"secondary","values":[],"is_member_of_frames":[],"is_mutually_exclusive_with":[],"gridable":true},{"__meta":{"schema_version":3,"schema_name":"ModelParameterSchemaV3","schema_type":"Iced"},"name":"distribution","label":"distribution","help":"Distribution function","required":false,"type":"enum","default_value":"AUTO","actual_value":"bernoulli","input_value":"AUTO","level":"secondary","values":["AUTO","bernoulli","quasibinomial","ordinal","multinomial","gaussian","poisson","gamma","tweedie","laplace","quantile","huber","custom"],"is_member_of_frames":[],"is_mutually_exclusive_with":[],"gridable":true},{"__meta":{"schema_version":3,"schema_name":"ModelParameterSchemaV3","schema_type":"Iced"},"name":"quantile_alpha","label":"quantile_alpha","help":"Desired quantile for Quantile regression, must be between 0 and 1.","required":false,"type":"double","default_value":0.5,"actual_value":0.5,"input_value":0.5,"level":"secondary","values":[],"is_member_of_frames":[],"is_mutually_exclusive_with":[],"gridable":true},{"__meta":{"schema_version":3,"schema_name":"ModelParameterSchemaV3","schema_type":"Iced"},"name":"tweedie_power","label":"tweedie_power","help":"Tweedie power for Tweedie regression, must be between 1 and 2.","required":false,"type":"double","default_value":1.5,"actual_value":1.5,"input_value":1.5,"level":"secondary","values":[],"is_member_of_frames":[],"is_mutually_exclusive_with":[],"gridable":true},{"__meta":{"schema_version":3,"schema_name":"ModelParameterSchemaV3","schema_type":"Iced"},"name":"huber_alpha","label":"huber_alpha","help":"Desired quantile for Huber/M-regression (threshold between quadratic and linear loss, must be between 0 and 1).","required":false,"type":"double","default_value":0.9,"actual_value":0.9,"input_value":0.9,"level":"secondary","values":[],"is_member_of_frames":[],"is_mutually_exclusive_with":[],"gridable":true},{"__meta":{"schema_version":3,"schema_name":"ModelParameterSchemaV3","schema_type":"Iced"},"name":"checkpoint","label":"checkpoint","help":"Model checkpoint to resume training with.","required":false,"type":"Key<Model>","default_value":null,"actual_value":null,"input_value":null,"level":"secondary","values":[],"is_member_of_frames":[],"is_mutually_exclusive_with":[],"gridable":false},{"__meta":{"schema_version":3,"schema_name":"ModelParameterSchemaV3","schema_type":"Iced"},"name":"sample_rate","label":"sample_rate","help":"Row sample rate per tree (from 0.0 to 1.0)","required":false,"type":"double","default_value":1.0,"actual_value":1.0,"input_value":1.0,"level":"critical","values":[],"is_member_of_frames":[],"is_mutually_exclusive_with":[],"gridable":true},{"__meta":{"schema_version":3,"schema_name":"ModelParameterSchemaV3","schema_type":"Iced"},"name":"sample_rate_per_class","label":"sample_rate_per_class","help":"A list of row sample rates per class (relative fraction for each class, from 0.0 to 1.0), for each tree","required":false,"type":"double[]","default_value":null,"actual_value":null,"input_value":null,"level":"expert","values":[],"is_member_of_frames":[],"is_mutually_exclusive_with":[],"gridable":true},{"__meta":{"schema_version":3,"schema_name":"ModelParameterSchemaV3","schema_type":"Iced"},"name":"col_sample_rate","label":"col_sample_rate","help":"Column sample rate (from 0.0 to 1.0)","required":false,"type":"double","default_value":1.0,"actual_value":1.0,"input_value":1.0,"level":"critical","values":[],"is_member_of_frames":[],"is_mutually_exclusive_with":[],"gridable":true},{"__meta":{"schema_version":3,"schema_name":"ModelParameterSchemaV3","schema_type":"Iced"},"name":"col_sample_rate_change_per_level","label":"col_sample_rate_change_per_level","help":"Relative change of the column sampling rate for every level (must be > 0.0 and <= 2.0)","required":false,"type":"double","default_value":1.0,"actual_value":1.0,"input_value":1.0,"level":"expert","values":[],"is_member_of_frames":[],"is_mutually_exclusive_with":[],"gridable":true},{"__meta":{"schema_version":3,"schema_name":"ModelParameterSchemaV3","schema_type":"Iced"},"name":"col_sample_rate_per_tree","label":"col_sample_rate_per_tree","help":"Column sample rate per tree (from 0.0 to 1.0)","required":false,"type":"double","default_value":1.0,"actual_value":1.0,"input_value":1.0,"level":"secondary","values":[],"is_member_of_frames":[],"is_mutually_exclusive_with":[],"gridable":true},{"__meta":{"schema_version":3,"schema_name":"ModelParameterSchemaV3","schema_type":"Iced"},"name":"min_split_improvement","label":"min_split_improvement","help":"Minimum relative improvement in squared error reduction for a split to happen","required":false,"type":"double","default_value":1.0E-5,"actual_value":1.0E-5,"input_value":1.0E-5,"level":"secondary","values":[],"is_member_of_frames":[],"is_mutually_exclusive_with":[],"gridable":true},{"__meta":{"schema_version":3,"schema_name":"ModelParameterSchemaV3","schema_type":"Iced"},"name":"histogram_type","label":"histogram_type","help":"What type of histogram to use for finding optimal split points","required":false,"type":"enum","default_value":"AUTO","actual_value":"UniformAdaptive","input_value":"AUTO","level":"secondary","values":["AUTO","UniformAdaptive","Random","QuantilesGlobal","RoundRobin"],"is_member_of_frames":[],"is_mutually_exclusive_with":[],"gridable":true},{"__meta":{"schema_version":3,"schema_name":"ModelParameterSchemaV3","schema_type":"Iced"},"name":"max_abs_leafnode_pred","label":"max_abs_leafnode_pred","help":"Maximum absolute value of a leaf node prediction","required":false,"type":"double","default_value":1.7976931348623157E308,"actual_value":1.7976931348623157E308,"input_value":1.7976931348623157E308,"level":"expert","values":[],"is_member_of_frames":[],"is_mutually_exclusive_with":[],"gridable":true},{"__meta":{"schema_version":3,"schema_name":"ModelParameterSchemaV3","schema_type":"Iced"},"name":"pred_noise_bandwidth","label":"pred_noise_bandwidth","help":"Bandwidth (sigma) of Gaussian multiplicative noise ~N(1,sigma) for tree node predictions","required":false,"type":"double","default_value":0.0,"actual_value":0.0,"input_value":0.0,"level":"expert","values":[],"is_member_of_frames":[],"is_mutually_exclusive_with":[],"gridable":true},{"__meta":{"schema_version":3,"schema_name":"ModelParameterSchemaV3","schema_type":"Iced"},"name":"categorical_encoding","label":"categorical_encoding","help":"Encoding scheme for categorical features","required":false,"type":"enum","default_value":"AUTO","actual_value":"Enum","input_value":"AUTO","level":"secondary","values":["AUTO","Enum","OneHotInternal","OneHotExplicit","Binary","Eigen","LabelEncoder","SortByResponse","EnumLimited"],"is_member_of_frames":[],"is_mutually_exclusive_with":[],"gridable":true},{"__meta":{"schema_version":3,"schema_name":"ModelParameterSchemaV3","schema_type":"Iced"},"name":"calibrate_model","label":"calibrate_model","help":"Use Platt Scaling to calculate calibrated class probabilities. Calibration can provide more accurate estimates of class probabilities.","required":false,"type":"boolean","default_value":false,"actual_value":false,"input_value":false,"level":"expert","values":[],"is_member_of_frames":[],"is_mutually_exclusive_with":[],"gridable":false},{"__meta":{"schema_version":3,"schema_name":"ModelParameterSchemaV3","schema_type":"Iced"},"name":"calibration_frame","label":"calibration_frame","help":"Calibration frame for Platt Scaling","required":false,"type":"Key<Frame>","default_value":null,"actual_value":null,"input_value":null,"level":"expert","values":[],"is_member_of_frames":[],"is_mutually_exclusive_with":[],"gridable":false},{"__meta":{"schema_version":3,"schema_name":"ModelParameterSchemaV3","schema_type":"Iced"},"name":"custom_metric_func","label":"custom_metric_func","help":"Reference to custom evaluation function, format: `language:keyName=funcName`","required":false,"type":"string","default_value":null,"actual_value":null,"input_value":null,"level":"secondary","values":[],"is_member_of_frames":[],"is_mutually_exclusive_with":[],"gridable":false},{"__meta":{"schema_version":3,"schema_name":"ModelParameterSchemaV3","schema_type":"Iced"},"name":"custom_distribution_func","label":"custom_distribution_func","help":"Reference to custom distribution, format: `language:keyName=funcName`","required":false,"type":"string","default_value":null,"actual_value":null,"input_value":null,"level":"secondary","values":[],"is_member_of_frames":[],"is_mutually_exclusive_with":[],"gridable":false},{"__meta":{"schema_version":3,"schema_name":"ModelParameterSchemaV3","schema_type":"Iced"},"name":"export_checkpoints_dir","label":"export_checkpoints_dir","help":"Automatically export generated models to this directory.","required":false,"type":"string","default_value":null,"actual_value":null,"input_value":null,"level":"secondary","values":[],"is_member_of_frames":[],"is_mutually_exclusive_with":[],"gridable":false},{"__meta":{"schema_version":3,"schema_name":"ModelParameterSchemaV3","schema_type":"Iced"},"name":"monotone_constraints","label":"monotone_constraints","help":"A mapping representing monotonic constraints. Use +1 to enforce an increasing constraint and -1 to specify a decreasing constraint.","required":false,"type":"KeyValue[]","default_value":null,"actual_value":null,"input_value":null,"level":"secondary","values":[],"is_member_of_frames":[],"is_mutually_exclusive_with":[],"gridable":false},{"__meta":{"schema_version":3,"schema_name":"ModelParameterSchemaV3","schema_type":"Iced"},"name":"check_constant_response","label":"check_constant_response","help":"Check if response column is constant. If enabled, then an exception is thrown if the response column is a constant value.If disabled, then model will train regardless of the response column being a constant value or not.","required":false,"type":"boolean","default_value":true,"actual_value":true,"input_value":true,"level":"expert","values":[],"is_member_of_frames":[],"is_mutually_exclusive_with":[],"gridable":false},{"__meta":{"schema_version":3,"schema_name":"ModelParameterSchemaV3","schema_type":"Iced"},"name":"gainslift_bins","label":"gainslift_bins","help":"Gains/Lift table number of bins. 0 means disabled.. Default value -1 means automatic binning.","required":false,"type":"int","default_value":-1,"actual_value":-1,"input_value":-1,"level":"secondary","values":[],"is_member_of_frames":[],"is_mutually_exclusive_with":[],"gridable":false}],"output":{"__meta":{"schema_version":3,"schema_name":"GBMModelOutputV3","schema_type":"GBMOutput"},"names":["R_Percent","T_AreaMin","R_Area","T_HeightMean","algo_blackwhite_class"],"original_names":null,"column_types":["Numeric","Numeric","Numeric","Numeric","Enum"],"domains":[null,null,null,null,["false","true"]],"cross_validation_models":null,"cross_validation_predictions":null,"cross_validation_holdout_predictions_frame_id":null,"cross_validation_fold_assignment_frame_id":null,"model_category":"Binomial","model_summary":{"__meta":{"schema_version":3,"schema_name":"TwoDimTableV3","schema_type":"TwoDimTable"},"name":"Model Summary","description":"","columns":[{"__meta":{"schema_version":-1,"schema_name":"ColumnSpecsBase","schema_type":"Iced"},"name":"","type":"string","format":"%s","description":""},{"__meta":{"schema_version":-1,"schema_name":"ColumnSpecsBase","schema_type":"Iced"},"name":"number_of_trees","type":"long","format":"%d","description":"Number of Trees"},{"__meta":{"schema_version":-1,"schema_name":"ColumnSpecsBase","schema_type":"Iced"},"name":"number_of_internal_trees","type":"long","format":"%d","description":"Number of Internal Trees"},{"__meta":{"schema_version":-1,"schema_name":"ColumnSpecsBase","schema_type":"Iced"},"name":"model_size_in_bytes","type":"long","format":"%d","description":"Model Size in Bytes"},{"__meta":{"schema_version":-1,"schema_name":"ColumnSpecsBase","schema_type":"Iced"},"name":"min_depth","type":"long","format":"%d","description":"Min. Depth"},{"__meta":{"schema_version":-1,"schema_name":"ColumnSpecsBase","schema_type":"Iced"},"name":"max_depth","type":"long","format":"%d","description":"Max. Depth"},{"__meta":{"schema_version":-1,"schema_name":"ColumnSpecsBase","schema_type":"Iced"},"name":"mean_depth","type":"double","format":"%.5f","description":"Mean Depth"},{"__meta":{"schema_version":-1,"schema_name":"ColumnSpecsBase","schema_type":"Iced"},"name":"min_leaves","type":"long","format":"%d","description":"Min. Leaves"},{"__meta":{"schema_version":-1,"schema_name":"ColumnSpecsBase","schema_type":"Iced"},"name":"max_leaves","type":"long","format":"%d","description":"Max. Leaves"},{"__meta":{"schema_version":-1,"schema_name":"ColumnSpecsBase","schema_type":"Iced"},"name":"mean_leaves","type":"double","format":"%.5f","description":"Mean Leaves"}],"rowcount":1,"data":[[""],[50],[50],[7070],[5],[5],[5.0],[6],[7],[6.58]]},"scoring_history":{"__meta":{"schema_version":3,"schema_name":"TwoDimTableV3","schema_type":"TwoDimTable"},"name":"Scoring History","description":"","columns":[{"__meta":{"schema_version":-1,"schema_name":"ColumnSpecsBase","schema_type":"Iced"},"name":"","type":"string","format":"%s","description":""},{"__meta":{"schema_version":-1,"schema_name":"ColumnSpecsBase","schema_type":"Iced"},"name":"timestamp","type":"string","format":"%s","description":"Timestamp"},{"__meta":{"schema_version":-1,"schema_name":"ColumnSpecsBase","schema_type":"Iced"},"name":"duration","type":"string","format":"%s","description":"Duration"},{"__meta":{"schema_version":-1,"schema_name":"ColumnSpecsBase","schema_type":"Iced"},"name":"number_of_trees","type":"long","format":"%d","description":"Number of Trees"},{"__meta":{"schema_version":-1,"schema_name":"ColumnSpecsBase","schema_type":"Iced"},"name":"training_rmse","type":"double","format":"%.5f","description":"Training RMSE"},{"__meta":{"schema_version":-1,"schema_name":"ColumnSpecsBase","schema_type":"Iced"},"name":"training_logloss","type":"double","format":"%.5f","description":"Training LogLoss"},{"__meta":{"schema_version":-1,"schema_name":"ColumnSpecsBase","schema_type":"Iced"},"name":"training_auc","type":"double","format":"%.5f","description":"Training AUC"},{"__meta":{"schema_version":-1,"schema_name":"ColumnSpecsBase","schema_type":"Iced"},"name":"training_pr_auc","type":"double","format":"%.5f","description":"Training pr_auc"},{"__meta":{"schema_version":-1,"schema_name":"ColumnSpecsBase","schema_type":"Iced"},"name":"training_lift","type":"double","format":"%.5f","description":"Training Lift"},{"__meta":{"schema_version":-1,"schema_name":"ColumnSpecsBase","schema_type":"Iced"},"name":"training_classification_error","type":"double","format":"%.5f","description":"Training Classification Error"},{"__meta":{"schema_version":-1,"schema_name":"ColumnSpecsBase","schema_type":"Iced"},"name":"validation_rmse","type":"double","format":"%.5f","description":"Validation RMSE"},{"__meta":{"schema_version":-1,"schema_name":"ColumnSpecsBase","schema_type":"Iced"},"name":"validation_logloss","type":"double","format":"%.5f","description":"Validation LogLoss"},{"__meta":{"schema_version":-1,"schema_name":"ColumnSpecsBase","schema_type":"Iced"},"name":"validation_auc","type":"double","format":"%.5f","description":"Validation AUC"},{"__meta":{"schema_version":-1,"schema_name":"ColumnSpecsBase","schema_type":"Iced"},"name":"validation_pr_auc","type":"double","format":"%.5f","description":"Validation pr_auc"},{"__meta":{"schema_version":-1,"schema_name":"ColumnSpecsBase","schema_type":"Iced"},"name":"validation_lift","type":"double","format":"%.5f","description":"Validation Lift"},{"__meta":{"schema_version":-1,"schema_name":"ColumnSpecsBase","schema_type":"Iced"},"name":"validation_classification_error","type":"double","format":"%.5f","description":"Validation Classification Error"}],"rowcount":9,"data":[["","","","","","","","",""],["2020-09-25 11:28:35","2020-09-25 11:28:38","2020-09-25 11:28:39","2020-09-25 11:28:41","2020-09-25 11:28:46","2020-09-25 11:28:53","2020-09-25 11:28:59","2020-09-25 11:29:06","2020-09-25 11:29:12"],[" 0.005 sec"," 2.941 sec"," 4.048 sec"," 5.173 sec","10.888 sec","17.193 sec","23.895 sec","30.979 sec","36.365 sec"],[0,1,2,3,11,21,31,42,50],[0.7060761589904294,0.7058480524913006,0.7055973399199524,0.7053213519122413,0.7018069974175487,0.6910875642824849,0.6635499800522867,0.5891613280689002,0.4886476831643642],[3.2660468407831136,3.1660775615333696,3.07521993057995,2.991210669056211,2.4469278817180324,1.8937513942299617,1.3935767622223356,0.8954861022565931,0.5872954021419988],[0.5,0.9999980547124242,0.999999306916188,0.999999306916188,0.999999329858344,0.9999998075883715,0.9999998090992098,0.9999998703473114,0.9999998703473114],[0.5000005146385504,0.9999987956023546,0.9999995498862737,0.9999995498862737,0.999999584341758,0.9999998311344619,0.9999998326013572,0.9999998814495186,0.9999998814495186],[1.0,1.999997941447917,1.999997941447917,1.999997941447917,1.999997941447917,1.999997941447917,1.999997941447917,1.999997941447917,1.999997941447917],[0.4999994853614495,3.7740160368234176E-6,1.9727811101576954E-6,1.9727811101576954E-6,1.9727811101576954E-6,1.9727811101576954E-6,1.9727811101576954E-6,1.9727811101576954E-6,1.9727811101576954E-6],[0.03775091817722147,0.037729489786975365,0.03771035926315944,0.03769187521887371,0.0374958070541316,0.03692217910061382,0.03545095792650472,0.03147750000245324,0.026110245699055765],[0.010777372245554535,0.010228445102163704,0.009771087133910481,0.009377526077406434,0.007265888011193458,0.005497165547067672,0.004010243739099911,0.0025669844335479163,0.0016817824308705618],[0.5,0.9999991641678385,0.9999997577224948,0.9999997577224948,0.9999997730856136,0.9999999305295466,0.9999999305295466,0.9999999519482013,0.9999999519482013],[0.9985728323241885,0.999999998806529,0.999999999654021,0.999999999654021,0.9999999996759928,0.9999999999007324,0.9999999999007324,0.9999999999313332,0.9999999999313332],[1.0,1.0014292073944067,1.0014292073944067,1.0014292073944067,1.0014292073944067,1.0014292073944067,1.0014292073944067,1.0014292073944067,1.0014292073944067],[0.0014271676758114667,4.397435415665584E-6,1.599067423878394E-6,1.599067423878394E-6,1.599067423878394E-6,1.599067423878394E-6,1.599067423878394E-6,1.599067423878394E-6,1.599067423878394E-6]]},"reproducibility_information_table":[{"__meta":{"schema_version":3,"schema_name":"TwoDimTableV3","schema_type":"TwoDimTable"},"name":"Node Information","description":"","columns":[{"__meta":{"schema_version":-1,"schema_name":"ColumnSpecsBase","schema_type":"Iced"},"name":"","type":"string","format":"%s","description":""},{"__meta":{"schema_version":-1,"schema_name":"ColumnSpecsBase","schema_type":"Iced"},"name":"node","type":"int","format":"%d","description":"node"},{"__meta":{"schema_version":-1,"schema_name":"ColumnSpecsBase","schema_type":"Iced"},"name":"h2o","type":"string","format":"%s","description":"h2o"},{"__meta":{"schema_version":-1,"schema_name":"ColumnSpecsBase","schema_type":"Iced"},"name":"healthy","type":"string","format":"%s","description":"healthy"},{"__meta":{"schema_version":-1,"schema_name":"ColumnSpecsBase","schema_type":"Iced"},"name":"last_ping","type":"string","format":"%s","description":"last_ping"},{"__meta":{"schema_version":-1,"schema_name":"ColumnSpecsBase","schema_type":"Iced"},"name":"num_cpus","type":"int","format":"%d","description":"num_cpus"},{"__meta":{"schema_version":-1,"schema_name":"ColumnSpecsBase","schema_type":"Iced"},"name":"sys_load","type":"double","format":"%.5f","description":"sys_load"},{"__meta":{"schema_version":-1,"schema_name":"ColumnSpecsBase","schema_type":"Iced"},"name":"mem_value_size","type":"long","format":"%d","description":"mem_value_size"},{"__meta":{"schema_version":-1,"schema_name":"ColumnSpecsBase","schema_type":"Iced"},"name":"free_mem","type":"long","format":"%d","description":"free_mem"},{"__meta":{"schema_version":-1,"schema_name":"ColumnSpecsBase","schema_type":"Iced"},"name":"pojo_mem","type":"long","format":"%d","description":"pojo_mem"},{"__meta":{"schema_version":-1,"schema_name":"ColumnSpecsBase","schema_type":"Iced"},"name":"swap_mem","type":"long","format":"%d","description":"swap_mem"},{"__meta":{"schema_version":-1,"schema_name":"ColumnSpecsBase","schema_type":"Iced"},"name":"free_disc","type":"long","format":"%d","description":"free_disc"},{"__meta":{"schema_version":-1,"schema_name":"ColumnSpecsBase","schema_type":"Iced"},"name":"max_disc","type":"long","format":"%d","description":"max_disc"},{"__meta":{"schema_version":-1,"schema_name":"ColumnSpecsBase","schema_type":"Iced"},"name":"pid","type":"int","format":"%d","description":"pid"},{"__meta":{"schema_version":-1,"schema_name":"ColumnSpecsBase","schema_type":"Iced"},"name":"num_keys","type":"int","format":"%d","description":"num_keys"},{"__meta":{"schema_version":-1,"schema_name":"ColumnSpecsBase","schema_type":"Iced"},"name":"tcps_active","type":"string","format":"%s","description":"tcps_active"},{"__meta":{"schema_version":-1,"schema_name":"ColumnSpecsBase","schema_type":"Iced"},"name":"open_fds","type":"int","format":"%d","description":"open_fds"},{"__meta":{"schema_version":-1,"schema_name":"ColumnSpecsBase","schema_type":"Iced"},"name":"rpcs_active","type":"string","format":"%s","description":"rpcs_active"},{"__meta":{"schema_version":-1,"schema_name":"ColumnSpecsBase","schema_type":"Iced"},"name":"nthreads","type":"int","format":"%d","description":"nthreads"},{"__meta":{"schema_version":-1,"schema_name":"ColumnSpecsBase","schema_type":"Iced"},"name":"is_leader","type":"string","format":"%s","description":"is_leader"},{"__meta":{"schema_version":-1,"schema_name":"ColumnSpecsBase","schema_type":"Iced"},"name":"total_mem","type":"long","format":"%d","description":"total_mem"},{"__meta":{"schema_version":-1,"schema_name":"ColumnSpecsBase","schema_type":"Iced"},"name":"max_mem","type":"long","format":"%d","description":"max_mem"},{"__meta":{"schema_version":-1,"schema_name":"ColumnSpecsBase","schema_type":"Iced"},"name":"java_version","type":"string","format":"%s","description":"java_version"},{"__meta":{"schema_version":-1,"schema_name":"ColumnSpecsBase","schema_type":"Iced"},"name":"jvm_launch_parameters","type":"string","format":"%s","description":"jvm_launch_parameters"},{"__meta":{"schema_version":-1,"schema_name":"ColumnSpecsBase","schema_type":"Iced"},"name":"os_version","type":"string","format":"%s","description":"os_version"},{"__meta":{"schema_version":-1,"schema_name":"ColumnSpecsBase","schema_type":"Iced"},"name":"machine_physical_mem","type":"long","format":"%d","description":"machine_physical_mem"},{"__meta":{"schema_version":-1,"schema_name":"ColumnSpecsBase","schema_type":"Iced"},"name":"machine_locale","type":"string","format":"%s","description":"machine_locale"}],"rowcount":1,"data":[[""],[0],["10.25.9.1:54321"],["true"],["1601026115352"],[12],[4.8],[289191560],[2831693701],[4514845171],[0],[181463416832],[200510799872],[18554],[6487],["\u0000"],[492],["\u0000"],[12],["true"],[8041529344],[8041529344],["Java 1.8.0_265 (from Private Build)"],["[-Xmx8g]"],["Linux 5.0.0-32-generic (amd64)"],[16586354688],["en_US"]]},{"__meta":{"schema_version":3,"schema_name":"TwoDimTableV3","schema_type":"TwoDimTable"},"name":"Cluster Configuration","description":"","columns":[{"__meta":{"schema_version":-1,"schema_name":"ColumnSpecsBase","schema_type":"Iced"},"name":"","type":"string","format":"%s","description":""},{"__meta":{"schema_version":-1,"schema_name":"ColumnSpecsBase","schema_type":"Iced"},"name":"h2o_cluster_uptime","type":"long","format":"%d","description":"H2O cluster uptime"},{"__meta":{"schema_version":-1,"schema_name":"ColumnSpecsBase","schema_type":"Iced"},"name":"h2o_cluster_timezone","type":"string","format":"%s","description":"H2O cluster timezone"},{"__meta":{"schema_version":-1,"schema_name":"ColumnSpecsBase","schema_type":"Iced"},"name":"h2o_data_parsing_timezone","type":"string","format":"%s","description":"H2O data parsing timezone"},{"__meta":{"schema_version":-1,"schema_name":"ColumnSpecsBase","schema_type":"Iced"},"name":"h2o_cluster_version","type":"string","format":"%s","description":"H2O cluster version"},{"__meta":{"schema_version":-1,"schema_name":"ColumnSpecsBase","schema_type":"Iced"},"name":"h2o_cluster_version_age","type":"string","format":"%s","description":"H2O cluster version age"},{"__meta":{"schema_version":-1,"schema_name":"ColumnSpecsBase","schema_type":"Iced"},"name":"h2o_cluster_name","type":"string","format":"%s","description":"H2O cluster name"},{"__meta":{"schema_version":-1,"schema_name":"ColumnSpecsBase","schema_type":"Iced"},"name":"h2o_cluster_total_nodes","type":"int","format":"%d","description":"H2O cluster total nodes"},{"__meta":{"schema_version":-1,"schema_name":"ColumnSpecsBase","schema_type":"Iced"},"name":"h2o_cluster_free_memory","type":"long","format":"%d","description":"H2O cluster free memory"},{"__meta":{"schema_version":-1,"schema_name":"ColumnSpecsBase","schema_type":"Iced"},"name":"h2o_cluster_total_cores","type":"int","format":"%d","description":"H2O cluster total cores"},{"__meta":{"schema_version":-1,"schema_name":"ColumnSpecsBase","schema_type":"Iced"},"name":"h2o_cluster_allowed_cores","type":"int","format":"%d","description":"H2O cluster allowed cores"},{"__meta":{"schema_version":-1,"schema_name":"ColumnSpecsBase","schema_type":"Iced"},"name":"h2o_cluster_status","type":"string","format":"%s","description":"H2O cluster status"},{"__meta":{"schema_version":-1,"schema_name":"ColumnSpecsBase","schema_type":"Iced"},"name":"h2o_internal_security","type":"string","format":"%s","description":"H2O internal security"},{"__meta":{"schema_version":-1,"schema_name":"ColumnSpecsBase","schema_type":"Iced"},"name":"h2o_api_extensions","type":"string","format":"%s","description":"H2O API Extensions"}],"rowcount":1,"data":[[""],[2874682],["Europe/Paris"],["UTC"],["3.30.1.2"],["21 days, 16 hours and 37 minutes"],["sparkling-water-gabriel_local-1601023238504"],[1],[2831693701],[12],[12],["locked, healthly"],["false"],["XGBoost, Algos, Amazon S3, Sparkling Water REST API Extensions, AutoML, Core V3, TargetEncoder, Core V4"]]},{"__meta":{"schema_version":3,"schema_name":"TwoDimTableV3","schema_type":"TwoDimTable"},"name":"Input Frames Information","description":"","columns":[{"__meta":{"schema_version":-1,"schema_name":"ColumnSpecsBase","schema_type":"Iced"},"name":"","type":"string","format":"%s","description":""},{"__meta":{"schema_version":-1,"schema_name":"ColumnSpecsBase","schema_type":"Iced"},"name":"input_frame","type":"string","format":"%s","description":"Input Frame"},{"__meta":{"schema_version":-1,"schema_name":"ColumnSpecsBase","schema_type":"Iced"},"name":"checksum","type":"long","format":"%d","description":"Checksum"},{"__meta":{"schema_version":-1,"schema_name":"ColumnSpecsBase","schema_type":"Iced"},"name":"espc","type":"string","format":"%d","description":"ESPC"}],"rowcount":3,"data":[["","",""],["training_frame","validation_frame","calibration_frame"],[5972420454444799108,-4082545504947587558,-1],["[0, 29374, 58365, 87681, 117146, 146115, 175260, 204574, 233969, 263377, 292675, 321679, 350846, 380094, 409285, 438592, 467692, 496751, 525839, 554952, 583991, 613140, 642342, 671347, 700570, 729470, 758523, 787947, 817138, 846270, 875291, 904516, 933885, 963055, 992514, 1022001, 1051279, 1080370, 1109457, 1138609, 1167798, 1196979, 1226411, 1255368, 1284449, 1313722, 1342844, 1371705, 1400569, 1429523, 1458494, 1487439, 1516755, 1545965, 1575192, 1604438, 1634233, 1663564, 1692665, 1722037, 1751055, 1780135, 1809365, 1838627, 1867797, 1896820, 1926002, 1955215, 1984484, 2013666, 2042667, 2071635, 2100964, 2130238, 2159368, 2188491, 2217611, 2246685, 2275861, 2305079, 2334391, 2363871, 2392790, 2422125, 2451572, 2480391, 2509779, 2538988, 2567816, 2596893, 2626349, 2655392, 2684793, 2713837, 2743019, 2772367, 2801645, 2830764, 2859927, 2889099, 2917984, 2947229, 2976405, 3005419, 3034585, 3063760, 3092904, 3122236, 3151667, 3180776, 3210083, 3239365, 3268830, 3298280, 3327532, 3356362, 3385460, 3414621, 3443675, 3472779, 3502197, 3531138, 3560671, 3589671, 3618848, 3648120, 3677207, 3706247, 3735639, 3764732, 3793819, 3823239, 3852596, 3881854, 3911080, 3940306, 3969250, 3998580, 4027792, 4056625, 4085860, 4115100, 4144242, 4173585, 4202883, 4232108, 4261337, 4290652, 4319753, 4348988, 4378028, 4407079, 4436135, 4465567, 4494814, 4524000, 4553128, 4582549, 4611715, 4641070, 4670460, 4699931, 4729222, 4758587, 4787906, 4816971, 4846384, 4875717, 4904616, 4934078, 4963324, 4992510, 5021729, 5051070, 5079965, 5108918, 5138077, 5167145, 5196239, 5225504, 5254497, 5283512, 5312597, 5341619, 5370778, 5400330, 5429422, 5458838, 5487893, 5517146, 5546147, 5575316, 5604301, 5633566, 5662739, 5691855, 5721269, 5750428, 5779441, 5808732, 5837852]","[0, 12446, 25033, 37534, 50048, 62614, 74879, 87332, 100067, 112618, 125124, 137676, 150106, 162582, 175148, 187595, 200074, 212650, 225098, 237556, 250040, 262550, 275103, 287664, 300221, 312664, 325139, 337660, 350174, 362667, 375096, 387582, 400164, 412622, 425196, 437748, 450268, 462812, 475222, 487714, 500253, 512672, 525280, 537741, 550174, 562741, 575293, 587635, 599992, 612442, 624858, 637226, 649826, 662324, 674726, 687254, 699969, 712432, 724993, 737557, 749905, 762506, 775038, 787521, 800095, 812597, 825087, 837693, 850285, 862714, 875240, 887711, 900251, 912875, 925385, 937877, 950599, 962961, 975324, 987992, 1000510, 1013029, 1025627, 1038063, 1050501, 1063043, 1075519, 1087919, 1100494, 1112906, 1125445, 1137981, 1150468, 1162751, 1175469, 1187948, 1200434, 1213134, 1225476, 1237877, 1250519, 1263034, 1275468, 1288103, 1300511, 1312830, 1325444, 1337883, 1350302, 1362982, 1375441, 1387785, 1400536, 1413049, 1425458, 1437988, 1450413, 1462804, 1475418, 1487792, 1500311, 1512866, 1525453, 1537874, 1550587, 1563065, 1575532, 1588126, 1600590, 1613035, 1625680, 1638206, 1650693, 1663361, 1675757, 1688245, 1700735, 1713256, 1725776, 1738313, 1750800, 1763322, 1775946, 1788471, 1801064, 1813671, 1826177, 1838669, 1851239, 1863738, 1876228, 1888717, 1901144, 1913781, 1926409, 1938860, 1951381, 1963927, 1976325, 1988956, 2001528, 2014045, 2026588, 2039149, 2051593, 2064073, 2076663, 2089162, 2101588, 2114186, 2126622, 2139166, 2151666, 2164161, 2176689, 2189143, 2201629, 2214188, 2226670, 2239238, 2251848, 2264316, 2276683, 2289263, 2301613, 2314149, 2326672, 2339232, 2351578, 2364183, 2376618, 2388914, 2401428, 2413972, 2426397, 2439023, 2451595, 2464013, 2476563, 2489047, 2501458]","-1"]]}],"training_metrics":{"__meta":{"schema_version":3,"schema_name":"ModelMetricsBinomialV3","schema_type":"ModelMetricsBinomial"},"model":{"__meta":{"schema_version":3,"schema_name":"ModelKeyV3","schema_type":"Key<Model>"},"name":"GBM_model_python_1601023240913_104","type":"Key<Model>","URL":"/3/Models/GBM_model_python_1601023240913_104"},"model_checksum":9196771139740828419,"frame":{"__meta":{"schema_version":3,"schema_name":"FrameKeyV3","schema_type":"Key<Frame>"},"name":"py_8_sid_9e6b","type":"Key<Frame>","URL":"/3/Frames/py_8_sid_9e6b"},"frame_checksum":-6414733219202249694,"description":null,"model_category":"Binomial","scoring_time":1601026152545,"predictions":null,"MSE":0.23877655826190086,"RMSE":0.4886476831643642,"nobs":11658668,"custom_metric_name":null,"custom_metric_value":0.0,"r2":0.04489376695138447,"logloss":0.5872954021419988,"AUC":0.9999998703473114,"pr_auc":0.9999998814495186,"Gini":0.9999997406946228,"mean_per_class_error":1.9727790796213635E-6,"domain":["false","true"],"cm":{"__meta":{"schema_version":3,"schema_name":"ConfusionMatrixV3","schema_type":"ConfusionMatrix"},"table":{"__meta":{"schema_version":3,"schema_name":"TwoDimTableV3","schema_type":"TwoDimTable"},"name":"Confusion Matrix","description":"Row labels: Actual class; Column labels: Predicted class","columns":[{"__meta":{"schema_version":-1,"schema_name":"ColumnSpecsBase","schema_type":"Iced"},"name":"false","type":"long","format":"%d","description":"false"},{"__meta":{"schema_version":-1,"schema_name":"ColumnSpecsBase","schema_type":"Iced"},"name":"true","type":"long","format":"%d","description":"true"},{"__meta":{"schema_version":-1,"schema_name":"ColumnSpecsBase","schema_type":"Iced"},"name":"Error","type":"double","format":"%.4f","description":"Error"},{"__meta":{"schema_version":-1,"schema_name":"ColumnSpecsBase","schema_type":"Iced"},"name":"Rate","type":"string","format":"= %15s","description":"Rate"}],"rowcount":3,"data":[[5829328,23,5829351],[0,5829317,5829317],[0.0,3.945558159242727E-6,1.9727811101576954E-6],["0 / 5,829,328","23 / 5,829,340","23 / 11,658,668"]]}},"thresholds_and_metric_scores":{"__meta":{"schema_version":3,"schema_name":"TwoDimTableV3","schema_type":"TwoDimTable"},"name":"Metrics for Thresholds","description":"Binomial metrics as a function of classification thresholds","columns":[{"__meta":{"schema_version":-1,"schema_name":"ColumnSpecsBase","schema_type":"Iced"},"name":"threshold","type":"double","format":"%f","description":"Threshold"},{"__meta":{"schema_version":-1,"schema_name":"ColumnSpecsBase","schema_type":"Iced"},"name":"f1","type":"double","format":"%f","description":"f1"},{"__meta":{"schema_version":-1,"schema_name":"ColumnSpecsBase","schema_type":"Iced"},"name":"f2","type":"double","format":"%f","description":"f2"},{"__meta":{"schema_version":-1,"schema_name":"ColumnSpecsBase","schema_type":"Iced"},"name":"f0point5","type":"double","format":"%f","description":"f0point5"},{"__meta":{"schema_version":-1,"schema_name":"ColumnSpecsBase","schema_type":"Iced"},"name":"accuracy","type":"double","format":"%f","description":"accuracy"},{"__meta":{"schema_version":-1,"schema_name":"ColumnSpecsBase","schema_type":"Iced"},"name":"precision","type":"double","format":"%f","description":"precision"},{"__meta":{"schema_version":-1,"schema_name":"ColumnSpecsBase","schema_type":"Iced"},"name":"recall","type":"double","format":"%f","description":"recall"},{"__meta":{"schema_version":-1,"schema_name":"ColumnSpecsBase","schema_type":"Iced"},"name":"specificity","type":"double","format":"%f","description":"specificity"},{"__meta":{"schema_version":-1,"schema_name":"ColumnSpecsBase","schema_type":"Iced"},"name":"absolute_mcc","type":"double","format":"%f","description":"absolute_mcc"},{"__meta":{"schema_version":-1,"schema_name":"ColumnSpecsBase","schema_type":"Iced"},"name":"min_per_class_accuracy","type":"double","format":"%f","description":"min_per_class_accuracy"},{"__meta":{"schema_version":-1,"schema_name":"ColumnSpecsBase","schema_type":"Iced"},"name":"mean_per_class_accuracy","type":"double","format":"%f","description":"mean_per_class_accuracy"},{"__meta":{"schema_version":-1,"schema_name":"ColumnSpecsBase","schema_type":"Iced"},"name":"tns","type":"long","format":"%d","description":"tns"},{"__meta":{"schema_version":-1,"schema_name":"ColumnSpecsBase","schema_type":"Iced"},"name":"fns","type":"long","format":"%d","description":"fns"},{"__meta":{"schema_version":-1,"schema_name":"ColumnSpecsBase","schema_type":"Iced"},"name":"fps","type":"long","format":"%d","description":"fps"},{"__meta":{"schema_version":-1,"schema_name":"ColumnSpecsBase","schema_type":"Iced"},"name":"tps","type":"long","format":"%d","description":"tps"},{"__meta":{"schema_version":-1,"schema_name":"ColumnSpecsBase","schema_type":"Iced"},"name":"tnr","type":"double","format":"%f","description":"tnr"},{"__meta":{"schema_version":-1,"schema_name":"ColumnSpecsBase","schema_type":"Iced"},"name":"fnr","type":"double","format":"%f","description":"fnr"},{"__meta":{"schema_version":-1,"schema_name":"ColumnSpecsBase","schema_type":"Iced"},"name":"fpr","type":"double","format":"%f","description":"fpr"},{"__meta":{"schema_version":-1,"schema_name":"ColumnSpecsBase","schema_type":"Iced"},"name":"tpr","type":"double","format":"%f","description":"tpr"},{"__meta":{"schema_version":-1,"schema_name":"ColumnSpecsBase","schema_type":"Iced"},"name":"idx","type":"int","format":"%d","description":"idx"}],"rowcount":19,"data":[[0.9999952373617333,0.9995327695177456,0.9995321326398056,0.9995320636743991,0.7076223848092139,0.7020925125412828,0.6990595505568545,0.693489481355175,0.6934378880288999,0.6933096439487711,0.6932782119821065,0.6931997256187679,0.6931682873724019,0.6914153647634904,0.691409769142569,0.6909356671752589,0.6909105157088192,0.6909097010675133,0.6909042022076625],[0.9999962259736044,0.999996311747248,0.9999965690680902,0.9999980272170286,0.9998219663049793,0.9997633216875027,0.9947986377035027,0.9947405810053083,0.9917851890788025,0.9912655769149833,0.9872419519142914,0.9870129452331386,0.9841598816441874,0.9814365211081401,0.9813800135338193,0.929057474448226,0.9145830221620869,0.907464773965484,0.666667124122999],[0.9999939615714406,0.9999940988086559,0.9999945105202449,0.999996843550982,0.999926617739213,0.9999031541555992,0.9979121217659406,0.9978887526796296,0.9966969814676213,0.996487109229364,0.9948567020566706,0.9947636679614293,0.9936024452984834,0.9924902625224293,0.9924671466852792,0.970361407829882,0.9639875648392245,0.9608100384140075,0.833333619243443],[0.9999984903860233,0.9999985246956344,0.9999986276244109,0.9999992108858775,0.9997173367739063,0.9996235283239633,0.9917045213434507,0.9916122107681762,0.9869215705980016,0.9860984803887737,0.9797428847065308,0.9793820685706375,0.97489510065681,0.9706262871011485,0.970537858703887,0.8911262273557993,0.8699955859515057,0.8597315045063881,0.5555560638404855],[0.9999962259839632,0.999996311757055,0.9999965690763302,0.9999980272188899,0.9998219350615354,0.999763266266781,0.9947714438733481,0.9947127750785939,0.9917171498493653,0.9911886160580266,0.9870770829051827,0.9868420646337986,0.9839049366531408,0.9810854035812667,0.9810267347865125,0.92364024775386,0.9066054544138319,0.8980287456508754,0.5000005146385504],[1.0,1.0,1.0,1.0,0.9996475959182176,0.9995303544649248,0.9896524478794054,0.9895375393441416,0.9837055727147191,0.9826835725562221,0.9748064796094976,0.974360032961541,0.9688148841618535,0.9635508017147547,0.9634418742559535,0.8675138509132919,0.842609836437129,0.830604590443489,0.5000005146385504],[0.9999924519756953,0.9999926235217023,0.999993138159723,0.9999960544418408,0.9999963975338546,0.9999963975338546,0.9999986276319446,0.9999986276319446,0.9999986276319446,0.9999987991779515,0.9999987991779515,0.9999987991779515,0.9999987991779515,0.9999987991779515,0.9999987991779515,1.0,1.0,1.0,1.0],[1.0,1.0,1.0,1.0,0.9996474722300752,0.9995301345197937,0.9895442493542995,0.989426911644018,0.9834356550188975,0.9823784148018434,0.9741553400323331,0.9736853030057667,0.9678110409982077,0.9621719690502919,0.9620546313400103,0.8472803383168694,0.8132107165697315,0.7960572813881805,0.0],[0.9999924519964126,0.999992623541316,0.9999931381762027,0.9999960544455634,0.9996439309755747,0.9995266411822581,0.9895969675196019,0.9894808442472814,0.9835692206831634,0.9825297702410388,0.9744796386887917,0.9740213925147114,0.9683116117136192,0.9628599141574553,0.962746778447517,0.8573374067987377,0.8277797707589514,0.813147484886344,0.0],[0.9999924519756953,0.9999926235217023,0.999993138159723,0.9999960544418408,0.9996474722300752,0.9995301345197937,0.9895442493542995,0.989426911644018,0.9834356550188975,0.9823784148018434,0.9741553400323331,0.9736853030057667,0.9678110409982077,0.9621719690502919,0.9620546313400103,0.8472803383168694,0.8132107165697315,0.7960572813881805,0.0],[0.9999962259878477,0.9999963117608511,0.9999965690798616,0.9999980272209203,0.9998219348819649,0.9997632660268241,0.9947714384931221,0.9947127696379813,0.9917171413254211,0.9911886069898974,0.9870770696051423,0.9868420510918592,0.9839049200880796,0.9810853841141217,0.9810267152589809,0.9236401691584347,0.9066053582848658,0.8980286406940903,0.5],[5829328,5829328,5829328,5829328,5827273,5826589,5768378,5767694,5732769,5726606,5678671,5675931,5641688,5608816,5608132,4939075,4740472,4640479,0],[44,43,40,23,21,21,8,8,8,7,7,7,7,7,7,0,0,0,0],[0,0,0,0,2055,2739,60950,61634,96559,102722,150657,153397,187640,220512,221196,890253,1088856,1188849,5829328],[5829296,5829297,5829300,5829317,5829319,5829319,5829332,5829332,5829332,5829333,5829333,5829333,5829333,5829333,5829333,5829340,5829340,5829340,5829340],[1.0,1.0,1.0,1.0,0.9996474722300752,0.9995301345197937,0.9895442493542995,0.989426911644018,0.9834356550188975,0.9823784148018434,0.9741553400323331,0.9736853030057667,0.9678110409982077,0.9621719690502919,0.9620546313400103,0.8472803383168694,0.8132107165697315,0.7960572813881805,0.0],[7.548024304638261E-6,7.376478297714664E-6,6.8618402769438735E-6,3.945558159242727E-6,3.6024661453955336E-6,3.6024661453955336E-6,1.3723680553887748E-6,1.3723680553887748E-6,1.3723680553887748E-6,1.200822048465178E-6,1.200822048465178E-6,1.200822048465178E-6,1.200822048465178E-6,1.200822048465178E-6,1.200822048465178E-6,0.0,0.0,0.0,0.0],[0.0,0.0,0.0,0.0,3.525277699247666E-4,4.698654802062948E-4,0.0104557506457005,0.010573088355982028,0.016564344981102454,0.017621585198156632,0.025844659967666942,0.0263146969942333,0.03218895900179232,0.037828030949708095,0.037945368659989626,0.15271966168313053,0.18678928343026846,0.2039427186118194,1.0],[0.9999924519756953,0.9999926235217023,0.999993138159723,0.9999960544418408,0.9999963975338546,0.9999963975338546,0.9999986276319446,0.9999986276319446,0.9999986276319446,0.9999987991779515,0.9999987991779515,0.9999987991779515,0.9999987991779515,0.9999987991779515,0.9999987991779515,1.0,1.0,1.0,1.0],[0,1,2,3,4,5,6,7,8,9,10,11,12,13,14,15,16,17,18]]},"max_criteria_and_metric_scores":{"__meta":{"schema_version":3,"schema_name":"TwoDimTableV3","schema_type":"TwoDimTable"},"name":"Maximum Metrics","description":"Maximum metrics at their respective thresholds","columns":[{"__meta":{"schema_version":-1,"schema_name":"ColumnSpecsBase","schema_type":"Iced"},"name":"metric","type":"string","format":"%s","description":"Metric"},{"__meta":{"schema_version":-1,"schema_name":"ColumnSpecsBase","schema_type":"Iced"},"name":"threshold","type":"double","format":"%f","description":"Threshold"},{"__meta":{"schema_version":-1,"schema_name":"ColumnSpecsBase","schema_type":"Iced"},"name":"value","type":"double","format":"%f","description":"Value"},{"__meta":{"schema_version":-1,"schema_name":"ColumnSpecsBase","schema_type":"Iced"},"name":"idx","type":"long","format":"%d","description":"idx"}],"rowcount":18,"data":[["max f1","max f2","max f0point5","max accuracy","max precision","max recall","max specificity","max absolute_mcc","max min_per_class_accuracy","max mean_per_class_accuracy","max tns","max fns","max fps","max tps","max tnr","max fnr","max fpr","max tpr"],[0.9995320636743991,0.9995320636743991,0.9995320636743991,0.9995320636743991,0.9999952373617333,0.6909356671752589,0.9999952373617333,0.9995320636743991,0.9995320636743991,0.9995320636743991,0.9999952373617333,0.9999952373617333,0.6909042022076625,0.6909356671752589,0.9999952373617333,0.9999952373617333,0.6909042022076625,0.6909356671752589],[0.9999980272170286,0.999996843550982,0.9999992108858775,0.9999980272188899,1.0,1.0,1.0,0.9999960544455634,0.9999960544418408,0.9999980272209203,5829328.0,44.0,5829328.0,5829340.0,1.0,7.548024304638261E-6,1.0,1.0],[3,3,3,3,0,15,0,3,3,3,0,0,18,15,0,0,18,15]]},"gains_lift_table":{"__meta":{"schema_version":3,"schema_name":"TwoDimTableV3","schema_type":"TwoDimTable"},"name":"Gains/Lift Table","description":"Avg response rate: 50.00 %, avg score: 84.55 %","columns":[{"__meta":{"schema_version":-1,"schema_name":"ColumnSpecsBase","schema_type":"Iced"},"name":"group","type":"int","format":"%d","description":"Group"},{"__meta":{"schema_version":-1,"schema_name":"ColumnSpecsBase","schema_type":"Iced"},"name":"cumulative_data_fraction","type":"double","format":"%.8f","description":"Cumulative Data Fraction"},{"__meta":{"schema_version":-1,"schema_name":"ColumnSpecsBase","schema_type":"Iced"},"name":"lower_threshold","type":"double","format":"%5f","description":"Lower Threshold"},{"__meta":{"schema_version":-1,"schema_name":"ColumnSpecsBase","schema_type":"Iced"},"name":"lift","type":"double","format":"%5f","description":"Lift"},{"__meta":{"schema_version":-1,"schema_name":"ColumnSpecsBase","schema_type":"Iced"},"name":"cumulative_lift","type":"double","format":"%5f","description":"Cumulative Lift"},{"__meta":{"schema_version":-1,"schema_name":"ColumnSpecsBase","schema_type":"Iced"},"name":"response_rate","type":"double","format":"%5f","description":"Response Rate"},{"__meta":{"schema_version":-1,"schema_name":"ColumnSpecsBase","schema_type":"Iced"},"name":"score","type":"double","format":"%5f","description":"Score"},{"__meta":{"schema_version":-1,"schema_name":"ColumnSpecsBase","schema_type":"Iced"},"name":"cumulative_response_rate","type":"double","format":"%5f","description":"Cumulative Response Rate"},{"__meta":{"schema_version":-1,"schema_name":"ColumnSpecsBase","schema_type":"Iced"},"name":"cumulative_score","type":"double","format":"%5f","description":"Cumulative Score"},{"__meta":{"schema_version":-1,"schema_name":"ColumnSpecsBase","schema_type":"Iced"},"name":"capture_rate","type":"double","format":"%5f","description":"Capture Rate"},{"__meta":{"schema_version":-1,"schema_name":"ColumnSpecsBase","schema_type":"Iced"},"name":"cumulative_capture_rate","type":"double","format":"%5f","description":"Cumulative Capture Rate"},{"__meta":{"schema_version":-1,"schema_name":"ColumnSpecsBase","schema_type":"Iced"},"name":"gain","type":"double","format":"%5f","description":"Gain"},{"__meta":{"schema_version":-1,"schema_name":"ColumnSpecsBase","schema_type":"Iced"},"name":"cumulative_gain","type":"double","format":"%5f","description":"Cumulative Gain"},{"__meta":{"schema_version":-1,"schema_name":"ColumnSpecsBase","schema_type":"Iced"},"name":"kolmogorov_smirnov","type":"double","format":"%5f","description":"Kolmogorov Smirnov"}],"rowcount":4,"data":[[1,2,3,4],[0.49999674062251365,0.5001749771071619,0.6019717689876751,1.0],[0.9999952373617333,0.7076223848092139,0.6909097010675131,0.6909042022076625],[1.999997941447917,0.022136647090135752,3.538879839773365E-5,0.0],[1.999997941447917,1.9992931340097944,1.6612074710441682,1.0],[1.0,0.011068334937439845,1.7694417411306732E-5,0.0],[0.9999952373618604,0.7105723868154247,0.69159950498595,0.6909042022075695],[1.0,0.9996475959182176,0.830604590443489,0.5000005146385504],[0.9999952373618604,0.9998921020315873,0.9477581001455283,0.8455229975206624],[0.9999924519756953,3.945558159242727E-6,3.6024661453955336E-6,0.0],[0.9999924519756953,0.9999963975338546,1.0,1.0],[99.9997941447917,-97.78633529098643,-99.99646112016023,-100.0],[99.9997941447917,99.92931340097944,66.12074710441682,0.0],[0.9999924519756953,0.9996438697639298,0.7960572813881805,0.0]]}},"validation_metrics":{"__meta":{"schema_version":3,"schema_name":"ModelMetricsBinomialV3","schema_type":"ModelMetricsBinomial"},"model":{"__meta":{"schema_version":3,"schema_name":"ModelKeyV3","schema_type":"Key<Model>"},"name":"GBM_model_python_1601023240913_104","type":"Key<Model>","URL":"/3/Models/GBM_model_python_1601023240913_104"},"model_checksum":9196771139740828419,"frame":{"__meta":{"schema_version":3,"schema_name":"FrameKeyV3","schema_type":"Key<Frame>"},"name":"py_9_sid_9e6b","type":"Key<Frame>","URL":"/3/Frames/py_9_sid_9e6b"},"frame_checksum":8156355411990433905,"description":null,"model_category":"Binomial","scoring_time":1601026152843,"predictions":null,"MSE":6.8174493046506E-4,"RMSE":0.026110245699055765,"nobs":2501458,"custom_metric_name":null,"custom_metric_value":0.0,"r2":0.5216264375014005,"logloss":0.0016817824308705618,"AUC":0.9999999519482013,"pr_auc":0.9999999999313332,"Gini":0.9999999038964027,"mean_per_class_error":8.00676411432378E-7,"domain":["false","true"],"cm":{"__meta":{"schema_version":3,"schema_name":"ConfusionMatrixV3","schema_type":"ConfusionMatrix"},"table":{"__meta":{"schema_version":3,"schema_name":"TwoDimTableV3","schema_type":"TwoDimTable"},"name":"Confusion Matrix","description":"Row labels: Actual class; Column labels: Predicted class","columns":[{"__meta":{"schema_version":-1,"schema_name":"ColumnSpecsBase","schema_type":"Iced"},"name":"false","type":"long","format":"%d","description":"false"},{"__meta":{"schema_version":-1,"schema_name":"ColumnSpecsBase","schema_type":"Iced"},"name":"true","type":"long","format":"%d","description":"true"},{"__meta":{"schema_version":-1,"schema_name":"ColumnSpecsBase","schema_type":"Iced"},"name":"Error","type":"double","format":"%.4f","description":"Error"},{"__meta":{"schema_version":-1,"schema_name":"ColumnSpecsBase","schema_type":"Iced"},"name":"Rate","type":"string","format":"= %13s","description":"Rate"}],"rowcount":3,"data":[[3570,4,3574],[0,2497884,2497884],[0.0,1.601352822864756E-6,1.599067423878394E-6],["0 / 3,570","4 / 2,497,888","4 / 2,501,458"]]}},"thresholds_and_metric_scores":{"__meta":{"schema_version":3,"schema_name":"TwoDimTableV3","schema_type":"TwoDimTable"},"name":"Metrics for Thresholds","description":"Binomial metrics as a function of classification thresholds","columns":[{"__meta":{"schema_version":-1,"schema_name":"ColumnSpecsBase","schema_type":"Iced"},"name":"threshold","type":"double","format":"%f","description":"Threshold"},{"__meta":{"schema_version":-1,"schema_name":"ColumnSpecsBase","schema_type":"Iced"},"name":"f1","type":"double","format":"%f","description":"f1"},{"__meta":{"schema_version":-1,"schema_name":"ColumnSpecsBase","schema_type":"Iced"},"name":"f2","type":"double","format":"%f","description":"f2"},{"__meta":{"schema_version":-1,"schema_name":"ColumnSpecsBase","schema_type":"Iced"},"name":"f0point5","type":"double","format":"%f","description":"f0point5"},{"__meta":{"schema_version":-1,"schema_name":"ColumnSpecsBase","schema_type":"Iced"},"name":"accuracy","type":"double","format":"%f","description":"accuracy"},{"__meta":{"schema_version":-1,"schema_name":"ColumnSpecsBase","schema_type":"Iced"},"name":"precision","type":"double","format":"%f","description":"precision"},{"__meta":{"schema_version":-1,"schema_name":"ColumnSpecsBase","schema_type":"Iced"},"name":"recall","type":"double","format":"%f","description":"recall"},{"__meta":{"schema_version":-1,"schema_name":"ColumnSpecsBase","schema_type":"Iced"},"name":"specificity","type":"double","format":"%f","description":"specificity"},{"__meta":{"schema_version":-1,"schema_name":"ColumnSpecsBase","schema_type":"Iced"},"name":"absolute_mcc","type":"double","format":"%f","description":"absolute_mcc"},{"__meta":{"schema_version":-1,"schema_name":"ColumnSpecsBase","schema_type":"Iced"},"name":"min_per_class_accuracy","type":"double","format":"%f","description":"min_per_class_accuracy"},{"__meta":{"schema_version":-1,"schema_name":"ColumnSpecsBase","schema_type":"Iced"},"name":"mean_per_class_accuracy","type":"double","format":"%f","description":"mean_per_class_accuracy"},{"__meta":{"schema_version":-1,"schema_name":"ColumnSpecsBase","schema_type":"Iced"},"name":"tns","type":"long","format":"%d","description":"tns"},{"__meta":{"schema_version":-1,"schema_name":"ColumnSpecsBase","schema_type":"Iced"},"name":"fns","type":"long","format":"%d","description":"fns"},{"__meta":{"schema_version":-1,"schema_name":"ColumnSpecsBase","schema_type":"Iced"},"name":"fps","type":"long","format":"%d","description":"fps"},{"__meta":{"schema_version":-1,"schema_name":"ColumnSpecsBase","schema_type":"Iced"},"name":"tps","type":"long","format":"%d","description":"tps"},{"__meta":{"schema_version":-1,"schema_name":"ColumnSpecsBase","schema_type":"Iced"},"name":"tnr","type":"double","format":"%f","description":"tnr"},{"__meta":{"schema_version":-1,"schema_name":"ColumnSpecsBase","schema_type":"Iced"},"name":"fnr","type":"double","format":"%f","description":"fnr"},{"__meta":{"schema_version":-1,"schema_name":"ColumnSpecsBase","schema_type":"Iced"},"name":"fpr","type":"double","format":"%f","description":"fpr"},{"__meta":{"schema_version":-1,"schema_name":"ColumnSpecsBase","schema_type":"Iced"},"name":"tpr","type":"double","format":"%f","description":"tpr"},{"__meta":{"schema_version":-1,"schema_name":"ColumnSpecsBase","schema_type":"Iced"},"name":"idx","type":"int","format":"%d","description":"idx"}],"rowcount":15,"data":[[0.9999952373671729,0.9995321325606935,0.9995320635987602,0.70762234518484,0.6990594491362229,0.6934378599858556,0.6933095034190324,0.6932781490759228,0.6931997498535214,0.6931683892556103,0.6914152523659312,0.6909354608106602,0.6909102918328858,0.6909095726571315,0.6909039719647468],[0.9999977981350203,0.9999979983049646,0.9999991993229475,0.9999985988159995,0.9999903919715314,0.9999865888446009,0.9999857881899858,0.9999789826775228,0.9999783821955763,0.9999751796373746,0.9999707761533411,0.9998875176179034,0.9998593009197076,0.9998492953808534,0.9992859065965829],[0.9999964770206868,0.9999967972917899,0.9999987189173313,0.9999984787146965,0.9999959165653413,0.9999943952942889,0.9999940750272891,0.9999913527660699,0.9999911125672623,0.9999898315089032,0.9999880700590187,0.9999550040104078,0.9999437156163865,0.9999397127009969,0.9997142402031217],[0.9999991192528446,0.9999991993210242,0.9999996797290249,0.9999987189173314,0.9999848674387636,0.9999787825167938,0.9999775014900261,0.9999666128950127,0.9999656521480139,0.9999605281951985,0.9999534828458186,0.9998200403340205,0.9997749004743098,0.9997588944108011,0.9988579398770927],[0.9999956025645843,0.9999960023314403,0.9999984009325761,0.9999972016320082,0.9999808111909134,0.99997321562065,0.9999716165532262,0.9999580244801232,0.9999568251795553,0.9999504289098597,0.9999416340390285,0.999775331026945,0.9997189639002534,0.9996989755574549,0.9985728323241886],[1.0,1.0,1.0,0.9999987989849021,0.9999811844508302,0.999973578365966,0.9999719770996859,0.9999583665433542,0.9999571656297013,0.9999507608056013,0.9999419543064301,0.9997750605375333,0.9997186414263078,0.9996986361786268,0.9985728323241886],[0.9999955962797371,0.9999959966179428,0.9999983986471771,0.9999983986471771,0.9999995996617943,0.9999995996617943,0.9999995996617943,0.9999995996617943,0.9999995996617943,0.9999995996617943,0.9999995996617943,1.0,1.0,1.0,1.0],[1.0,1.0,1.0,0.9991596638655462,0.9868347338935575,0.9815126050420168,0.9803921568627451,0.9708683473389356,0.9700280112044818,0.965546218487395,0.9593837535014006,0.8425770308123249,0.8030812324929972,0.7890756302521008,0.0],[0.9984607364059334,0.9986003763824591,0.9994394460192231,0.9990183537732582,0.9932450519792038,0.9905585492714624,0.9899920460199477,0.9851636895849265,0.9847365278483883,0.9824552125981264,0.979309774751464,0.9178167039163796,0.8960219186509134,0.8881654302013874,0.0],[0.9999955962797371,0.9999959966179428,0.9999983986471771,0.9991596638655462,0.9868347338935575,0.9815126050420168,0.9803921568627451,0.9708683473389356,0.9700280112044818,0.965546218487395,0.9593837535014006,0.8425770308123249,0.8030812324929972,0.7890756302521008,0.0],[0.9999977981398686,0.9999979983089714,0.9999991993235886,0.9995790312563617,0.9934171667776759,0.9907561023519056,0.9901958782622697,0.985433973500365,0.9850138054331381,0.9827729090745947,0.9796916765815975,0.9212885154061625,0.9015406162464986,0.8945378151260504,0.5],[3570,3570,3570,3567,3523,3504,3500,3466,3463,3447,3425,3008,2867,2817,0],[11,10,4,4,1,1,1,1,1,1,1,0,0,0,0],[0,0,0,3,47,66,70,104,107,123,145,562,703,753,3570],[2497877,2497878,2497884,2497884,2497887,2497887,2497887,2497887,2497887,2497887,2497887,2497888,2497888,2497888,2497888],[1.0,1.0,1.0,0.9991596638655462,0.9868347338935575,0.9815126050420168,0.9803921568627451,0.9708683473389356,0.9700280112044818,0.965546218487395,0.9593837535014006,0.8425770308123249,0.8030812324929972,0.7890756302521008,0.0],[4.403720262878079E-6,4.00338205716189E-6,1.601352822864756E-6,1.601352822864756E-6,4.00338205716189E-7,4.00338205716189E-7,4.00338205716189E-7,4.00338205716189E-7,4.00338205716189E-7,4.00338205716189E-7,4.00338205716189E-7,0.0,0.0,0.0,0.0],[0.0,0.0,0.0,8.403361344537816E-4,0.013165266106442577,0.018487394957983194,0.0196078431372549,0.029131652661064426,0.02997198879551821,0.034453781512605045,0.04061624649859944,0.15742296918767507,0.1969187675070028,0.21092436974789916,1.0],[0.9999955962797371,0.9999959966179428,0.9999983986471771,0.9999983986471771,0.9999995996617943,0.9999995996617943,0.9999995996617943,0.9999995996617943,0.9999995996617943,0.9999995996617943,0.9999995996617943,1.0,1.0,1.0,1.0],[0,1,2,3,4,5,6,7,8,9,10,11,12,13,14]]},"max_criteria_and_metric_scores":{"__meta":{"schema_version":3,"schema_name":"TwoDimTableV3","schema_type":"TwoDimTable"},"name":"Maximum Metrics","description":"Maximum metrics at their respective thresholds","columns":[{"__meta":{"schema_version":-1,"schema_name":"ColumnSpecsBase","schema_type":"Iced"},"name":"metric","type":"string","format":"%s","description":"Metric"},{"__meta":{"schema_version":-1,"schema_name":"ColumnSpecsBase","schema_type":"Iced"},"name":"threshold","type":"double","format":"%f","description":"Threshold"},{"__meta":{"schema_version":-1,"schema_name":"ColumnSpecsBase","schema_type":"Iced"},"name":"value","type":"double","format":"%f","description":"Value"},{"__meta":{"schema_version":-1,"schema_name":"ColumnSpecsBase","schema_type":"Iced"},"name":"idx","type":"long","format":"%d","description":"idx"}],"rowcount":18,"data":[["max f1","max f2","max f0point5","max accuracy","max precision","max recall","max specificity","max absolute_mcc","max min_per_class_accuracy","max mean_per_class_accuracy","max tns","max fns","max fps","max tps","max tnr","max fnr","max fpr","max tpr"],[0.9995320635987602,0.9995320635987602,0.9995320635987602,0.9995320635987602,0.9999952373671729,0.6909354608106602,0.9999952373671729,0.9995320635987602,0.9995320635987602,0.9995320635987602,0.9999952373671729,0.9999952373671729,0.6909039719647468,0.6909354608106602,0.9999952373671729,0.9999952373671729,0.6909039719647468,0.6909354608106602],[0.9999991993229475,0.9999987189173313,0.9999996797290249,0.9999984009325761,1.0,1.0,1.0,0.9994394460192231,0.9999983986471771,0.9999991993235886,3570.0,11.0,3570.0,2497888.0,1.0,4.403720262878079E-6,1.0,1.0],[2,2,2,2,0,11,0,2,2,2,0,0,14,11,0,0,14,11]]},"gains_lift_table":{"__meta":{"schema_version":3,"schema_name":"TwoDimTableV3","schema_type":"TwoDimTable"},"name":"Gains/Lift Table","description":"Avg response rate: 99.86 %, avg score: 99.96 %","columns":[{"__meta":{"schema_version":-1,"schema_name":"ColumnSpecsBase","schema_type":"Iced"},"name":"group","type":"int","format":"%d","description":"Group"},{"__meta":{"schema_version":-1,"schema_name":"ColumnSpecsBase","schema_type":"Iced"},"name":"cumulative_data_fraction","type":"double","format":"%.8f","description":"Cumulative Data Fraction"},{"__meta":{"schema_version":-1,"schema_name":"ColumnSpecsBase","schema_type":"Iced"},"name":"lower_threshold","type":"double","format":"%5f","description":"Lower Threshold"},{"__meta":{"schema_version":-1,"schema_name":"ColumnSpecsBase","schema_type":"Iced"},"name":"lift","type":"double","format":"%5f","description":"Lift"},{"__meta":{"schema_version":-1,"schema_name":"ColumnSpecsBase","schema_type":"Iced"},"name":"cumulative_lift","type":"double","format":"%5f","description":"Cumulative Lift"},{"__meta":{"schema_version":-1,"schema_name":"ColumnSpecsBase","schema_type":"Iced"},"name":"response_rate","type":"double","format":"%5f","description":"Response Rate"},{"__meta":{"schema_version":-1,"schema_name":"ColumnSpecsBase","schema_type":"Iced"},"name":"score","type":"double","format":"%5f","description":"Score"},{"__meta":{"schema_version":-1,"schema_name":"ColumnSpecsBase","schema_type":"Iced"},"name":"cumulative_response_rate","type":"double","format":"%5f","description":"Cumulative Response Rate"},{"__meta":{"schema_version":-1,"schema_name":"ColumnSpecsBase","schema_type":"Iced"},"name":"cumulative_score","type":"double","format":"%5f","description":"Cumulative Score"},{"__meta":{"schema_version":-1,"schema_name":"ColumnSpecsBase","schema_type":"Iced"},"name":"capture_rate","type":"double","format":"%5f","description":"Capture Rate"},{"__meta":{"schema_version":-1,"schema_name":"ColumnSpecsBase","schema_type":"Iced"},"name":"cumulative_capture_rate","type":"double","format":"%5f","description":"Cumulative Capture Rate"},{"__meta":{"schema_version":-1,"schema_name":"ColumnSpecsBase","schema_type":"Iced"},"name":"gain","type":"double","format":"%5f","description":"Gain"},{"__meta":{"schema_version":-1,"schema_name":"ColumnSpecsBase","schema_type":"Iced"},"name":"cumulative_gain","type":"double","format":"%5f","description":"Cumulative Gain"},{"__meta":{"schema_version":-1,"schema_name":"ColumnSpecsBase","schema_type":"Iced"},"name":"kolmogorov_smirnov","type":"double","format":"%5f","description":"Kolmogorov Smirnov"}],"rowcount":2,"data":[[1,2],[0.9985684348887729,1.0],[0.9999952373671728,0.6909039719647468],[1.0014292073944067,0.0030761578557214394],[1.0014292073944067,1.0],[1.0,0.0030717676626640603],[0.9999952373672994,0.6916861688175486],[1.0,0.9985728323241886],[0.9999952373672994,0.9995538728612887],[0.9999955962797371,4.403720262878079E-6],[0.9999955962797371,1.0],[0.1429207394406662,-99.69238421442785],[0.1429207394406662,0.0],[0.9999955962797371,0.0]]}},"cross_validation_metrics":null,"cross_validation_metrics_summary":null,"status":null,"start_time":1601026115872,"end_time":1601026152847,"run_time":36975,"default_threshold":0.9995320635987602,"help":{"validation_metrics":"Validation data model metrics", "cross_validation_metrics_summary":"Cross-validation model metrics summary", "start_time":"Start time in milliseconds", "run_time":"Runtime in milliseconds", "status":"Job status", "domains":"Domains for categorical columns", "reproducibility_information_table":"Model reproducibility information", "model_category":"Category of the model (e.g., Binomial)", "default_threshold":"Default threshold used for predictions", "__meta":"Metadata on this schema instance, to make it self-describing.", "variable_importances":"Variable Importances", "model_summary":"Model summary", "scoring_history":"Scoring history", "help":"Help information for output fields", "end_time":"End time in milliseconds", "names":"Column names", "column_types":"Column types", "original_names":"Original column names", "cross_validation_fold_assignment_frame_id":"Cross-validation fold assignment (each row is assigned to one holdout fold)", "training_metrics":"Training data model metrics", "cross_validation_models":"Cross-validation models (model ids)", "cross_validation_metrics":"Cross-validation model metrics", "cross_validation_predictions":"Cross-validation predictions, one per cv model (deprecated, use cross_validation_holdout_predictions_frame_id instead)", "init_f":"The Intercept term, the initial model function value to which trees make adjustments", "cross_validation_holdout_predictions_frame_id":"Cross-validation holdout predictions (full out-of-sample predictions on training data)"},"variable_importances":{"__meta":{"schema_version":3,"schema_name":"TwoDimTableV3","schema_type":"TwoDimTable"},"name":"Variable Importances","description":"","columns":[{"__meta":{"schema_version":-1,"schema_name":"ColumnSpecsBase","schema_type":"Iced"},"name":"variable","type":"string","format":"%s","description":"Variable"},{"__meta":{"schema_version":-1,"schema_name":"ColumnSpecsBase","schema_type":"Iced"},"name":"relative_importance","type":"double","format":"%5f","description":"Relative Importance"},{"__meta":{"schema_version":-1,"schema_name":"ColumnSpecsBase","schema_type":"Iced"},"name":"scaled_importance","type":"double","format":"%5f","description":"Scaled Importance"},{"__meta":{"schema_version":-1,"schema_name":"ColumnSpecsBase","schema_type":"Iced"},"name":"percentage","type":"double","format":"%5f","description":"Percentage"}],"rowcount":4,"data":[["R_Percent","T_AreaMin","T_HeightMean","R_Area"],[1.5462529E7,120478.9375,84374.9609375,0.006830132100731134],[1.0,0.007791670916187126,0.005456737441688873,4.4172153861319415E-10],[0.9869248165755394,0.007689793389774944,0.005385389598739669,4.359459484732917E-10]]},"init_f":2.0585542016925035E-6},"compatible_frames":null}
