{"__meta":{"schema_version":3,"schema_name":"GBMModelV3","schema_type":"GBMModel"},"model_id":{"__meta":{"schema_version":3,"schema_name":"ModelKeyV3","schema_type":"Key<Model>"},"name":"GBM_model_python_1600930320161_307","type":"Key<Model>","URL":"/3/Models/GBM_model_python_1600930320161_307"},"algo":"gbm","algo_full_name":"Gradient Boosting Machine","response_column_name":"algo_leadsolder_class","data_frame":{"__meta":{"schema_version":3,"schema_name":"FrameKeyV3","schema_type":"Key<Frame>"},"name":"py_28_sid_8a90","type":"Key<Frame>","URL":"/3/Frames/py_28_sid_8a90"},"timestamp":1600950339056,"have_pojo":true,"have_mojo":true,"algo":"gbm","algo_full_name":"Gradient Boosting Machine","model_id":{"__meta":{"schema_version":3,"schema_name":"ModelKeyV3","schema_type":"Key<Model>"},"name":"GBM_model_python_1600930320161_307","type":"Key<Model>","URL":"/3/Models/GBM_model_python_1600930320161_307"},"parameters":[{"__meta":{"schema_version":3,"schema_name":"ModelParameterSchemaV3","schema_type":"Iced"},"name":"model_id","label":"model_id","help":"Destination id for this model; auto-generated if not specified.","required":false,"type":"Key<Model>","default_value":null,"actual_value":{"__meta":{"schema_version":3,"schema_name":"ModelKeyV3","schema_type":"Key<Model>"},"name":"GBM_model_python_1600930320161_307","type":"Key<Model>","URL":"/3/Models/GBM_model_python_1600930320161_307"},"input_value":null,"level":"critical","values":[],"is_member_of_frames":[],"is_mutually_exclusive_with":[],"gridable":false},{"__meta":{"schema_version":3,"schema_name":"ModelParameterSchemaV3","schema_type":"Iced"},"name":"training_frame","label":"training_frame","help":"Id of the training data frame.","required":false,"type":"Key<Frame>","default_value":null,"actual_value":{"__meta":{"schema_version":3,"schema_name":"FrameKeyV3","schema_type":"Key<Frame>"},"name":"py_28_sid_8a90","type":"Key<Frame>","URL":"/3/Frames/py_28_sid_8a90"},"input_value":{"__meta":{"schema_version":3,"schema_name":"FrameKeyV3","schema_type":"Key<Frame>"},"name":"py_28_sid_8a90","type":"Key<Frame>","URL":"/3/Frames/py_28_sid_8a90"},"level":"critical","values":[],"is_member_of_frames":[],"is_mutually_exclusive_with":[],"gridable":false},{"__meta":{"schema_version":3,"schema_name":"ModelParameterSchemaV3","schema_type":"Iced"},"name":"validation_frame","label":"validation_frame","help":"Id of the validation data frame.","required":false,"type":"Key<Frame>","default_value":null,"actual_value":{"__meta":{"schema_version":3,"schema_name":"FrameKeyV3","schema_type":"Key<Frame>"},"name":"py_29_sid_8a90","type":"Key<Frame>","URL":"/3/Frames/py_29_sid_8a90"},"input_value":{"__meta":{"schema_version":3,"schema_name":"FrameKeyV3","schema_type":"Key<Frame>"},"name":"py_29_sid_8a90","type":"Key<Frame>","URL":"/3/Frames/py_29_sid_8a90"},"level":"critical","values":[],"is_member_of_frames":[],"is_mutually_exclusive_with":[],"gridable":true},{"__meta":{"schema_version":3,"schema_name":"ModelParameterSchemaV3","schema_type":"Iced"},"name":"nfolds","label":"nfolds","help":"Number of folds for K-fold cross-validation (0 to disable or >= 2).","required":false,"type":"int","default_value":0,"actual_value":0,"input_value":0,"level":"critical","values":[],"is_member_of_frames":[],"is_mutually_exclusive_with":[],"gridable":false},{"__meta":{"schema_version":3,"schema_name":"ModelParameterSchemaV3","schema_type":"Iced"},"name":"keep_cross_validation_models","label":"keep_cross_validation_models","help":"Whether to keep the cross-validation models.","required":false,"type":"boolean","default_value":true,"actual_value":true,"input_value":true,"level":"expert","values":[],"is_member_of_frames":[],"is_mutually_exclusive_with":[],"gridable":false},{"__meta":{"schema_version":3,"schema_name":"ModelParameterSchemaV3","schema_type":"Iced"},"name":"keep_cross_validation_predictions","label":"keep_cross_validation_predictions","help":"Whether to keep the predictions of the cross-validation models.","required":false,"type":"boolean","default_value":false,"actual_value":false,"input_value":false,"level":"expert","values":[],"is_member_of_frames":[],"is_mutually_exclusive_with":[],"gridable":false},{"__meta":{"schema_version":3,"schema_name":"ModelParameterSchemaV3","schema_type":"Iced"},"name":"keep_cross_validation_fold_assignment","label":"keep_cross_validation_fold_assignment","help":"Whether to keep the cross-validation fold assignment.","required":false,"type":"boolean","default_value":false,"actual_value":false,"input_value":false,"level":"expert","values":[],"is_member_of_frames":[],"is_mutually_exclusive_with":[],"gridable":false},{"__meta":{"schema_version":3,"schema_name":"ModelParameterSchemaV3","schema_type":"Iced"},"name":"score_each_iteration","label":"score_each_iteration","help":"Whether to score during each iteration of model training.","required":false,"type":"boolean","default_value":false,"actual_value":false,"input_value":false,"level":"secondary","values":[],"is_member_of_frames":[],"is_mutually_exclusive_with":[],"gridable":false},{"__meta":{"schema_version":3,"schema_name":"ModelParameterSchemaV3","schema_type":"Iced"},"name":"score_tree_interval","label":"score_tree_interval","help":"Score the model after every so many trees. Disabled if set to 0.","required":false,"type":"int","default_value":0,"actual_value":0,"input_value":0,"level":"secondary","values":[],"is_member_of_frames":[],"is_mutually_exclusive_with":[],"gridable":false},{"__meta":{"schema_version":3,"schema_name":"ModelParameterSchemaV3","schema_type":"Iced"},"name":"fold_assignment","label":"fold_assignment","help":"Cross-validation fold assignment scheme, if fold_column is not specified. The 'Stratified' option will stratify the folds based on the response variable, for classification problems.","required":false,"type":"enum","default_value":"AUTO","actual_value":null,"input_value":"AUTO","level":"secondary","values":["AUTO","Random","Modulo","Stratified"],"is_member_of_frames":[],"is_mutually_exclusive_with":[],"gridable":true},{"__meta":{"schema_version":3,"schema_name":"ModelParameterSchemaV3","schema_type":"Iced"},"name":"fold_column","label":"fold_column","help":"Column with cross-validation fold index assignment per observation.","required":false,"type":"VecSpecifier","default_value":null,"actual_value":null,"input_value":null,"level":"secondary","values":[],"is_member_of_frames":["training_frame"],"is_mutually_exclusive_with":["response_column","weights_column","ignored_columns","offset_column"],"gridable":true},{"__meta":{"schema_version":3,"schema_name":"ModelParameterSchemaV3","schema_type":"Iced"},"name":"response_column","label":"response_column","help":"Response variable column.","required":false,"type":"VecSpecifier","default_value":null,"actual_value":{"__meta":{"schema_version":3,"schema_name":"ColSpecifierV3","schema_type":"VecSpecifier"},"column_name":"algo_leadsolder_class","is_member_of_frames":null},"input_value":{"__meta":{"schema_version":3,"schema_name":"ColSpecifierV3","schema_type":"VecSpecifier"},"column_name":"algo_leadsolder_class","is_member_of_frames":null},"level":"critical","values":[],"is_member_of_frames":["training_frame","validation_frame"],"is_mutually_exclusive_with":["weights_column","ignored_columns","offset_column","fold_column"],"gridable":true},{"__meta":{"schema_version":3,"schema_name":"ModelParameterSchemaV3","schema_type":"Iced"},"name":"ignored_columns","label":"ignored_columns","help":"Names of columns to ignore for training.","required":false,"type":"string[]","default_value":null,"actual_value":["insp_st_time"],"input_value":["insp_st_time"],"level":"critical","values":[],"is_member_of_frames":["training_frame","validation_frame"],"is_mutually_exclusive_with":["response_column","weights_column","offset_column","fold_column"],"gridable":false},{"__meta":{"schema_version":3,"schema_name":"ModelParameterSchemaV3","schema_type":"Iced"},"name":"ignore_const_cols","label":"ignore_const_cols","help":"Ignore constant columns.","required":false,"type":"boolean","default_value":true,"actual_value":true,"input_value":true,"level":"critical","values":[],"is_member_of_frames":[],"is_mutually_exclusive_with":[],"gridable":false},{"__meta":{"schema_version":3,"schema_name":"ModelParameterSchemaV3","schema_type":"Iced"},"name":"offset_column","label":"offset_column","help":"Offset column. This will be added to the combination of columns before applying the link function.","required":false,"type":"VecSpecifier","default_value":null,"actual_value":null,"input_value":null,"level":"secondary","values":[],"is_member_of_frames":["training_frame","validation_frame"],"is_mutually_exclusive_with":["response_column","weights_column","ignored_columns","fold_column"],"gridable":true},{"__meta":{"schema_version":3,"schema_name":"ModelParameterSchemaV3","schema_type":"Iced"},"name":"weights_column","label":"weights_column","help":"Column with observation weights. Giving some observation a weight of zero is equivalent to excluding it from the dataset; giving an observation a relative weight of 2 is equivalent to repeating that row twice. Negative weights are not allowed. Note: Weights are per-row observation weights and do not increase the size of the data frame. This is typically the number of times a row is repeated, but non-integer values are supported as well. During training, rows with higher weights matter more, due to the larger loss function pre-factor.","required":false,"type":"VecSpecifier","default_value":null,"actual_value":null,"input_value":null,"level":"secondary","values":[],"is_member_of_frames":["training_frame","validation_frame"],"is_mutually_exclusive_with":["response_column","ignored_columns","offset_column","fold_column"],"gridable":true},{"__meta":{"schema_version":3,"schema_name":"ModelParameterSchemaV3","schema_type":"Iced"},"name":"balance_classes","label":"balance_classes","help":"Balance training data class counts via over/under-sampling (for imbalanced data).","required":false,"type":"boolean","default_value":false,"actual_value":true,"input_value":true,"level":"secondary","values":[],"is_member_of_frames":[],"is_mutually_exclusive_with":[],"gridable":true},{"__meta":{"schema_version":3,"schema_name":"ModelParameterSchemaV3","schema_type":"Iced"},"name":"class_sampling_factors","label":"class_sampling_factors","help":"Desired over/under-sampling ratios per class (in lexicographic order). If not specified, sampling factors will be automatically computed to obtain class balance during training. Requires balance_classes.","required":false,"type":"float[]","default_value":null,"actual_value":null,"input_value":null,"level":"expert","values":[],"is_member_of_frames":[],"is_mutually_exclusive_with":[],"gridable":true},{"__meta":{"schema_version":3,"schema_name":"ModelParameterSchemaV3","schema_type":"Iced"},"name":"max_after_balance_size","label":"max_after_balance_size","help":"Maximum relative size of the training data after balancing class counts (can be less than 1.0). Requires balance_classes.","required":false,"type":"float","default_value":5.0,"actual_value":5.0,"input_value":5.0,"level":"expert","values":[],"is_member_of_frames":[],"is_mutually_exclusive_with":[],"gridable":true},{"__meta":{"schema_version":3,"schema_name":"ModelParameterSchemaV3","schema_type":"Iced"},"name":"max_confusion_matrix_size","label":"max_confusion_matrix_size","help":"[Deprecated] Maximum size (# classes) for confusion matrices to be printed in the Logs","required":false,"type":"int","default_value":20,"actual_value":20,"input_value":20,"level":"secondary","values":[],"is_member_of_frames":[],"is_mutually_exclusive_with":[],"gridable":false},{"__meta":{"schema_version":3,"schema_name":"ModelParameterSchemaV3","schema_type":"Iced"},"name":"max_hit_ratio_k","label":"max_hit_ratio_k","help":"Max. number (top K) of predictions to use for hit ratio computation (for multi-class only, 0 to disable)","required":false,"type":"int","default_value":0,"actual_value":0,"input_value":0,"level":"secondary","values":[],"is_member_of_frames":[],"is_mutually_exclusive_with":[],"gridable":false},{"__meta":{"schema_version":3,"schema_name":"ModelParameterSchemaV3","schema_type":"Iced"},"name":"ntrees","label":"ntrees","help":"Number of trees.","required":false,"type":"int","default_value":50,"actual_value":50,"input_value":50,"level":"critical","values":[],"is_member_of_frames":[],"is_mutually_exclusive_with":[],"gridable":true},{"__meta":{"schema_version":3,"schema_name":"ModelParameterSchemaV3","schema_type":"Iced"},"name":"max_depth","label":"max_depth","help":"Maximum tree depth (0 for unlimited).","required":false,"type":"int","default_value":5,"actual_value":5,"input_value":5,"level":"critical","values":[],"is_member_of_frames":[],"is_mutually_exclusive_with":[],"gridable":true},{"__meta":{"schema_version":3,"schema_name":"ModelParameterSchemaV3","schema_type":"Iced"},"name":"min_rows","label":"min_rows","help":"Fewest allowed (weighted) observations in a leaf.","required":false,"type":"double","default_value":10.0,"actual_value":10.0,"input_value":10.0,"level":"critical","values":[],"is_member_of_frames":[],"is_mutually_exclusive_with":[],"gridable":true},{"__meta":{"schema_version":3,"schema_name":"ModelParameterSchemaV3","schema_type":"Iced"},"name":"nbins","label":"nbins","help":"For numerical columns (real/int), build a histogram of (at least) this many bins, then split at the best point","required":false,"type":"int","default_value":20,"actual_value":20,"input_value":20,"level":"critical","values":[],"is_member_of_frames":[],"is_mutually_exclusive_with":[],"gridable":true},{"__meta":{"schema_version":3,"schema_name":"ModelParameterSchemaV3","schema_type":"Iced"},"name":"nbins_top_level","label":"nbins_top_level","help":"For numerical columns (real/int), build a histogram of (at most) this many bins at the root level, then decrease by factor of two per level","required":false,"type":"int","default_value":1024,"actual_value":1024,"input_value":1024,"level":"secondary","values":[],"is_member_of_frames":[],"is_mutually_exclusive_with":[],"gridable":true},{"__meta":{"schema_version":3,"schema_name":"ModelParameterSchemaV3","schema_type":"Iced"},"name":"nbins_cats","label":"nbins_cats","help":"For categorical columns (factors), build a histogram of this many bins, then split at the best point. Higher values can lead to more overfitting.","required":false,"type":"int","default_value":1024,"actual_value":1024,"input_value":1024,"level":"secondary","values":[],"is_member_of_frames":[],"is_mutually_exclusive_with":[],"gridable":true},{"__meta":{"schema_version":3,"schema_name":"ModelParameterSchemaV3","schema_type":"Iced"},"name":"r2_stopping","label":"r2_stopping","help":"r2_stopping is no longer supported and will be ignored if set - please use stopping_rounds, stopping_metric and stopping_tolerance instead. Previous version of H2O would stop making trees when the R^2 metric equals or exceeds this","required":false,"type":"double","default_value":1.7976931348623157E308,"actual_value":1.7976931348623157E308,"input_value":1.7976931348623157E308,"level":"secondary","values":[],"is_member_of_frames":[],"is_mutually_exclusive_with":[],"gridable":true},{"__meta":{"schema_version":3,"schema_name":"ModelParameterSchemaV3","schema_type":"Iced"},"name":"stopping_rounds","label":"stopping_rounds","help":"Early stopping based on convergence of stopping_metric. Stop if simple moving average of length k of the stopping_metric does not improve for k:=stopping_rounds scoring events (0 to disable)","required":false,"type":"int","default_value":0,"actual_value":0,"input_value":0,"level":"secondary","values":[],"is_member_of_frames":[],"is_mutually_exclusive_with":[],"gridable":true},{"__meta":{"schema_version":3,"schema_name":"ModelParameterSchemaV3","schema_type":"Iced"},"name":"stopping_metric","label":"stopping_metric","help":"Metric to use for early stopping (AUTO: logloss for classification, deviance for regression and anonomaly_score for Isolation Forest). Note that custom and custom_increasing can only be used in GBM and DRF with the Python client.","required":false,"type":"enum","default_value":"AUTO","actual_value":null,"input_value":"AUTO","level":"secondary","values":["AUTO","deviance","logloss","MSE","RMSE","MAE","RMSLE","AUC","AUCPR","lift_top_group","misclassification","mean_per_class_error","anomaly_score","custom","custom_increasing"],"is_member_of_frames":[],"is_mutually_exclusive_with":[],"gridable":true},{"__meta":{"schema_version":3,"schema_name":"ModelParameterSchemaV3","schema_type":"Iced"},"name":"stopping_tolerance","label":"stopping_tolerance","help":"Relative tolerance for metric-based stopping criterion (stop if relative improvement is not at least this much)","required":false,"type":"double","default_value":0.001,"actual_value":0.001,"input_value":0.001,"level":"secondary","values":[],"is_member_of_frames":[],"is_mutually_exclusive_with":[],"gridable":true},{"__meta":{"schema_version":3,"schema_name":"ModelParameterSchemaV3","schema_type":"Iced"},"name":"max_runtime_secs","label":"max_runtime_secs","help":"Maximum allowed runtime in seconds for model training. Use 0 to disable.","required":false,"type":"double","default_value":0.0,"actual_value":0.0,"input_value":0.0,"level":"secondary","values":[],"is_member_of_frames":[],"is_mutually_exclusive_with":[],"gridable":true},{"__meta":{"schema_version":3,"schema_name":"ModelParameterSchemaV3","schema_type":"Iced"},"name":"seed","label":"seed","help":"Seed for pseudo random number generator (if applicable)","required":false,"type":"long","default_value":-1,"actual_value":12345,"input_value":12345,"level":"critical","values":[],"is_member_of_frames":[],"is_mutually_exclusive_with":[],"gridable":true},{"__meta":{"schema_version":3,"schema_name":"ModelParameterSchemaV3","schema_type":"Iced"},"name":"build_tree_one_node","label":"build_tree_one_node","help":"Run on one node only; no network overhead but fewer cpus used. Suitable for small datasets.","required":false,"type":"boolean","default_value":false,"actual_value":false,"input_value":false,"level":"expert","values":[],"is_member_of_frames":[],"is_mutually_exclusive_with":[],"gridable":false},{"__meta":{"schema_version":3,"schema_name":"ModelParameterSchemaV3","schema_type":"Iced"},"name":"learn_rate","label":"learn_rate","help":"Learning rate (from 0.0 to 1.0)","required":false,"type":"double","default_value":0.1,"actual_value":0.1,"input_value":0.1,"level":"critical","values":[],"is_member_of_frames":[],"is_mutually_exclusive_with":[],"gridable":true},{"__meta":{"schema_version":3,"schema_name":"ModelParameterSchemaV3","schema_type":"Iced"},"name":"learn_rate_annealing","label":"learn_rate_annealing","help":"Scale the learning rate by this factor after each tree (e.g., 0.99 or 0.999) ","required":false,"type":"double","default_value":1.0,"actual_value":1.0,"input_value":1.0,"level":"secondary","values":[],"is_member_of_frames":[],"is_mutually_exclusive_with":[],"gridable":true},{"__meta":{"schema_version":3,"schema_name":"ModelParameterSchemaV3","schema_type":"Iced"},"name":"distribution","label":"distribution","help":"Distribution function","required":false,"type":"enum","default_value":"AUTO","actual_value":"bernoulli","input_value":"AUTO","level":"secondary","values":["AUTO","bernoulli","quasibinomial","ordinal","multinomial","gaussian","poisson","gamma","tweedie","laplace","quantile","huber","custom"],"is_member_of_frames":[],"is_mutually_exclusive_with":[],"gridable":true},{"__meta":{"schema_version":3,"schema_name":"ModelParameterSchemaV3","schema_type":"Iced"},"name":"quantile_alpha","label":"quantile_alpha","help":"Desired quantile for Quantile regression, must be between 0 and 1.","required":false,"type":"double","default_value":0.5,"actual_value":0.5,"input_value":0.5,"level":"secondary","values":[],"is_member_of_frames":[],"is_mutually_exclusive_with":[],"gridable":true},{"__meta":{"schema_version":3,"schema_name":"ModelParameterSchemaV3","schema_type":"Iced"},"name":"tweedie_power","label":"tweedie_power","help":"Tweedie power for Tweedie regression, must be between 1 and 2.","required":false,"type":"double","default_value":1.5,"actual_value":1.5,"input_value":1.5,"level":"secondary","values":[],"is_member_of_frames":[],"is_mutually_exclusive_with":[],"gridable":true},{"__meta":{"schema_version":3,"schema_name":"ModelParameterSchemaV3","schema_type":"Iced"},"name":"huber_alpha","label":"huber_alpha","help":"Desired quantile for Huber/M-regression (threshold between quadratic and linear loss, must be between 0 and 1).","required":false,"type":"double","default_value":0.9,"actual_value":0.9,"input_value":0.9,"level":"secondary","values":[],"is_member_of_frames":[],"is_mutually_exclusive_with":[],"gridable":true},{"__meta":{"schema_version":3,"schema_name":"ModelParameterSchemaV3","schema_type":"Iced"},"name":"checkpoint","label":"checkpoint","help":"Model checkpoint to resume training with.","required":false,"type":"Key<Model>","default_value":null,"actual_value":null,"input_value":null,"level":"secondary","values":[],"is_member_of_frames":[],"is_mutually_exclusive_with":[],"gridable":false},{"__meta":{"schema_version":3,"schema_name":"ModelParameterSchemaV3","schema_type":"Iced"},"name":"sample_rate","label":"sample_rate","help":"Row sample rate per tree (from 0.0 to 1.0)","required":false,"type":"double","default_value":1.0,"actual_value":1.0,"input_value":1.0,"level":"critical","values":[],"is_member_of_frames":[],"is_mutually_exclusive_with":[],"gridable":true},{"__meta":{"schema_version":3,"schema_name":"ModelParameterSchemaV3","schema_type":"Iced"},"name":"sample_rate_per_class","label":"sample_rate_per_class","help":"A list of row sample rates per class (relative fraction for each class, from 0.0 to 1.0), for each tree","required":false,"type":"double[]","default_value":null,"actual_value":null,"input_value":null,"level":"expert","values":[],"is_member_of_frames":[],"is_mutually_exclusive_with":[],"gridable":true},{"__meta":{"schema_version":3,"schema_name":"ModelParameterSchemaV3","schema_type":"Iced"},"name":"col_sample_rate","label":"col_sample_rate","help":"Column sample rate (from 0.0 to 1.0)","required":false,"type":"double","default_value":1.0,"actual_value":1.0,"input_value":1.0,"level":"critical","values":[],"is_member_of_frames":[],"is_mutually_exclusive_with":[],"gridable":true},{"__meta":{"schema_version":3,"schema_name":"ModelParameterSchemaV3","schema_type":"Iced"},"name":"col_sample_rate_change_per_level","label":"col_sample_rate_change_per_level","help":"Relative change of the column sampling rate for every level (must be > 0.0 and <= 2.0)","required":false,"type":"double","default_value":1.0,"actual_value":1.0,"input_value":1.0,"level":"expert","values":[],"is_member_of_frames":[],"is_mutually_exclusive_with":[],"gridable":true},{"__meta":{"schema_version":3,"schema_name":"ModelParameterSchemaV3","schema_type":"Iced"},"name":"col_sample_rate_per_tree","label":"col_sample_rate_per_tree","help":"Column sample rate per tree (from 0.0 to 1.0)","required":false,"type":"double","default_value":1.0,"actual_value":1.0,"input_value":1.0,"level":"secondary","values":[],"is_member_of_frames":[],"is_mutually_exclusive_with":[],"gridable":true},{"__meta":{"schema_version":3,"schema_name":"ModelParameterSchemaV3","schema_type":"Iced"},"name":"min_split_improvement","label":"min_split_improvement","help":"Minimum relative improvement in squared error reduction for a split to happen","required":false,"type":"double","default_value":1.0E-5,"actual_value":1.0E-5,"input_value":1.0E-5,"level":"secondary","values":[],"is_member_of_frames":[],"is_mutually_exclusive_with":[],"gridable":true},{"__meta":{"schema_version":3,"schema_name":"ModelParameterSchemaV3","schema_type":"Iced"},"name":"histogram_type","label":"histogram_type","help":"What type of histogram to use for finding optimal split points","required":false,"type":"enum","default_value":"AUTO","actual_value":"UniformAdaptive","input_value":"AUTO","level":"secondary","values":["AUTO","UniformAdaptive","Random","QuantilesGlobal","RoundRobin"],"is_member_of_frames":[],"is_mutually_exclusive_with":[],"gridable":true},{"__meta":{"schema_version":3,"schema_name":"ModelParameterSchemaV3","schema_type":"Iced"},"name":"max_abs_leafnode_pred","label":"max_abs_leafnode_pred","help":"Maximum absolute value of a leaf node prediction","required":false,"type":"double","default_value":1.7976931348623157E308,"actual_value":1.7976931348623157E308,"input_value":1.7976931348623157E308,"level":"expert","values":[],"is_member_of_frames":[],"is_mutually_exclusive_with":[],"gridable":true},{"__meta":{"schema_version":3,"schema_name":"ModelParameterSchemaV3","schema_type":"Iced"},"name":"pred_noise_bandwidth","label":"pred_noise_bandwidth","help":"Bandwidth (sigma) of Gaussian multiplicative noise ~N(1,sigma) for tree node predictions","required":false,"type":"double","default_value":0.0,"actual_value":0.0,"input_value":0.0,"level":"expert","values":[],"is_member_of_frames":[],"is_mutually_exclusive_with":[],"gridable":true},{"__meta":{"schema_version":3,"schema_name":"ModelParameterSchemaV3","schema_type":"Iced"},"name":"categorical_encoding","label":"categorical_encoding","help":"Encoding scheme for categorical features","required":false,"type":"enum","default_value":"AUTO","actual_value":"Enum","input_value":"AUTO","level":"secondary","values":["AUTO","Enum","OneHotInternal","OneHotExplicit","Binary","Eigen","LabelEncoder","SortByResponse","EnumLimited"],"is_member_of_frames":[],"is_mutually_exclusive_with":[],"gridable":true},{"__meta":{"schema_version":3,"schema_name":"ModelParameterSchemaV3","schema_type":"Iced"},"name":"calibrate_model","label":"calibrate_model","help":"Use Platt Scaling to calculate calibrated class probabilities. Calibration can provide more accurate estimates of class probabilities.","required":false,"type":"boolean","default_value":false,"actual_value":false,"input_value":false,"level":"expert","values":[],"is_member_of_frames":[],"is_mutually_exclusive_with":[],"gridable":false},{"__meta":{"schema_version":3,"schema_name":"ModelParameterSchemaV3","schema_type":"Iced"},"name":"calibration_frame","label":"calibration_frame","help":"Calibration frame for Platt Scaling","required":false,"type":"Key<Frame>","default_value":null,"actual_value":null,"input_value":null,"level":"expert","values":[],"is_member_of_frames":[],"is_mutually_exclusive_with":[],"gridable":false},{"__meta":{"schema_version":3,"schema_name":"ModelParameterSchemaV3","schema_type":"Iced"},"name":"custom_metric_func","label":"custom_metric_func","help":"Reference to custom evaluation function, format: `language:keyName=funcName`","required":false,"type":"string","default_value":null,"actual_value":null,"input_value":null,"level":"secondary","values":[],"is_member_of_frames":[],"is_mutually_exclusive_with":[],"gridable":false},{"__meta":{"schema_version":3,"schema_name":"ModelParameterSchemaV3","schema_type":"Iced"},"name":"custom_distribution_func","label":"custom_distribution_func","help":"Reference to custom distribution, format: `language:keyName=funcName`","required":false,"type":"string","default_value":null,"actual_value":null,"input_value":null,"level":"secondary","values":[],"is_member_of_frames":[],"is_mutually_exclusive_with":[],"gridable":false},{"__meta":{"schema_version":3,"schema_name":"ModelParameterSchemaV3","schema_type":"Iced"},"name":"export_checkpoints_dir","label":"export_checkpoints_dir","help":"Automatically export generated models to this directory.","required":false,"type":"string","default_value":null,"actual_value":null,"input_value":null,"level":"secondary","values":[],"is_member_of_frames":[],"is_mutually_exclusive_with":[],"gridable":false},{"__meta":{"schema_version":3,"schema_name":"ModelParameterSchemaV3","schema_type":"Iced"},"name":"monotone_constraints","label":"monotone_constraints","help":"A mapping representing monotonic constraints. Use +1 to enforce an increasing constraint and -1 to specify a decreasing constraint.","required":false,"type":"KeyValue[]","default_value":null,"actual_value":null,"input_value":null,"level":"secondary","values":[],"is_member_of_frames":[],"is_mutually_exclusive_with":[],"gridable":false},{"__meta":{"schema_version":3,"schema_name":"ModelParameterSchemaV3","schema_type":"Iced"},"name":"check_constant_response","label":"check_constant_response","help":"Check if response column is constant. If enabled, then an exception is thrown if the response column is a constant value.If disabled, then model will train regardless of the response column being a constant value or not.","required":false,"type":"boolean","default_value":true,"actual_value":true,"input_value":true,"level":"expert","values":[],"is_member_of_frames":[],"is_mutually_exclusive_with":[],"gridable":false},{"__meta":{"schema_version":3,"schema_name":"ModelParameterSchemaV3","schema_type":"Iced"},"name":"gainslift_bins","label":"gainslift_bins","help":"Gains/Lift table number of bins. 0 means disabled.. Default value -1 means automatic binning.","required":false,"type":"int","default_value":-1,"actual_value":-1,"input_value":-1,"level":"secondary","values":[],"is_member_of_frames":[],"is_mutually_exclusive_with":[],"gridable":false}],"output":{"__meta":{"schema_version":3,"schema_name":"GBMModelOutputV3","schema_type":"GBMOutput"},"names":["T_ToleranceBand3D","R_BWPercent","R_3DPercent","algo_leadsolder_class"],"original_names":null,"column_types":["Numeric","Numeric","Numeric","Enum"],"domains":[null,null,null,["false","true"]],"cross_validation_models":null,"cross_validation_predictions":null,"cross_validation_holdout_predictions_frame_id":null,"cross_validation_fold_assignment_frame_id":null,"model_category":"Binomial","model_summary":{"__meta":{"schema_version":3,"schema_name":"TwoDimTableV3","schema_type":"TwoDimTable"},"name":"Model Summary","description":"","columns":[{"__meta":{"schema_version":-1,"schema_name":"ColumnSpecsBase","schema_type":"Iced"},"name":"","type":"string","format":"%s","description":""},{"__meta":{"schema_version":-1,"schema_name":"ColumnSpecsBase","schema_type":"Iced"},"name":"number_of_trees","type":"long","format":"%d","description":"Number of Trees"},{"__meta":{"schema_version":-1,"schema_name":"ColumnSpecsBase","schema_type":"Iced"},"name":"number_of_internal_trees","type":"long","format":"%d","description":"Number of Internal Trees"},{"__meta":{"schema_version":-1,"schema_name":"ColumnSpecsBase","schema_type":"Iced"},"name":"model_size_in_bytes","type":"long","format":"%d","description":"Model Size in Bytes"},{"__meta":{"schema_version":-1,"schema_name":"ColumnSpecsBase","schema_type":"Iced"},"name":"min_depth","type":"long","format":"%d","description":"Min. Depth"},{"__meta":{"schema_version":-1,"schema_name":"ColumnSpecsBase","schema_type":"Iced"},"name":"max_depth","type":"long","format":"%d","description":"Max. Depth"},{"__meta":{"schema_version":-1,"schema_name":"ColumnSpecsBase","schema_type":"Iced"},"name":"mean_depth","type":"double","format":"%.5f","description":"Mean Depth"},{"__meta":{"schema_version":-1,"schema_name":"ColumnSpecsBase","schema_type":"Iced"},"name":"min_leaves","type":"long","format":"%d","description":"Min. Leaves"},{"__meta":{"schema_version":-1,"schema_name":"ColumnSpecsBase","schema_type":"Iced"},"name":"max_leaves","type":"long","format":"%d","description":"Max. Leaves"},{"__meta":{"schema_version":-1,"schema_name":"ColumnSpecsBase","schema_type":"Iced"},"name":"mean_leaves","type":"double","format":"%.5f","description":"Mean Leaves"}],"rowcount":1,"data":[[""],[50],[50],[7756],[5],[5],[5.0],[6],[8],[7.64]]},"scoring_history":{"__meta":{"schema_version":3,"schema_name":"TwoDimTableV3","schema_type":"TwoDimTable"},"name":"Scoring History","description":"","columns":[{"__meta":{"schema_version":-1,"schema_name":"ColumnSpecsBase","schema_type":"Iced"},"name":"","type":"string","format":"%s","description":""},{"__meta":{"schema_version":-1,"schema_name":"ColumnSpecsBase","schema_type":"Iced"},"name":"timestamp","type":"string","format":"%s","description":"Timestamp"},{"__meta":{"schema_version":-1,"schema_name":"ColumnSpecsBase","schema_type":"Iced"},"name":"duration","type":"string","format":"%s","description":"Duration"},{"__meta":{"schema_version":-1,"schema_name":"ColumnSpecsBase","schema_type":"Iced"},"name":"number_of_trees","type":"long","format":"%d","description":"Number of Trees"},{"__meta":{"schema_version":-1,"schema_name":"ColumnSpecsBase","schema_type":"Iced"},"name":"training_rmse","type":"double","format":"%.5f","description":"Training RMSE"},{"__meta":{"schema_version":-1,"schema_name":"ColumnSpecsBase","schema_type":"Iced"},"name":"training_logloss","type":"double","format":"%.5f","description":"Training LogLoss"},{"__meta":{"schema_version":-1,"schema_name":"ColumnSpecsBase","schema_type":"Iced"},"name":"training_auc","type":"double","format":"%.5f","description":"Training AUC"},{"__meta":{"schema_version":-1,"schema_name":"ColumnSpecsBase","schema_type":"Iced"},"name":"training_pr_auc","type":"double","format":"%.5f","description":"Training pr_auc"},{"__meta":{"schema_version":-1,"schema_name":"ColumnSpecsBase","schema_type":"Iced"},"name":"training_lift","type":"double","format":"%.5f","description":"Training Lift"},{"__meta":{"schema_version":-1,"schema_name":"ColumnSpecsBase","schema_type":"Iced"},"name":"training_classification_error","type":"double","format":"%.5f","description":"Training Classification Error"},{"__meta":{"schema_version":-1,"schema_name":"ColumnSpecsBase","schema_type":"Iced"},"name":"validation_rmse","type":"double","format":"%.5f","description":"Validation RMSE"},{"__meta":{"schema_version":-1,"schema_name":"ColumnSpecsBase","schema_type":"Iced"},"name":"validation_logloss","type":"double","format":"%.5f","description":"Validation LogLoss"},{"__meta":{"schema_version":-1,"schema_name":"ColumnSpecsBase","schema_type":"Iced"},"name":"validation_auc","type":"double","format":"%.5f","description":"Validation AUC"},{"__meta":{"schema_version":-1,"schema_name":"ColumnSpecsBase","schema_type":"Iced"},"name":"validation_pr_auc","type":"double","format":"%.5f","description":"Validation pr_auc"},{"__meta":{"schema_version":-1,"schema_name":"ColumnSpecsBase","schema_type":"Iced"},"name":"validation_lift","type":"double","format":"%.5f","description":"Validation Lift"},{"__meta":{"schema_version":-1,"schema_name":"ColumnSpecsBase","schema_type":"Iced"},"name":"validation_classification_error","type":"double","format":"%.5f","description":"Validation Classification Error"}],"rowcount":11,"data":[["","","","","","","","","","",""],["2020-09-24 14:25:18","2020-09-24 14:25:19","2020-09-24 14:25:19","2020-09-24 14:25:20","2020-09-24 14:25:21","2020-09-24 14:25:21","2020-09-24 14:25:22","2020-09-24 14:25:26","2020-09-24 14:25:31","2020-09-24 14:25:37","2020-09-24 14:25:38"],[" 0.007 sec"," 0.936 sec"," 1.596 sec"," 2.160 sec"," 2.779 sec"," 3.339 sec"," 3.958 sec"," 8.306 sec","13.597 sec","19.071 sec","20.505 sec"],[0,1,2,3,4,5,6,18,32,47,50],[0.7055565763801531,0.7052138149216294,0.7048373053170849,0.7044230419943277,0.7039668114854208,0.7034640898741613,0.7029099715935522,0.6897029878255087,0.6373917599705758,0.47206046751382363,0.4227238704938629],[3.0626188754582406,2.9626634926065725,2.871845228302814,2.7878948465073528,2.709283531592194,2.634930722641091,2.5640440898408325,1.8523910330326914,1.1584124144187322,0.5507070596621604,0.4554362868256906],[0.5,0.9999991942234404,0.9999995584985081,0.9999995590395504,0.9999995590395504,0.9999995588485614,0.9999995590235705,0.9999995585295937,0.9999995560780316,0.9999995564916196,0.9999995565553292],[0.5000030411735227,0.9999995039251095,0.9999997207351429,0.9999997212708202,0.9999997212708202,0.9999997210826058,0.9999997212549594,0.999999720658273,0.9999997191028563,0.9999997194051772,0.9999997194688287],[1.0,1.9999878353798983,1.9999878353798983,1.9999878353798983,1.9999878353798983,1.9999878353798983,1.9999878353798983,1.9999878353798983,1.9999878353798983,1.9999878353798983,1.9999878353798983],[0.49999695882647727,1.8511491008043242E-6,1.8511491008043242E-6,1.454474293489112E-6,1.454474293489112E-6,1.454474293489112E-6,1.3222493577173745E-6,1.454474293489112E-6,1.5866992292608494E-6,1.5866992292608494E-6,1.5866992292608494E-6],[0.047607404901166744,0.04756778575672157,0.047532151770090604,0.04749754046331996,0.04746226214006861,0.047425223140263324,0.04738562457424572,0.04648900871473168,0.0429634098363324,0.03182875530207733,0.02850931191961267],[0.01609842036875702,0.015248747489113005,0.014538941518149578,0.013926723406957104,0.01338578108180055,0.012898742475653339,0.01245360187251418,0.008606383876535383,0.005307485012299078,0.002513836928072985,0.0020790807652644773],[0.5,0.9999990518893112,0.9999996388747271,0.9999996401295056,0.9999996401295056,0.9999996387910751,0.9999996387910751,0.9999996296730176,0.9999996279163276,0.9999996287528466,0.9999996289201504],[0.9977283811344179,0.9999999978445756,0.999999999178918,0.9999999991817746,0.9999999991817746,0.9999999991787275,0.9999999991787275,0.9999999991579686,0.9999999991539769,0.9999999991558803,0.9999999991562613],[1.0,1.0022767908666679,1.0022767908666679,1.0022767908666679,1.0022767908666679,1.0022767908666679,1.0022767908666679,1.0022767908666679,1.0022767908666679,1.0022767908666679,1.0022767908666679],[0.002271618865582234,4.310472230706326E-6,4.310472230706326E-6,4.310472230706326E-6,4.310472230706326E-6,4.310472230706326E-6,4.310472230706326E-6,4.310472230706326E-6,4.310472230706326E-6,4.310472230706326E-6,4.310472230706326E-6]]},"reproducibility_information_table":[{"__meta":{"schema_version":3,"schema_name":"TwoDimTableV3","schema_type":"TwoDimTable"},"name":"Node Information","description":"","columns":[{"__meta":{"schema_version":-1,"schema_name":"ColumnSpecsBase","schema_type":"Iced"},"name":"","type":"string","format":"%s","description":""},{"__meta":{"schema_version":-1,"schema_name":"ColumnSpecsBase","schema_type":"Iced"},"name":"node","type":"int","format":"%d","description":"node"},{"__meta":{"schema_version":-1,"schema_name":"ColumnSpecsBase","schema_type":"Iced"},"name":"h2o","type":"string","format":"%s","description":"h2o"},{"__meta":{"schema_version":-1,"schema_name":"ColumnSpecsBase","schema_type":"Iced"},"name":"healthy","type":"string","format":"%s","description":"healthy"},{"__meta":{"schema_version":-1,"schema_name":"ColumnSpecsBase","schema_type":"Iced"},"name":"last_ping","type":"string","format":"%s","description":"last_ping"},{"__meta":{"schema_version":-1,"schema_name":"ColumnSpecsBase","schema_type":"Iced"},"name":"num_cpus","type":"int","format":"%d","description":"num_cpus"},{"__meta":{"schema_version":-1,"schema_name":"ColumnSpecsBase","schema_type":"Iced"},"name":"sys_load","type":"double","format":"%.5f","description":"sys_load"},{"__meta":{"schema_version":-1,"schema_name":"ColumnSpecsBase","schema_type":"Iced"},"name":"mem_value_size","type":"long","format":"%d","description":"mem_value_size"},{"__meta":{"schema_version":-1,"schema_name":"ColumnSpecsBase","schema_type":"Iced"},"name":"free_mem","type":"long","format":"%d","description":"free_mem"},{"__meta":{"schema_version":-1,"schema_name":"ColumnSpecsBase","schema_type":"Iced"},"name":"pojo_mem","type":"long","format":"%d","description":"pojo_mem"},{"__meta":{"schema_version":-1,"schema_name":"ColumnSpecsBase","schema_type":"Iced"},"name":"swap_mem","type":"long","format":"%d","description":"swap_mem"},{"__meta":{"schema_version":-1,"schema_name":"ColumnSpecsBase","schema_type":"Iced"},"name":"free_disc","type":"long","format":"%d","description":"free_disc"},{"__meta":{"schema_version":-1,"schema_name":"ColumnSpecsBase","schema_type":"Iced"},"name":"max_disc","type":"long","format":"%d","description":"max_disc"},{"__meta":{"schema_version":-1,"schema_name":"ColumnSpecsBase","schema_type":"Iced"},"name":"pid","type":"int","format":"%d","description":"pid"},{"__meta":{"schema_version":-1,"schema_name":"ColumnSpecsBase","schema_type":"Iced"},"name":"num_keys","type":"int","format":"%d","description":"num_keys"},{"__meta":{"schema_version":-1,"schema_name":"ColumnSpecsBase","schema_type":"Iced"},"name":"tcps_active","type":"string","format":"%s","description":"tcps_active"},{"__meta":{"schema_version":-1,"schema_name":"ColumnSpecsBase","schema_type":"Iced"},"name":"open_fds","type":"int","format":"%d","description":"open_fds"},{"__meta":{"schema_version":-1,"schema_name":"ColumnSpecsBase","schema_type":"Iced"},"name":"rpcs_active","type":"string","format":"%s","description":"rpcs_active"},{"__meta":{"schema_version":-1,"schema_name":"ColumnSpecsBase","schema_type":"Iced"},"name":"nthreads","type":"int","format":"%d","description":"nthreads"},{"__meta":{"schema_version":-1,"schema_name":"ColumnSpecsBase","schema_type":"Iced"},"name":"is_leader","type":"string","format":"%s","description":"is_leader"},{"__meta":{"schema_version":-1,"schema_name":"ColumnSpecsBase","schema_type":"Iced"},"name":"total_mem","type":"long","format":"%d","description":"total_mem"},{"__meta":{"schema_version":-1,"schema_name":"ColumnSpecsBase","schema_type":"Iced"},"name":"max_mem","type":"long","format":"%d","description":"max_mem"},{"__meta":{"schema_version":-1,"schema_name":"ColumnSpecsBase","schema_type":"Iced"},"name":"java_version","type":"string","format":"%s","description":"java_version"},{"__meta":{"schema_version":-1,"schema_name":"ColumnSpecsBase","schema_type":"Iced"},"name":"jvm_launch_parameters","type":"string","format":"%s","description":"jvm_launch_parameters"},{"__meta":{"schema_version":-1,"schema_name":"ColumnSpecsBase","schema_type":"Iced"},"name":"os_version","type":"string","format":"%s","description":"os_version"},{"__meta":{"schema_version":-1,"schema_name":"ColumnSpecsBase","schema_type":"Iced"},"name":"machine_physical_mem","type":"long","format":"%d","description":"machine_physical_mem"},{"__meta":{"schema_version":-1,"schema_name":"ColumnSpecsBase","schema_type":"Iced"},"name":"machine_locale","type":"string","format":"%s","description":"machine_locale"}],"rowcount":1,"data":[[""],[0],["10.25.9.1:54321"],["true"],["1600950318076"],[12],[0.93],[627998810],[6823982568],[183749054],[0],[182677667840],[200510799872],[21744],[15928],["\u0000"],[492],["\u0000"],[12],["true"],[7515668480],[7635730432],["Java 1.8.0_265 (from Private Build)"],["[-Xmx8g]"],["Linux 5.0.0-32-generic (amd64)"],[16586338304],["en_US"]]},{"__meta":{"schema_version":3,"schema_name":"TwoDimTableV3","schema_type":"TwoDimTable"},"name":"Cluster Configuration","description":"","columns":[{"__meta":{"schema_version":-1,"schema_name":"ColumnSpecsBase","schema_type":"Iced"},"name":"","type":"string","format":"%s","description":""},{"__meta":{"schema_version":-1,"schema_name":"ColumnSpecsBase","schema_type":"Iced"},"name":"h2o_cluster_uptime","type":"long","format":"%d","description":"H2O cluster uptime"},{"__meta":{"schema_version":-1,"schema_name":"ColumnSpecsBase","schema_type":"Iced"},"name":"h2o_cluster_timezone","type":"string","format":"%s","description":"H2O cluster timezone"},{"__meta":{"schema_version":-1,"schema_name":"ColumnSpecsBase","schema_type":"Iced"},"name":"h2o_data_parsing_timezone","type":"string","format":"%s","description":"H2O data parsing timezone"},{"__meta":{"schema_version":-1,"schema_name":"ColumnSpecsBase","schema_type":"Iced"},"name":"h2o_cluster_version","type":"string","format":"%s","description":"H2O cluster version"},{"__meta":{"schema_version":-1,"schema_name":"ColumnSpecsBase","schema_type":"Iced"},"name":"h2o_cluster_version_age","type":"string","format":"%s","description":"H2O cluster version age"},{"__meta":{"schema_version":-1,"schema_name":"ColumnSpecsBase","schema_type":"Iced"},"name":"h2o_cluster_name","type":"string","format":"%s","description":"H2O cluster name"},{"__meta":{"schema_version":-1,"schema_name":"ColumnSpecsBase","schema_type":"Iced"},"name":"h2o_cluster_total_nodes","type":"int","format":"%d","description":"H2O cluster total nodes"},{"__meta":{"schema_version":-1,"schema_name":"ColumnSpecsBase","schema_type":"Iced"},"name":"h2o_cluster_free_memory","type":"long","format":"%d","description":"H2O cluster free memory"},{"__meta":{"schema_version":-1,"schema_name":"ColumnSpecsBase","schema_type":"Iced"},"name":"h2o_cluster_total_cores","type":"int","format":"%d","description":"H2O cluster total cores"},{"__meta":{"schema_version":-1,"schema_name":"ColumnSpecsBase","schema_type":"Iced"},"name":"h2o_cluster_allowed_cores","type":"int","format":"%d","description":"H2O cluster allowed cores"},{"__meta":{"schema_version":-1,"schema_name":"ColumnSpecsBase","schema_type":"Iced"},"name":"h2o_cluster_status","type":"string","format":"%s","description":"H2O cluster status"},{"__meta":{"schema_version":-1,"schema_name":"ColumnSpecsBase","schema_type":"Iced"},"name":"h2o_internal_security","type":"string","format":"%s","description":"H2O internal security"},{"__meta":{"schema_version":-1,"schema_name":"ColumnSpecsBase","schema_type":"Iced"},"name":"h2o_api_extensions","type":"string","format":"%s","description":"H2O API Extensions"}],"rowcount":1,"data":[[""],[19997835],["Europe/Paris"],["UTC"],["3.30.1.2"],["20 days"],["sparkling-water-gabriel_local-1600930318269"],[1],[6823982568],[12],[12],["locked, healthly"],["false"],["XGBoost, Algos, Amazon S3, Sparkling Water REST API Extensions, AutoML, Core V3, TargetEncoder, Core V4"]]},{"__meta":{"schema_version":3,"schema_name":"TwoDimTableV3","schema_type":"TwoDimTable"},"name":"Input Frames Information","description":"","columns":[{"__meta":{"schema_version":-1,"schema_name":"ColumnSpecsBase","schema_type":"Iced"},"name":"","type":"string","format":"%s","description":""},{"__meta":{"schema_version":-1,"schema_name":"ColumnSpecsBase","schema_type":"Iced"},"name":"input_frame","type":"string","format":"%s","description":"Input Frame"},{"__meta":{"schema_version":-1,"schema_name":"ColumnSpecsBase","schema_type":"Iced"},"name":"checksum","type":"long","format":"%d","description":"Checksum"},{"__meta":{"schema_version":-1,"schema_name":"ColumnSpecsBase","schema_type":"Iced"},"name":"espc","type":"string","format":"%d","description":"ESPC"}],"rowcount":3,"data":[["","",""],["training_frame","validation_frame","calibration_frame"],[-8841868288416676046,8793092084678095126,-1],["[0, 18893, 37843, 56813, 75743, 94640, 113802, 132794, 151659, 170579, 189564, 208504, 227434, 246522, 265392, 284450, 303315, 322183, 341289, 360335, 379241, 398114, 417188, 436136, 455122, 473920, 492965, 512053, 531060, 549900, 568957, 587924, 606592, 625574, 644385, 663211, 682133, 700958, 719964, 738759, 757839, 776739, 795870, 814636, 833429, 852462, 871521, 890532, 909217, 927926, 946966, 965927, 984774, 1003646, 1022758, 1041628, 1060694, 1079555, 1098471, 1117545, 1136584, 1155702, 1174611, 1193601, 1212587, 1231617, 1250547, 1269555, 1288441, 1307378, 1326164, 1344945, 1363887, 1382947, 1401996, 1421016, 1439926, 1458917, 1477797, 1496821, 1515687, 1534593, 1553552, 1572736, 1591536, 1610627, 1629557, 1648603, 1667802, 1686790, 1705403, 1724404, 1743218, 1762162, 1781153, 1800219, 1819094, 1837972, 1857046, 1875903, 1895103, 1914084, 1932919, 1951867, 1970794, 1989854, 2008776, 2027902, 2046815, 2065727, 2084565, 2103442, 2122214, 2141100, 2160059, 2179052, 2198044, 2216936, 2236035, 2255036, 2274224, 2293055, 2312214, 2331286, 2350152, 2369099, 2388127, 2407070, 2425910, 2444905, 2463911, 2482637, 2501591, 2520564, 2539559, 2558318, 2577217, 2596142, 2615086, 2633974, 2652860, 2671929, 2691123, 2709896, 2728847, 2747781, 2766739, 2785866, 2804813, 2823526, 2842566, 2861370, 2880396, 2899336, 2918101, 2937240, 2956168, 2975183, 2994053, 3013006, 3032303, 3051375, 3070370, 3089219, 3108315, 3127310, 3146210, 3164993, 3183681, 3202884, 3221896, 3240945, 3259686, 3278822, 3297677, 3316686, 3335667, 3354561, 3373583, 3392635, 3411693, 3430428, 3449192, 3468072, 3487003, 3505844, 3524520, 3543702, 3562840, 3581754, 3600406, 3619404, 3638334, 3657175, 3676046, 3694858, 3713879, 3733057, 3751947, 3770836, 3789764]","[0, 7987, 16193, 24395, 32415, 40449, 48607, 56826, 64835, 72978, 80958, 89065, 97304, 105432, 113483, 121503, 129735, 137869, 146042, 154062, 162195, 170484, 178521, 186549, 194618, 202840, 211045, 219150, 227304, 235406, 243620, 251677, 259765, 267881, 276008, 284227, 292307, 300386, 308456, 316702, 324857, 332930, 340991, 349090, 357310, 365356, 373464, 381485, 389617, 397678, 405775, 413848, 421875, 430049, 438056, 446204, 454308, 462450, 470563, 478711, 486848, 494919, 503139, 511269, 519434, 527472, 535641, 543929, 551896, 560010, 567984, 576200, 584311, 592484, 600607, 608802, 617010, 625034, 633129, 641239, 649365, 657481, 665551, 673688, 681663, 689935, 697998, 706133, 714249, 722446, 730577, 738582, 746565, 754613, 762927, 771125, 779238, 787272, 795475, 803708, 811864, 819997, 828033, 836234, 844406, 852564, 860661, 868791, 877075, 885155, 893307, 901309, 909403, 917621, 925658, 933840, 941959, 950292, 958381, 966539, 974618, 982805, 991127, 999146, 1007212, 1015301, 1023525, 1031632, 1039712, 1047705, 1055842, 1064003, 1072089, 1080141, 1088157, 1096295, 1104493, 1112569, 1120631, 1128631, 1136919, 1144982, 1153188, 1161094, 1169277, 1177527, 1185526, 1193639, 1201767, 1209933, 1218052, 1226096, 1234221, 1242357, 1250564, 1258700, 1266860, 1274920, 1283150, 1291320, 1299525, 1307574, 1315677, 1323903, 1331976, 1340014, 1347987, 1356136, 1364226, 1372298, 1380343, 1388434, 1396569, 1404653, 1412792, 1420849, 1429019, 1437227, 1445322, 1453475, 1461509, 1469646, 1477705, 1485809, 1493772, 1501883, 1510099, 1518202, 1526386, 1534406, 1542617, 1550812, 1558866, 1566881, 1575009, 1583234, 1591301, 1599510, 1607582, 1615741, 1623952]","-1"]]}],"training_metrics":{"__meta":{"schema_version":3,"schema_name":"ModelMetricsBinomialV3","schema_type":"ModelMetricsBinomial"},"model":{"__meta":{"schema_version":3,"schema_name":"ModelKeyV3","schema_type":"Key<Model>"},"name":"GBM_model_python_1600930320161_307","type":"Key<Model>","URL":"/3/Models/GBM_model_python_1600930320161_307"},"model_checksum":-5906008968468178846,"frame":{"__meta":{"schema_version":3,"schema_name":"FrameKeyV3","schema_type":"Key<Frame>"},"name":"py_28_sid_8a90","type":"Key<Frame>","URL":"/3/Frames/py_28_sid_8a90"},"frame_checksum":4996748374418458092,"description":null,"model_category":"Binomial","scoring_time":1600950338958,"predictions":null,"MSE":0.17869547068531216,"RMSE":0.4227238704938629,"nobs":7562870,"custom_metric_name":null,"custom_metric_value":0.0,"r2":0.28521811723230805,"logloss":0.4554362868256906,"AUC":0.9999995565553292,"pr_auc":0.9999997194688287,"Gini":0.9999991131106585,"mean_per_class_error":1.5866895784641796E-6,"domain":["false","true"],"cm":{"__meta":{"schema_version":3,"schema_name":"ConfusionMatrixV3","schema_type":"ConfusionMatrix"},"table":{"__meta":{"schema_version":3,"schema_name":"TwoDimTableV3","schema_type":"TwoDimTable"},"name":"Confusion Matrix","description":"Row labels: Actual class; Column labels: Predicted class","columns":[{"__meta":{"schema_version":-1,"schema_name":"ColumnSpecsBase","schema_type":"Iced"},"name":"false","type":"long","format":"%d","description":"false"},{"__meta":{"schema_version":-1,"schema_name":"ColumnSpecsBase","schema_type":"Iced"},"name":"true","type":"long","format":"%d","description":"true"},{"__meta":{"schema_version":-1,"schema_name":"ColumnSpecsBase","schema_type":"Iced"},"name":"Error","type":"double","format":"%.4f","description":"Error"},{"__meta":{"schema_version":-1,"schema_name":"ColumnSpecsBase","schema_type":"Iced"},"name":"Rate","type":"string","format":"= %14s","description":"Rate"}],"rowcount":3,"data":[[3781412,12,3781424],[0,3781446,3781446],[0.0,3.1733791569283593E-6,1.5866992292608494E-6],["0 / 3,781,412","12 / 3,781,458","12 / 7,562,870"]]}},"thresholds_and_metric_scores":{"__meta":{"schema_version":3,"schema_name":"TwoDimTableV3","schema_type":"TwoDimTable"},"name":"Metrics for Thresholds","description":"Binomial metrics as a function of classification thresholds","columns":[{"__meta":{"schema_version":-1,"schema_name":"ColumnSpecsBase","schema_type":"Iced"},"name":"threshold","type":"double","format":"%f","description":"Threshold"},{"__meta":{"schema_version":-1,"schema_name":"ColumnSpecsBase","schema_type":"Iced"},"name":"f1","type":"double","format":"%f","description":"f1"},{"__meta":{"schema_version":-1,"schema_name":"ColumnSpecsBase","schema_type":"Iced"},"name":"f2","type":"double","format":"%f","description":"f2"},{"__meta":{"schema_version":-1,"schema_name":"ColumnSpecsBase","schema_type":"Iced"},"name":"f0point5","type":"double","format":"%f","description":"f0point5"},{"__meta":{"schema_version":-1,"schema_name":"ColumnSpecsBase","schema_type":"Iced"},"name":"accuracy","type":"double","format":"%f","description":"accuracy"},{"__meta":{"schema_version":-1,"schema_name":"ColumnSpecsBase","schema_type":"Iced"},"name":"precision","type":"double","format":"%f","description":"precision"},{"__meta":{"schema_version":-1,"schema_name":"ColumnSpecsBase","schema_type":"Iced"},"name":"recall","type":"double","format":"%f","description":"recall"},{"__meta":{"schema_version":-1,"schema_name":"ColumnSpecsBase","schema_type":"Iced"},"name":"specificity","type":"double","format":"%f","description":"specificity"},{"__meta":{"schema_version":-1,"schema_name":"ColumnSpecsBase","schema_type":"Iced"},"name":"absolute_mcc","type":"double","format":"%f","description":"absolute_mcc"},{"__meta":{"schema_version":-1,"schema_name":"ColumnSpecsBase","schema_type":"Iced"},"name":"min_per_class_accuracy","type":"double","format":"%f","description":"min_per_class_accuracy"},{"__meta":{"schema_version":-1,"schema_name":"ColumnSpecsBase","schema_type":"Iced"},"name":"mean_per_class_accuracy","type":"double","format":"%f","description":"mean_per_class_accuracy"},{"__meta":{"schema_version":-1,"schema_name":"ColumnSpecsBase","schema_type":"Iced"},"name":"tns","type":"long","format":"%d","description":"tns"},{"__meta":{"schema_version":-1,"schema_name":"ColumnSpecsBase","schema_type":"Iced"},"name":"fns","type":"long","format":"%d","description":"fns"},{"__meta":{"schema_version":-1,"schema_name":"ColumnSpecsBase","schema_type":"Iced"},"name":"fps","type":"long","format":"%d","description":"fps"},{"__meta":{"schema_version":-1,"schema_name":"ColumnSpecsBase","schema_type":"Iced"},"name":"tps","type":"long","format":"%d","description":"tps"},{"__meta":{"schema_version":-1,"schema_name":"ColumnSpecsBase","schema_type":"Iced"},"name":"tnr","type":"double","format":"%f","description":"tnr"},{"__meta":{"schema_version":-1,"schema_name":"ColumnSpecsBase","schema_type":"Iced"},"name":"fnr","type":"double","format":"%f","description":"fnr"},{"__meta":{"schema_version":-1,"schema_name":"ColumnSpecsBase","schema_type":"Iced"},"name":"fpr","type":"double","format":"%f","description":"fpr"},{"__meta":{"schema_version":-1,"schema_name":"ColumnSpecsBase","schema_type":"Iced"},"name":"tpr","type":"double","format":"%f","description":"tpr"},{"__meta":{"schema_version":-1,"schema_name":"ColumnSpecsBase","schema_type":"Iced"},"name":"idx","type":"int","format":"%d","description":"idx"}],"rowcount":23,"data":[[0.9999928357703852,0.8286397047435299,0.7066944095861748,0.687109807946743,0.6765927135070434,0.6192371671082654,0.6168050414104762,0.6134978212253465,0.6126567189668939,0.6124931937018941,0.6107800385887988,0.6073608988690798,0.6073279215829934,0.6002720507872602,0.6000753553533823,0.598051846158812,0.5980464587767367,0.5980445101433469,0.5980390081029386,0.5980330475312983,0.597720420831179,0.5976376365320758,0.5975741112875939],[0.9999981488587317,0.999998413307904,0.9999381227391001,0.9998781038565718,0.9998178278094706,0.999817960033965,0.9998180922584242,0.999757955638596,0.9996378363231663,0.9987364753472711,0.9986764687822653,0.998616469427513,0.9981964122263849,0.9980167409811463,0.9966396087081312,0.9964005010129477,0.9953258703783154,0.9922937845398102,0.9749956973596936,0.9724843948022451,0.6668030911158677,0.6667495962033906,0.6666693699265396],[0.9999970381772604,0.9999974612950632,0.9999733442410391,0.9999494927859304,0.9999253780519238,0.9999255895992982,0.9999258011466498,0.9999017404474448,0.9998538340585047,0.999492938620516,0.9994688987544045,0.999444860044682,0.9992765158219686,0.9992046423519756,0.9986520201791855,0.9985559766600789,0.99812414156011,0.9969024065889648,0.989845475468895,0.9888085362530836,0.8334185898907749,0.8333851610702481,0.8333350228673284],[0.9999992595426702,0.9999993653225572,0.9999029037182482,0.999806725119759,0.9997103007003648,0.9997103536361089,0.9997104065718302,0.9996142121760072,0.9994219318913558,0.9979811562620311,0.9978852943725333,0.99778945089745,0.9971186410465711,0.996831660722241,0.9946352914588773,0.9942543109101256,0.9925432454074705,0.9877275771952064,0.9605848899913356,0.9566904870210861,0.55570714861739,0.5556477033061339,0.5555585591816963],[0.9999981488508992,0.9999984133007708,0.9999381187300588,0.9998780886092185,0.9998177940385066,0.9998179262634423,0.9998180584883781,0.9997578961426019,0.9996377036759855,0.998734871814536,0.9986747094687599,0.9986145471229837,0.9981931462526792,0.9980127914402865,0.9966282641378207,0.9963874825297804,0.9953038991811309,0.9922339006223828,0.9743543125823927,0.971705714893949,0.5003038529024034,0.5001835282108512,0.5000030411735228],[1.0,1.0,0.9998794257492658,0.9997591449566646,0.9996386288091352,0.9996386289046649,0.9996386290001945,0.9995184061622866,0.9992780474089248,0.9974782445838972,0.9973585408278858,0.9972388657988566,0.9964014189850247,0.9960431695418352,0.9933035526658653,0.9928286465560359,0.9906967897505923,0.9847067144213477,0.9512120394213724,0.9464431684335985,0.5001534932105212,0.500093301531904,0.5000030411735228],[0.9999962977243169,0.9999968266208431,0.9999968266208431,0.9999970910691062,0.9999970910691062,0.9999973555173692,0.9999976199656323,0.9999976199656323,0.9999978844138954,0.9999978844138954,0.9999978844138954,0.9999978844138954,0.9999978844138954,0.9999981488621584,0.9999981488621584,0.9999981488621584,0.9999984133104215,0.9999986777586846,0.9999992066552108,0.9999992066552108,1.0,1.0,1.0],[1.0,1.0,0.9998794101251067,0.9997590847016934,0.9996384948268001,0.9996384948268001,0.9996384948268001,0.9995181694033869,0.9992775185565603,0.9974718438509212,0.997351518427508,0.9972311930040948,0.9963883861372419,0.9960274098670021,0.9932583384196167,0.9927767722744837,0.9906093279441648,0.9844690290293678,0.9487091065453856,0.9434118789489218,6.016271170663234E-4,3.60976270239794E-4,0.0],[0.9999962977086518,0.9999968266065766,0.9998762443524,0.9997562055343329,0.9996356523476191,0.9996359168923384,0.9996361814371273,0.9995159071631509,0.9992756666211788,0.9974729259344839,0.9973529112157845,0.9972329108603931,0.9963927831088971,0.9960334348342886,0.9932790878559484,0.9928008511949468,0.9906514636637886,0.9845865318758599,0.9499589338821106,0.9449254910528397,0.017346639565371063,0.013435840679276135,0.0],[0.9999962977243169,0.9999968266208431,0.9998794101251067,0.9997590847016934,0.9996384948268001,0.9996384948268001,0.9996384948268001,0.9995181694033869,0.9992775185565603,0.9974718438509212,0.997351518427508,0.9972311930040948,0.9963883861372419,0.9960274098670021,0.9932583384196167,0.9927767722744837,0.9906093279441648,0.9844690290293678,0.9487091065453856,0.9434118789489218,6.016271170663234E-4,3.60976270239794E-4,0.0],[0.9999981488621584,0.9999984133104216,0.999938118372975,0.9998780878853998,0.9998177929479531,0.9998179251720847,0.9998180573962162,0.9997578946845096,0.9996377014852278,0.9987348641324083,0.9986747014207017,0.9986145387089951,0.9981931352755686,0.9980127793645803,0.9966282436408875,0.9963874605683211,0.9953038706272932,0.9922338533940263,0.9743541566002982,0.9717055428020662,0.5003008135585332,0.50018048813512,0.5],[3781412,3781412,3780956,3780501,3780045,3780045,3780045,3779590,3778680,3771852,3771397,3770942,3767755,3766390,3755919,3754098,3745902,3722683,3587460,3567429,2275,1365,0],[14,12,12,11,11,10,9,9,8,8,8,8,8,7,7,7,6,5,3,3,0,0,0],[0,0,456,911,1367,1367,1367,1822,2732,9560,10015,10470,13657,15022,25493,27314,35510,58729,193952,213983,3779137,3780047,3781412],[3781444,3781446,3781446,3781447,3781447,3781448,3781449,3781449,3781450,3781450,3781450,3781450,3781450,3781451,3781451,3781451,3781452,3781453,3781455,3781455,3781458,3781458,3781458],[1.0,1.0,0.9998794101251067,0.9997590847016934,0.9996384948268001,0.9996384948268001,0.9996384948268001,0.9995181694033869,0.9992775185565603,0.9974718438509212,0.997351518427508,0.9972311930040948,0.9963883861372419,0.9960274098670021,0.9932583384196167,0.9927767722744837,0.9906093279441648,0.9844690290293678,0.9487091065453856,0.9434118789489218,6.016271170663234E-4,3.60976270239794E-4,0.0],[3.702275683083086E-6,3.1733791569283593E-6,3.1733791569283593E-6,2.908930893850996E-6,2.908930893850996E-6,2.644482630773633E-6,2.3800343676962695E-6,2.3800343676962695E-6,2.1155861046189063E-6,2.1155861046189063E-6,2.1155861046189063E-6,2.1155861046189063E-6,2.1155861046189063E-6,1.851137841541543E-6,1.851137841541543E-6,1.851137841541543E-6,1.5866895784641796E-6,1.3222413153868165E-6,7.933447892320898E-7,7.933447892320898E-7,0.0,0.0,0.0],[0.0,0.0,1.2058987489329383E-4,2.409152983065585E-4,3.6150517319985233E-4,3.6150517319985233E-4,3.6150517319985233E-4,4.81830596613117E-4,7.224814434396463E-4,0.002528156149078704,0.0026484815724919686,0.0027688069959052332,0.0036116138627581445,0.003972590132997938,0.006741661580383201,0.007223227725516289,0.009390672055835228,0.015530970970632134,0.05129089345461431,0.05658812105107827,0.9993983728829336,0.9996390237297602,1.0],[0.9999962977243169,0.9999968266208431,0.9999968266208431,0.9999970910691062,0.9999970910691062,0.9999973555173692,0.9999976199656323,0.9999976199656323,0.9999978844138954,0.9999978844138954,0.9999978844138954,0.9999978844138954,0.9999978844138954,0.9999981488621584,0.9999981488621584,0.9999981488621584,0.9999984133104215,0.9999986777586846,0.9999992066552108,0.9999992066552108,1.0,1.0,1.0],[0,1,2,3,4,5,6,7,8,9,10,11,12,13,14,15,16,17,18,19,20,21,22]]},"max_criteria_and_metric_scores":{"__meta":{"schema_version":3,"schema_name":"TwoDimTableV3","schema_type":"TwoDimTable"},"name":"Maximum Metrics","description":"Maximum metrics at their respective thresholds","columns":[{"__meta":{"schema_version":-1,"schema_name":"ColumnSpecsBase","schema_type":"Iced"},"name":"metric","type":"string","format":"%s","description":"Metric"},{"__meta":{"schema_version":-1,"schema_name":"ColumnSpecsBase","schema_type":"Iced"},"name":"threshold","type":"double","format":"%f","description":"Threshold"},{"__meta":{"schema_version":-1,"schema_name":"ColumnSpecsBase","schema_type":"Iced"},"name":"value","type":"double","format":"%f","description":"Value"},{"__meta":{"schema_version":-1,"schema_name":"ColumnSpecsBase","schema_type":"Iced"},"name":"idx","type":"long","format":"%d","description":"idx"}],"rowcount":18,"data":[["max f1","max f2","max f0point5","max accuracy","max precision","max recall","max specificity","max absolute_mcc","max min_per_class_accuracy","max mean_per_class_accuracy","max tns","max fns","max fps","max tps","max tnr","max fnr","max fpr","max tpr"],[0.8286397047435299,0.8286397047435299,0.8286397047435299,0.8286397047435299,0.9999928357703852,0.597720420831179,0.9999928357703852,0.8286397047435299,0.8286397047435299,0.8286397047435299,0.9999928357703852,0.9999928357703852,0.5975741112875939,0.597720420831179,0.9999928357703852,0.9999928357703852,0.5975741112875939,0.597720420831179],[0.999998413307904,0.9999974612950632,0.9999993653225572,0.9999984133007708,1.0,1.0,1.0,0.9999968266065766,0.9999968266208431,0.9999984133104216,3781412.0,14.0,3781412.0,3781458.0,1.0,3.702275683083086E-6,1.0,1.0],[1,1,1,1,0,20,0,1,1,1,0,0,22,20,0,0,22,20]]},"gains_lift_table":{"__meta":{"schema_version":3,"schema_name":"TwoDimTableV3","schema_type":"TwoDimTable"},"name":"Gains/Lift Table","description":"Avg response rate: 50.00 %, avg score: 79.89 %","columns":[{"__meta":{"schema_version":-1,"schema_name":"ColumnSpecsBase","schema_type":"Iced"},"name":"group","type":"int","format":"%d","description":"Group"},{"__meta":{"schema_version":-1,"schema_name":"ColumnSpecsBase","schema_type":"Iced"},"name":"cumulative_data_fraction","type":"double","format":"%.8f","description":"Cumulative Data Fraction"},{"__meta":{"schema_version":-1,"schema_name":"ColumnSpecsBase","schema_type":"Iced"},"name":"lower_threshold","type":"double","format":"%5f","description":"Lower Threshold"},{"__meta":{"schema_version":-1,"schema_name":"ColumnSpecsBase","schema_type":"Iced"},"name":"lift","type":"double","format":"%5f","description":"Lift"},{"__meta":{"schema_version":-1,"schema_name":"ColumnSpecsBase","schema_type":"Iced"},"name":"cumulative_lift","type":"double","format":"%5f","description":"Cumulative Lift"},{"__meta":{"schema_version":-1,"schema_name":"ColumnSpecsBase","schema_type":"Iced"},"name":"response_rate","type":"double","format":"%5f","description":"Response Rate"},{"__meta":{"schema_version":-1,"schema_name":"ColumnSpecsBase","schema_type":"Iced"},"name":"score","type":"double","format":"%5f","description":"Score"},{"__meta":{"schema_version":-1,"schema_name":"ColumnSpecsBase","schema_type":"Iced"},"name":"cumulative_response_rate","type":"double","format":"%5f","description":"Cumulative Response Rate"},{"__meta":{"schema_version":-1,"schema_name":"ColumnSpecsBase","schema_type":"Iced"},"name":"cumulative_score","type":"double","format":"%5f","description":"Cumulative Score"},{"__meta":{"schema_version":-1,"schema_name":"ColumnSpecsBase","schema_type":"Iced"},"name":"capture_rate","type":"double","format":"%5f","description":"Capture Rate"},{"__meta":{"schema_version":-1,"schema_name":"ColumnSpecsBase","schema_type":"Iced"},"name":"cumulative_capture_rate","type":"double","format":"%5f","description":"Cumulative Capture Rate"},{"__meta":{"schema_version":-1,"schema_name":"ColumnSpecsBase","schema_type":"Iced"},"name":"gain","type":"double","format":"%5f","description":"Gain"},{"__meta":{"schema_version":-1,"schema_name":"ColumnSpecsBase","schema_type":"Iced"},"name":"cumulative_gain","type":"double","format":"%5f","description":"Cumulative Gain"},{"__meta":{"schema_version":-1,"schema_name":"ColumnSpecsBase","schema_type":"Iced"},"name":"kolmogorov_smirnov","type":"double","format":"%5f","description":"Kolmogorov Smirnov"}],"rowcount":3,"data":[[1,2,3],[0.5000011900244219,0.9996991882711193,1.0],[0.9999928357703852,0.597720420831179,0.5975741112875939],[1.9999878353798983,7.409026444118951E-6,0.0],[1.9999878353798983,1.000300902243805,1.0],[1.0,3.7045357541945268E-6,0.0],[0.9999928357704391,0.5978203936503392,0.5975995213853897],[1.0,0.5001534932105212,0.5000030411735228],[0.9999928357704391,0.7989676007445426,0.7989070268644493],[0.9999962977243169,3.702275683083086E-6,0.0],[0.9999962977243169,1.0,1.0],[99.99878353798984,-99.99925909735559,-100.0],[99.99878353798984,0.0300902243804968,0.0],[0.9999962977243169,6.016271170663501E-4,0.0]]}},"validation_metrics":{"__meta":{"schema_version":3,"schema_name":"ModelMetricsBinomialV3","schema_type":"ModelMetricsBinomial"},"model":{"__meta":{"schema_version":3,"schema_name":"ModelKeyV3","schema_type":"Key<Model>"},"name":"GBM_model_python_1600930320161_307","type":"Key<Model>","URL":"/3/Models/GBM_model_python_1600930320161_307"},"model_checksum":-5906008968468178846,"frame":{"__meta":{"schema_version":3,"schema_name":"FrameKeyV3","schema_type":"Key<Frame>"},"name":"py_29_sid_8a90","type":"Key<Frame>","URL":"/3/Frames/py_29_sid_8a90"},"frame_checksum":6020056237717480260,"description":null,"model_category":"Binomial","scoring_time":1600950339053,"predictions":null,"MSE":8.127808661297691E-4,"RMSE":0.02850931191961267,"nobs":1623952,"custom_metric_name":null,"custom_metric_value":0.0,"r2":0.6413872896879731,"logloss":0.0020790807652644773,"AUC":0.9999996289201504,"pr_auc":0.9999999991562613,"Gini":0.9999992578403007,"mean_per_class_error":2.1601431372561122E-6,"domain":["false","true"],"cm":{"__meta":{"schema_version":3,"schema_name":"ConfusionMatrixV3","schema_type":"ConfusionMatrix"},"table":{"__meta":{"schema_version":3,"schema_name":"TwoDimTableV3","schema_type":"TwoDimTable"},"name":"Confusion Matrix","description":"Row labels: Actual class; Column labels: Predicted class","columns":[{"__meta":{"schema_version":-1,"schema_name":"ColumnSpecsBase","schema_type":"Iced"},"name":"false","type":"long","format":"%d","description":"false"},{"__meta":{"schema_version":-1,"schema_name":"ColumnSpecsBase","schema_type":"Iced"},"name":"true","type":"long","format":"%d","description":"true"},{"__meta":{"schema_version":-1,"schema_name":"ColumnSpecsBase","schema_type":"Iced"},"name":"Error","type":"double","format":"%.4f","description":"Error"},{"__meta":{"schema_version":-1,"schema_name":"ColumnSpecsBase","schema_type":"Iced"},"name":"Rate","type":"string","format":"= %13s","description":"Rate"}],"rowcount":3,"data":[[3689,7,3696],[0,1620256,1620256],[0.0,4.3202862745122245E-6,4.310472230706326E-6],["0 / 3,689","7 / 1,620,263","7 / 1,623,952"]]}},"thresholds_and_metric_scores":{"__meta":{"schema_version":3,"schema_name":"TwoDimTableV3","schema_type":"TwoDimTable"},"name":"Metrics for Thresholds","description":"Binomial metrics as a function of classification thresholds","columns":[{"__meta":{"schema_version":-1,"schema_name":"ColumnSpecsBase","schema_type":"Iced"},"name":"threshold","type":"double","format":"%f","description":"Threshold"},{"__meta":{"schema_version":-1,"schema_name":"ColumnSpecsBase","schema_type":"Iced"},"name":"f1","type":"double","format":"%f","description":"f1"},{"__meta":{"schema_version":-1,"schema_name":"ColumnSpecsBase","schema_type":"Iced"},"name":"f2","type":"double","format":"%f","description":"f2"},{"__meta":{"schema_version":-1,"schema_name":"ColumnSpecsBase","schema_type":"Iced"},"name":"f0point5","type":"double","format":"%f","description":"f0point5"},{"__meta":{"schema_version":-1,"schema_name":"ColumnSpecsBase","schema_type":"Iced"},"name":"accuracy","type":"double","format":"%f","description":"accuracy"},{"__meta":{"schema_version":-1,"schema_name":"ColumnSpecsBase","schema_type":"Iced"},"name":"precision","type":"double","format":"%f","description":"precision"},{"__meta":{"schema_version":-1,"schema_name":"ColumnSpecsBase","schema_type":"Iced"},"name":"recall","type":"double","format":"%f","description":"recall"},{"__meta":{"schema_version":-1,"schema_name":"ColumnSpecsBase","schema_type":"Iced"},"name":"specificity","type":"double","format":"%f","description":"specificity"},{"__meta":{"schema_version":-1,"schema_name":"ColumnSpecsBase","schema_type":"Iced"},"name":"absolute_mcc","type":"double","format":"%f","description":"absolute_mcc"},{"__meta":{"schema_version":-1,"schema_name":"ColumnSpecsBase","schema_type":"Iced"},"name":"min_per_class_accuracy","type":"double","format":"%f","description":"min_per_class_accuracy"},{"__meta":{"schema_version":-1,"schema_name":"ColumnSpecsBase","schema_type":"Iced"},"name":"mean_per_class_accuracy","type":"double","format":"%f","description":"mean_per_class_accuracy"},{"__meta":{"schema_version":-1,"schema_name":"ColumnSpecsBase","schema_type":"Iced"},"name":"tns","type":"long","format":"%d","description":"tns"},{"__meta":{"schema_version":-1,"schema_name":"ColumnSpecsBase","schema_type":"Iced"},"name":"fns","type":"long","format":"%d","description":"fns"},{"__meta":{"schema_version":-1,"schema_name":"ColumnSpecsBase","schema_type":"Iced"},"name":"fps","type":"long","format":"%d","description":"fps"},{"__meta":{"schema_version":-1,"schema_name":"ColumnSpecsBase","schema_type":"Iced"},"name":"tps","type":"long","format":"%d","description":"tps"},{"__meta":{"schema_version":-1,"schema_name":"ColumnSpecsBase","schema_type":"Iced"},"name":"tnr","type":"double","format":"%f","description":"tnr"},{"__meta":{"schema_version":-1,"schema_name":"ColumnSpecsBase","schema_type":"Iced"},"name":"fnr","type":"double","format":"%f","description":"fnr"},{"__meta":{"schema_version":-1,"schema_name":"ColumnSpecsBase","schema_type":"Iced"},"name":"fpr","type":"double","format":"%f","description":"fpr"},{"__meta":{"schema_version":-1,"schema_name":"ColumnSpecsBase","schema_type":"Iced"},"name":"tpr","type":"double","format":"%f","description":"tpr"},{"__meta":{"schema_version":-1,"schema_name":"ColumnSpecsBase","schema_type":"Iced"},"name":"idx","type":"int","format":"%d","description":"idx"}],"rowcount":17,"data":[[0.9999928357824334,0.8286398327214369,0.6871097830669528,0.6765926335695752,0.6161399226250351,0.612656603542006,0.6124930481969718,0.6075232652328436,0.607327800257471,0.60007528690342,0.5980519208756219,0.5980464725991321,0.5980444845632196,0.5980390362536803,0.5980330326971809,0.5977205152746272,0.5976375948189139],[0.9999978398521965,0.999997531260415,0.9999975312619387,0.999997222670538,0.9999969140793279,0.999996296897479,0.9999941367670072,0.9999938281777017,0.9999925938223839,0.9999898165340604,0.9999895079474213,0.9999891993676384,0.9999836448778381,0.999942913726595,0.9999351998652157,0.9988632069277796,0.9988628990372093],[0.999996543767994,0.9999964203315785,0.9999967906428973,0.999996667206497,0.9999965437701271,0.999996296897479,0.9999954328441704,0.9999953094081052,0.9999948156641499,0.9999937047420328,0.9999935813063943,0.9999938281815107,0.9999927172757577,0.9999767944150575,0.9999737086471272,0.9995449724077831,0.9995448490833564],[0.9999991359397588,0.9999986421917197,0.9999982718820772,0.9999977781351963,0.9999972843888031,0.999996296897479,0.9999928406932036,0.9999923469516858,0.999990371990491,0.9999859283563246,0.9999854346216327,0.999984570596618,0.999974572644535,0.99990903533391,0.9998966940491206,0.998182370845386,0.9981818788918924],[0.9999956895277693,0.999995073746022,0.999995073746022,0.9999944579642748,0.9999938421825275,0.9999926106190331,0.9999883001468024,0.9999876843650551,0.9999852212380661,0.999979679202341,0.9999790634205937,0.9999784476388465,0.9999673635673961,0.9998860803767599,0.9998706858330788,0.997728996916165,0.9977283811344178],[1.0,0.999999382813961,0.9999987656294457,0.9999981484453112,0.9999975312619387,0.999996296897479,0.9999919766458677,0.9999913594701133,0.9999888907747142,0.9999833362546319,0.9999827190895428,0.9999814847730774,0.9999685245804512,0.9998864510141036,0.9998710251525637,0.9977289955177219,0.9977283811344178],[0.9999956797137255,0.9999956797137255,0.999996296897479,0.999996296897479,0.999996296897479,0.999996296897479,0.999996296897479,0.999996296897479,0.999996296897479,0.999996296897479,0.999996296897479,0.9999969140812325,0.999998765632493,0.9999993828162465,0.9999993828162465,1.0,1.0],[1.0,0.9997289238275956,0.9994578476551911,0.9991867714827867,0.9989156953103823,0.9983735429655733,0.9964760097587422,0.9962049335863378,0.9951206288967199,0.99268094334508,0.9924098671726755,0.9918677148278666,0.9861751152073732,0.950121984277582,0.9433450799674709,2.710761724044456E-4,0.0],[0.9990504234032166,0.9989144389228254,0.9989139614276613,0.9987779585747452,0.9986419373680064,0.9983698398630523,0.9974169193460044,0.9972807141876466,0.9967357091124788,0.9955083666411235,0.9953719026805798,0.9952350160898266,0.9927743886818079,0.9745473221437421,0.9710570513381389,0.016445685063319084,0.0],[0.9999956797137255,0.9997289238275956,0.9994578476551911,0.9991867714827867,0.9989156953103823,0.9983735429655733,0.9964760097587422,0.9962049335863378,0.9951206288967199,0.99268094334508,0.9924098671726755,0.9918677148278666,0.9861751152073732,0.950121984277582,0.9433450799674709,2.710761724044456E-4,0.0],[0.9999978398568627,0.9998623017706605,0.9997270722763351,0.9995915341901329,0.9994559961039307,0.9991849199315261,0.9982361533281106,0.9981006152419084,0.9975584628970995,0.9963386201212795,0.9962030820350773,0.9959323144545495,0.9930869404199332,0.9750606835469142,0.9716722313918587,0.5001355380862023,0.5],[3689,3688,3687,3686,3685,3683,3676,3675,3671,3662,3661,3659,3638,3505,3480,1,0],[7,7,6,6,6,6,6,6,6,6,6,5,2,1,1,0,0],[0,1,2,3,4,6,13,14,18,27,28,30,51,184,209,3688,3689],[1620256,1620256,1620257,1620257,1620257,1620257,1620257,1620257,1620257,1620257,1620257,1620258,1620261,1620262,1620262,1620263,1620263],[1.0,0.9997289238275956,0.9994578476551911,0.9991867714827867,0.9989156953103823,0.9983735429655733,0.9964760097587422,0.9962049335863378,0.9951206288967199,0.99268094334508,0.9924098671726755,0.9918677148278666,0.9861751152073732,0.950121984277582,0.9433450799674709,2.710761724044456E-4,0.0],[4.3202862745122245E-6,4.3202862745122245E-6,3.703102521010478E-6,3.703102521010478E-6,3.703102521010478E-6,3.703102521010478E-6,3.703102521010478E-6,3.703102521010478E-6,3.703102521010478E-6,3.703102521010478E-6,3.703102521010478E-6,3.0859187675087318E-6,1.2343675070034927E-6,6.171837535017464E-7,6.171837535017464E-7,0.0,0.0],[0.0,2.710761724044456E-4,5.421523448088912E-4,8.13228517213337E-4,0.0010843046896177825,0.001626457034426674,0.0035239902412577935,0.003795066413662239,0.004879371103280022,0.007319056654920032,0.007590132827324478,0.00813228517213337,0.013824884792626729,0.049878015722418,0.056654920032529144,0.9997289238275956,1.0],[0.9999956797137255,0.9999956797137255,0.999996296897479,0.999996296897479,0.999996296897479,0.999996296897479,0.999996296897479,0.999996296897479,0.999996296897479,0.999996296897479,0.999996296897479,0.9999969140812325,0.999998765632493,0.9999993828162465,0.9999993828162465,1.0,1.0],[0,1,2,3,4,5,6,7,8,9,10,11,12,13,14,15,16]]},"max_criteria_and_metric_scores":{"__meta":{"schema_version":3,"schema_name":"TwoDimTableV3","schema_type":"TwoDimTable"},"name":"Maximum Metrics","description":"Maximum metrics at their respective thresholds","columns":[{"__meta":{"schema_version":-1,"schema_name":"ColumnSpecsBase","schema_type":"Iced"},"name":"metric","type":"string","format":"%s","description":"Metric"},{"__meta":{"schema_version":-1,"schema_name":"ColumnSpecsBase","schema_type":"Iced"},"name":"threshold","type":"double","format":"%f","description":"Threshold"},{"__meta":{"schema_version":-1,"schema_name":"ColumnSpecsBase","schema_type":"Iced"},"name":"value","type":"double","format":"%f","description":"Value"},{"__meta":{"schema_version":-1,"schema_name":"ColumnSpecsBase","schema_type":"Iced"},"name":"idx","type":"long","format":"%d","description":"idx"}],"rowcount":18,"data":[["max f1","max f2","max f0point5","max accuracy","max precision","max recall","max specificity","max absolute_mcc","max min_per_class_accuracy","max mean_per_class_accuracy","max tns","max fns","max fps","max tps","max tnr","max fnr","max fpr","max tpr"],[0.9999928357824334,0.6871097830669528,0.9999928357824334,0.9999928357824334,0.9999928357824334,0.5977205152746272,0.9999928357824334,0.9999928357824334,0.9999928357824334,0.9999928357824334,0.9999928357824334,0.9999928357824334,0.5976375948189139,0.5977205152746272,0.9999928357824334,0.9999928357824334,0.5976375948189139,0.5977205152746272],[0.9999978398521965,0.9999967906428973,0.9999991359397588,0.9999956895277693,1.0,1.0,1.0,0.9990504234032166,0.9999956797137255,0.9999978398568627,3689.0,7.0,3689.0,1620263.0,1.0,4.3202862745122245E-6,1.0,1.0],[0,2,0,0,0,15,0,0,0,0,0,0,16,15,0,0,16,15]]},"gains_lift_table":{"__meta":{"schema_version":3,"schema_name":"TwoDimTableV3","schema_type":"TwoDimTable"},"name":"Gains/Lift Table","description":"Avg response rate: 99.77 %, avg score: 99.91 %","columns":[{"__meta":{"schema_version":-1,"schema_name":"ColumnSpecsBase","schema_type":"Iced"},"name":"group","type":"int","format":"%d","description":"Group"},{"__meta":{"schema_version":-1,"schema_name":"ColumnSpecsBase","schema_type":"Iced"},"name":"cumulative_data_fraction","type":"double","format":"%.8f","description":"Cumulative Data Fraction"},{"__meta":{"schema_version":-1,"schema_name":"ColumnSpecsBase","schema_type":"Iced"},"name":"lower_threshold","type":"double","format":"%5f","description":"Lower Threshold"},{"__meta":{"schema_version":-1,"schema_name":"ColumnSpecsBase","schema_type":"Iced"},"name":"lift","type":"double","format":"%5f","description":"Lift"},{"__meta":{"schema_version":-1,"schema_name":"ColumnSpecsBase","schema_type":"Iced"},"name":"cumulative_lift","type":"double","format":"%5f","description":"Cumulative Lift"},{"__meta":{"schema_version":-1,"schema_name":"ColumnSpecsBase","schema_type":"Iced"},"name":"response_rate","type":"double","format":"%5f","description":"Response Rate"},{"__meta":{"schema_version":-1,"schema_name":"ColumnSpecsBase","schema_type":"Iced"},"name":"score","type":"double","format":"%5f","description":"Score"},{"__meta":{"schema_version":-1,"schema_name":"ColumnSpecsBase","schema_type":"Iced"},"name":"cumulative_response_rate","type":"double","format":"%5f","description":"Cumulative Response Rate"},{"__meta":{"schema_version":-1,"schema_name":"ColumnSpecsBase","schema_type":"Iced"},"name":"cumulative_score","type":"double","format":"%5f","description":"Cumulative Score"},{"__meta":{"schema_version":-1,"schema_name":"ColumnSpecsBase","schema_type":"Iced"},"name":"capture_rate","type":"double","format":"%5f","description":"Capture Rate"},{"__meta":{"schema_version":-1,"schema_name":"ColumnSpecsBase","schema_type":"Iced"},"name":"cumulative_capture_rate","type":"double","format":"%5f","description":"Cumulative Capture Rate"},{"__meta":{"schema_version":-1,"schema_name":"ColumnSpecsBase","schema_type":"Iced"},"name":"gain","type":"double","format":"%5f","description":"Gain"},{"__meta":{"schema_version":-1,"schema_name":"ColumnSpecsBase","schema_type":"Iced"},"name":"cumulative_gain","type":"double","format":"%5f","description":"Cumulative Gain"},{"__meta":{"schema_version":-1,"schema_name":"ColumnSpecsBase","schema_type":"Iced"},"name":"kolmogorov_smirnov","type":"double","format":"%5f","description":"Kolmogorov Smirnov"}],"rowcount":2,"data":[[1,2],[0.997724070662187,1.0],[0.9999928357824335,0.5976375948189139],[1.0022767908666679,0.0018982514978535378],[1.0022767908666679,1.0],[1.0,0.001893939393939394],[0.9999928357822252,0.5979286295838854],[1.0,0.9977283811344178],[0.9999928357822252,0.9990777660596539],[0.9999956797137255,4.3202862745122245E-6],[0.9999956797137255,1.0],[0.2276790866667877,-99.81017485021465],[0.2276790866667877,0.0],[0.9999956797137255,0.0]]}},"cross_validation_metrics":null,"cross_validation_metrics_summary":null,"status":null,"start_time":1600950318278,"end_time":1600950339056,"run_time":20778,"default_threshold":0.9999928357824334,"help":{"validation_metrics":"Validation data model metrics", "cross_validation_metrics_summary":"Cross-validation model metrics summary", "start_time":"Start time in milliseconds", "run_time":"Runtime in milliseconds", "status":"Job status", "domains":"Domains for categorical columns", "reproducibility_information_table":"Model reproducibility information", "model_category":"Category of the model (e.g., Binomial)", "default_threshold":"Default threshold used for predictions", "__meta":"Metadata on this schema instance, to make it self-describing.", "variable_importances":"Variable Importances", "model_summary":"Model summary", "scoring_history":"Scoring history", "help":"Help information for output fields", "end_time":"End time in milliseconds", "names":"Column names", "column_types":"Column types", "original_names":"Original column names", "cross_validation_fold_assignment_frame_id":"Cross-validation fold assignment (each row is assigned to one holdout fold)", "training_metrics":"Training data model metrics", "cross_validation_models":"Cross-validation models (model ids)", "cross_validation_metrics":"Cross-validation model metrics", "cross_validation_predictions":"Cross-validation predictions, one per cv model (deprecated, use cross_validation_holdout_predictions_frame_id instead)", "init_f":"The Intercept term, the initial model function value to which trees make adjustments", "cross_validation_holdout_predictions_frame_id":"Cross-validation holdout predictions (full out-of-sample predictions on training data)"},"variable_importances":{"__meta":{"schema_version":3,"schema_name":"TwoDimTableV3","schema_type":"TwoDimTable"},"name":"Variable Importances","description":"","columns":[{"__meta":{"schema_version":-1,"schema_name":"ColumnSpecsBase","schema_type":"Iced"},"name":"variable","type":"string","format":"%s","description":"Variable"},{"__meta":{"schema_version":-1,"schema_name":"ColumnSpecsBase","schema_type":"Iced"},"name":"relative_importance","type":"double","format":"%5f","description":"Relative Importance"},{"__meta":{"schema_version":-1,"schema_name":"ColumnSpecsBase","schema_type":"Iced"},"name":"scaled_importance","type":"double","format":"%5f","description":"Scaled Importance"},{"__meta":{"schema_version":-1,"schema_name":"ColumnSpecsBase","schema_type":"Iced"},"name":"percentage","type":"double","format":"%5f","description":"Percentage"}],"rowcount":3,"data":[["R_3DPercent","R_BWPercent","T_ToleranceBand3D"],[1.0161265E7,2021.1160888671875,0.0],[1.0,1.9890398379209553E-4,0.0],[0.999801135571135,1.9886442886495975E-4,0.0]]},"init_f":1.2164694091332812E-5},"compatible_frames":null}
