{"__meta":{"schema_version":3,"schema_name":"XGBoostModelV3","schema_type":"XGBoostModel"},"model_id":{"__meta":{"schema_version":3,"schema_name":"ModelKeyV3","schema_type":"Key<Model>"},"name":"XGBoost_model_python_1598621417558_425","type":"Key<Model>","URL":"/3/Models/XGBoost_model_python_1598621417558_425"},"algo":"xgboost","algo_full_name":"XGBoost","response_column_name":"IsGood_class","data_frame":{"__meta":{"schema_version":3,"schema_name":"FrameKeyV3","schema_type":"Key<Frame>"},"name":"py_52_sid_ae5a","type":"Key<Frame>","URL":"/3/Frames/py_52_sid_ae5a"},"timestamp":1598624426390,"have_pojo":true,"have_mojo":true,"algo":"xgboost","algo_full_name":"XGBoost","model_id":{"__meta":{"schema_version":3,"schema_name":"ModelKeyV3","schema_type":"Key<Model>"},"name":"XGBoost_model_python_1598621417558_425","type":"Key<Model>","URL":"/3/Models/XGBoost_model_python_1598621417558_425"},"parameters":[{"__meta":{"schema_version":3,"schema_name":"ModelParameterSchemaV3","schema_type":"Iced"},"name":"model_id","label":"model_id","help":"Destination id for this model; auto-generated if not specified.","required":false,"type":"Key<Model>","default_value":null,"actual_value":{"__meta":{"schema_version":3,"schema_name":"ModelKeyV3","schema_type":"Key<Model>"},"name":"XGBoost_model_python_1598621417558_425","type":"Key<Model>","URL":"/3/Models/XGBoost_model_python_1598621417558_425"},"level":"critical","values":[],"is_member_of_frames":[],"is_mutually_exclusive_with":[],"gridable":false},{"__meta":{"schema_version":3,"schema_name":"ModelParameterSchemaV3","schema_type":"Iced"},"name":"training_frame","label":"training_frame","help":"Id of the training data frame.","required":false,"type":"Key<Frame>","default_value":null,"actual_value":{"__meta":{"schema_version":3,"schema_name":"FrameKeyV3","schema_type":"Key<Frame>"},"name":"py_52_sid_ae5a","type":"Key<Frame>","URL":"/3/Frames/py_52_sid_ae5a"},"level":"critical","values":[],"is_member_of_frames":[],"is_mutually_exclusive_with":[],"gridable":false},{"__meta":{"schema_version":3,"schema_name":"ModelParameterSchemaV3","schema_type":"Iced"},"name":"validation_frame","label":"validation_frame","help":"Id of the validation data frame.","required":false,"type":"Key<Frame>","default_value":null,"actual_value":{"__meta":{"schema_version":3,"schema_name":"FrameKeyV3","schema_type":"Key<Frame>"},"name":"py_53_sid_ae5a","type":"Key<Frame>","URL":"/3/Frames/py_53_sid_ae5a"},"level":"critical","values":[],"is_member_of_frames":[],"is_mutually_exclusive_with":[],"gridable":true},{"__meta":{"schema_version":3,"schema_name":"ModelParameterSchemaV3","schema_type":"Iced"},"name":"nfolds","label":"nfolds","help":"Number of folds for K-fold cross-validation (0 to disable or >= 2).","required":false,"type":"int","default_value":0,"actual_value":0,"level":"critical","values":[],"is_member_of_frames":[],"is_mutually_exclusive_with":[],"gridable":false},{"__meta":{"schema_version":3,"schema_name":"ModelParameterSchemaV3","schema_type":"Iced"},"name":"keep_cross_validation_models","label":"keep_cross_validation_models","help":"Whether to keep the cross-validation models.","required":false,"type":"boolean","default_value":true,"actual_value":true,"level":"expert","values":[],"is_member_of_frames":[],"is_mutually_exclusive_with":[],"gridable":false},{"__meta":{"schema_version":3,"schema_name":"ModelParameterSchemaV3","schema_type":"Iced"},"name":"keep_cross_validation_predictions","label":"keep_cross_validation_predictions","help":"Whether to keep the predictions of the cross-validation models.","required":false,"type":"boolean","default_value":false,"actual_value":false,"level":"expert","values":[],"is_member_of_frames":[],"is_mutually_exclusive_with":[],"gridable":false},{"__meta":{"schema_version":3,"schema_name":"ModelParameterSchemaV3","schema_type":"Iced"},"name":"keep_cross_validation_fold_assignment","label":"keep_cross_validation_fold_assignment","help":"Whether to keep the cross-validation fold assignment.","required":false,"type":"boolean","default_value":false,"actual_value":false,"level":"expert","values":[],"is_member_of_frames":[],"is_mutually_exclusive_with":[],"gridable":false},{"__meta":{"schema_version":3,"schema_name":"ModelParameterSchemaV3","schema_type":"Iced"},"name":"score_each_iteration","label":"score_each_iteration","help":"Whether to score during each iteration of model training.","required":false,"type":"boolean","default_value":false,"actual_value":false,"level":"secondary","values":[],"is_member_of_frames":[],"is_mutually_exclusive_with":[],"gridable":false},{"__meta":{"schema_version":3,"schema_name":"ModelParameterSchemaV3","schema_type":"Iced"},"name":"fold_assignment","label":"fold_assignment","help":"Cross-validation fold assignment scheme, if fold_column is not specified. The 'Stratified' option will stratify the folds based on the response variable, for classification problems.","required":false,"type":"enum","default_value":"AUTO","actual_value":"AUTO","level":"secondary","values":["AUTO","Random","Modulo","Stratified"],"is_member_of_frames":[],"is_mutually_exclusive_with":[],"gridable":true},{"__meta":{"schema_version":3,"schema_name":"ModelParameterSchemaV3","schema_type":"Iced"},"name":"fold_column","label":"fold_column","help":"Column with cross-validation fold index assignment per observation.","required":false,"type":"VecSpecifier","default_value":null,"actual_value":null,"level":"secondary","values":[],"is_member_of_frames":["training_frame"],"is_mutually_exclusive_with":["response_column","weights_column","ignored_columns","offset_column"],"gridable":true},{"__meta":{"schema_version":3,"schema_name":"ModelParameterSchemaV3","schema_type":"Iced"},"name":"response_column","label":"response_column","help":"Response variable column.","required":false,"type":"VecSpecifier","default_value":null,"actual_value":{"__meta":{"schema_version":3,"schema_name":"ColSpecifierV3","schema_type":"VecSpecifier"},"column_name":"IsGood_class","is_member_of_frames":null},"level":"critical","values":[],"is_member_of_frames":["training_frame","validation_frame"],"is_mutually_exclusive_with":["weights_column","ignored_columns","offset_column","fold_column"],"gridable":true},{"__meta":{"schema_version":3,"schema_name":"ModelParameterSchemaV3","schema_type":"Iced"},"name":"ignored_columns","label":"ignored_columns","help":"Names of columns to ignore for training.","required":false,"type":"string[]","default_value":null,"actual_value":["algo_index","insp_st_time"],"level":"critical","values":[],"is_member_of_frames":["training_frame","validation_frame"],"is_mutually_exclusive_with":["response_column","weights_column","offset_column","fold_column"],"gridable":false},{"__meta":{"schema_version":3,"schema_name":"ModelParameterSchemaV3","schema_type":"Iced"},"name":"ignore_const_cols","label":"ignore_const_cols","help":"Ignore constant columns.","required":false,"type":"boolean","default_value":true,"actual_value":true,"level":"critical","values":[],"is_member_of_frames":[],"is_mutually_exclusive_with":[],"gridable":false},{"__meta":{"schema_version":3,"schema_name":"ModelParameterSchemaV3","schema_type":"Iced"},"name":"offset_column","label":"offset_column","help":"Offset column. This will be added to the combination of columns before applying the link function.","required":false,"type":"VecSpecifier","default_value":null,"actual_value":null,"level":"secondary","values":[],"is_member_of_frames":["training_frame","validation_frame"],"is_mutually_exclusive_with":["response_column","weights_column","ignored_columns","fold_column"],"gridable":true},{"__meta":{"schema_version":3,"schema_name":"ModelParameterSchemaV3","schema_type":"Iced"},"name":"weights_column","label":"weights_column","help":"Column with observation weights. Giving some observation a weight of zero is equivalent to excluding it from the dataset; giving an observation a relative weight of 2 is equivalent to repeating that row twice. Negative weights are not allowed. Note: Weights are per-row observation weights and do not increase the size of the data frame. This is typically the number of times a row is repeated, but non-integer values are supported as well. During training, rows with higher weights matter more, due to the larger loss function pre-factor.","required":false,"type":"VecSpecifier","default_value":null,"actual_value":null,"level":"secondary","values":[],"is_member_of_frames":["training_frame","validation_frame"],"is_mutually_exclusive_with":["response_column","ignored_columns","offset_column","fold_column"],"gridable":true},{"__meta":{"schema_version":3,"schema_name":"ModelParameterSchemaV3","schema_type":"Iced"},"name":"stopping_rounds","label":"stopping_rounds","help":"Early stopping based on convergence of stopping_metric. Stop if simple moving average of length k of the stopping_metric does not improve for k:=stopping_rounds scoring events (0 to disable)","required":false,"type":"int","default_value":0,"actual_value":0,"level":"secondary","values":[],"is_member_of_frames":[],"is_mutually_exclusive_with":[],"gridable":true},{"__meta":{"schema_version":3,"schema_name":"ModelParameterSchemaV3","schema_type":"Iced"},"name":"stopping_metric","label":"stopping_metric","help":"Metric to use for early stopping (AUTO: logloss for classification, deviance for regression and anonomaly_score for Isolation Forest). Note that custom and custom_increasing can only be used in GBM and DRF with the Python client.","required":false,"type":"enum","default_value":"AUTO","actual_value":"AUTO","level":"secondary","values":["AUTO","deviance","logloss","MSE","RMSE","MAE","RMSLE","AUC","AUCPR","lift_top_group","misclassification","mean_per_class_error","anomaly_score","custom","custom_increasing"],"is_member_of_frames":[],"is_mutually_exclusive_with":[],"gridable":true},{"__meta":{"schema_version":3,"schema_name":"ModelParameterSchemaV3","schema_type":"Iced"},"name":"stopping_tolerance","label":"stopping_tolerance","help":"Relative tolerance for metric-based stopping criterion (stop if relative improvement is not at least this much)","required":false,"type":"double","default_value":0.001,"actual_value":0.001,"level":"secondary","values":[],"is_member_of_frames":[],"is_mutually_exclusive_with":[],"gridable":true},{"__meta":{"schema_version":3,"schema_name":"ModelParameterSchemaV3","schema_type":"Iced"},"name":"max_runtime_secs","label":"max_runtime_secs","help":"Maximum allowed runtime in seconds for model training. Use 0 to disable.","required":false,"type":"double","default_value":0.0,"actual_value":0.0,"level":"secondary","values":[],"is_member_of_frames":[],"is_mutually_exclusive_with":[],"gridable":true},{"__meta":{"schema_version":3,"schema_name":"ModelParameterSchemaV3","schema_type":"Iced"},"name":"seed","label":"seed","help":"Seed for pseudo random number generator (if applicable)","required":false,"type":"long","default_value":-1,"actual_value":1234,"level":"critical","values":[],"is_member_of_frames":[],"is_mutually_exclusive_with":[],"gridable":true},{"__meta":{"schema_version":3,"schema_name":"ModelParameterSchemaV3","schema_type":"Iced"},"name":"distribution","label":"distribution","help":"Distribution function","required":false,"type":"enum","default_value":"AUTO","actual_value":"AUTO","level":"secondary","values":["AUTO","bernoulli","quasibinomial","ordinal","multinomial","gaussian","poisson","gamma","tweedie","laplace","quantile","huber","custom"],"is_member_of_frames":[],"is_mutually_exclusive_with":[],"gridable":true},{"__meta":{"schema_version":3,"schema_name":"ModelParameterSchemaV3","schema_type":"Iced"},"name":"tweedie_power","label":"tweedie_power","help":"Tweedie power for Tweedie regression, must be between 1 and 2.","required":false,"type":"double","default_value":1.5,"actual_value":1.5,"level":"secondary","values":[],"is_member_of_frames":[],"is_mutually_exclusive_with":[],"gridable":true},{"__meta":{"schema_version":3,"schema_name":"ModelParameterSchemaV3","schema_type":"Iced"},"name":"categorical_encoding","label":"categorical_encoding","help":"Encoding scheme for categorical features","required":false,"type":"enum","default_value":"AUTO","actual_value":"AUTO","level":"secondary","values":["AUTO","Enum","OneHotInternal","OneHotExplicit","Binary","Eigen","LabelEncoder","SortByResponse","EnumLimited"],"is_member_of_frames":[],"is_mutually_exclusive_with":[],"gridable":true},{"__meta":{"schema_version":3,"schema_name":"ModelParameterSchemaV3","schema_type":"Iced"},"name":"quiet_mode","label":"quiet_mode","help":"Enable quiet mode","required":false,"type":"boolean","default_value":true,"actual_value":true,"level":"expert","values":[],"is_member_of_frames":[],"is_mutually_exclusive_with":[],"gridable":false},{"__meta":{"schema_version":3,"schema_name":"ModelParameterSchemaV3","schema_type":"Iced"},"name":"checkpoint","label":"checkpoint","help":"Model checkpoint to resume training with.","required":false,"type":"Key<Model>","default_value":null,"actual_value":null,"level":"secondary","values":[],"is_member_of_frames":[],"is_mutually_exclusive_with":[],"gridable":false},{"__meta":{"schema_version":3,"schema_name":"ModelParameterSchemaV3","schema_type":"Iced"},"name":"export_checkpoints_dir","label":"export_checkpoints_dir","help":"Automatically export generated models to this directory.","required":false,"type":"string","default_value":null,"actual_value":null,"level":"secondary","values":[],"is_member_of_frames":[],"is_mutually_exclusive_with":[],"gridable":false},{"__meta":{"schema_version":3,"schema_name":"ModelParameterSchemaV3","schema_type":"Iced"},"name":"ntrees","label":"ntrees","help":"(same as n_estimators) Number of trees.","required":false,"type":"int","default_value":50,"actual_value":50,"level":"critical","values":[],"is_member_of_frames":[],"is_mutually_exclusive_with":[],"gridable":true},{"__meta":{"schema_version":3,"schema_name":"ModelParameterSchemaV3","schema_type":"Iced"},"name":"max_depth","label":"max_depth","help":"Maximum tree depth.","required":false,"type":"int","default_value":6,"actual_value":6,"level":"critical","values":[],"is_member_of_frames":[],"is_mutually_exclusive_with":[],"gridable":true},{"__meta":{"schema_version":3,"schema_name":"ModelParameterSchemaV3","schema_type":"Iced"},"name":"min_rows","label":"min_rows","help":"(same as min_child_weight) Fewest allowed (weighted) observations in a leaf.","required":false,"type":"double","default_value":1.0,"actual_value":1.0,"level":"critical","values":[],"is_member_of_frames":[],"is_mutually_exclusive_with":[],"gridable":true},{"__meta":{"schema_version":3,"schema_name":"ModelParameterSchemaV3","schema_type":"Iced"},"name":"min_child_weight","label":"min_child_weight","help":"(same as min_rows) Fewest allowed (weighted) observations in a leaf.","required":false,"type":"double","default_value":1.0,"actual_value":1.0,"level":"critical","values":[],"is_member_of_frames":[],"is_mutually_exclusive_with":[],"gridable":true},{"__meta":{"schema_version":3,"schema_name":"ModelParameterSchemaV3","schema_type":"Iced"},"name":"learn_rate","label":"learn_rate","help":"(same as eta) Learning rate (from 0.0 to 1.0)","required":false,"type":"double","default_value":0.3,"actual_value":0.3,"level":"critical","values":[],"is_member_of_frames":[],"is_mutually_exclusive_with":[],"gridable":true},{"__meta":{"schema_version":3,"schema_name":"ModelParameterSchemaV3","schema_type":"Iced"},"name":"eta","label":"eta","help":"(same as learn_rate) Learning rate (from 0.0 to 1.0)","required":false,"type":"double","default_value":0.3,"actual_value":0.3,"level":"critical","values":[],"is_member_of_frames":[],"is_mutually_exclusive_with":[],"gridable":true},{"__meta":{"schema_version":3,"schema_name":"ModelParameterSchemaV3","schema_type":"Iced"},"name":"sample_rate","label":"sample_rate","help":"(same as subsample) Row sample rate per tree (from 0.0 to 1.0)","required":false,"type":"double","default_value":1.0,"actual_value":1.0,"level":"critical","values":[],"is_member_of_frames":[],"is_mutually_exclusive_with":[],"gridable":true},{"__meta":{"schema_version":3,"schema_name":"ModelParameterSchemaV3","schema_type":"Iced"},"name":"subsample","label":"subsample","help":"(same as sample_rate) Row sample rate per tree (from 0.0 to 1.0)","required":false,"type":"double","default_value":1.0,"actual_value":1.0,"level":"critical","values":[],"is_member_of_frames":[],"is_mutually_exclusive_with":[],"gridable":true},{"__meta":{"schema_version":3,"schema_name":"ModelParameterSchemaV3","schema_type":"Iced"},"name":"col_sample_rate","label":"col_sample_rate","help":"(same as colsample_bylevel) Column sample rate (from 0.0 to 1.0)","required":false,"type":"double","default_value":1.0,"actual_value":1.0,"level":"critical","values":[],"is_member_of_frames":[],"is_mutually_exclusive_with":[],"gridable":true},{"__meta":{"schema_version":3,"schema_name":"ModelParameterSchemaV3","schema_type":"Iced"},"name":"colsample_bylevel","label":"colsample_bylevel","help":"(same as col_sample_rate) Column sample rate (from 0.0 to 1.0)","required":false,"type":"double","default_value":1.0,"actual_value":1.0,"level":"critical","values":[],"is_member_of_frames":[],"is_mutually_exclusive_with":[],"gridable":true},{"__meta":{"schema_version":3,"schema_name":"ModelParameterSchemaV3","schema_type":"Iced"},"name":"col_sample_rate_per_tree","label":"col_sample_rate_per_tree","help":"(same as colsample_bytree) Column sample rate per tree (from 0.0 to 1.0)","required":false,"type":"double","default_value":1.0,"actual_value":1.0,"level":"secondary","values":[],"is_member_of_frames":[],"is_mutually_exclusive_with":[],"gridable":true},{"__meta":{"schema_version":3,"schema_name":"ModelParameterSchemaV3","schema_type":"Iced"},"name":"colsample_bytree","label":"colsample_bytree","help":"(same as col_sample_rate_per_tree) Column sample rate per tree (from 0.0 to 1.0)","required":false,"type":"double","default_value":1.0,"actual_value":1.0,"level":"secondary","values":[],"is_member_of_frames":[],"is_mutually_exclusive_with":[],"gridable":true},{"__meta":{"schema_version":3,"schema_name":"ModelParameterSchemaV3","schema_type":"Iced"},"name":"max_abs_leafnode_pred","label":"max_abs_leafnode_pred","help":"(same as max_delta_step) Maximum absolute value of a leaf node prediction","required":false,"type":"float","default_value":0.0,"actual_value":0.0,"level":"expert","values":[],"is_member_of_frames":[],"is_mutually_exclusive_with":[],"gridable":true},{"__meta":{"schema_version":3,"schema_name":"ModelParameterSchemaV3","schema_type":"Iced"},"name":"max_delta_step","label":"max_delta_step","help":"(same as max_abs_leafnode_pred) Maximum absolute value of a leaf node prediction","required":false,"type":"float","default_value":0.0,"actual_value":0.0,"level":"expert","values":[],"is_member_of_frames":[],"is_mutually_exclusive_with":[],"gridable":true},{"__meta":{"schema_version":3,"schema_name":"ModelParameterSchemaV3","schema_type":"Iced"},"name":"monotone_constraints","label":"monotone_constraints","help":"A mapping representing monotonic constraints. Use +1 to enforce an increasing constraint and -1 to specify a decreasing constraint.","required":false,"type":"KeyValue[]","default_value":null,"actual_value":null,"level":"secondary","values":[],"is_member_of_frames":[],"is_mutually_exclusive_with":[],"gridable":false},{"__meta":{"schema_version":3,"schema_name":"ModelParameterSchemaV3","schema_type":"Iced"},"name":"score_tree_interval","label":"score_tree_interval","help":"Score the model after every so many trees. Disabled if set to 0.","required":false,"type":"int","default_value":0,"actual_value":0,"level":"secondary","values":[],"is_member_of_frames":[],"is_mutually_exclusive_with":[],"gridable":false},{"__meta":{"schema_version":3,"schema_name":"ModelParameterSchemaV3","schema_type":"Iced"},"name":"min_split_improvement","label":"min_split_improvement","help":"(same as gamma) Minimum relative improvement in squared error reduction for a split to happen","required":false,"type":"float","default_value":0.0,"actual_value":0.0,"level":"secondary","values":[],"is_member_of_frames":[],"is_mutually_exclusive_with":[],"gridable":true},{"__meta":{"schema_version":3,"schema_name":"ModelParameterSchemaV3","schema_type":"Iced"},"name":"gamma","label":"gamma","help":"(same as min_split_improvement) Minimum relative improvement in squared error reduction for a split to happen","required":false,"type":"float","default_value":0.0,"actual_value":0.0,"level":"secondary","values":[],"is_member_of_frames":[],"is_mutually_exclusive_with":[],"gridable":true},{"__meta":{"schema_version":3,"schema_name":"ModelParameterSchemaV3","schema_type":"Iced"},"name":"nthread","label":"nthread","help":"Number of parallel threads that can be used to run XGBoost. Cannot exceed H2O cluster limits (-nthreads parameter). Defaults to maximum available","required":false,"type":"int","default_value":-1,"actual_value":-1,"level":"expert","values":[],"is_member_of_frames":[],"is_mutually_exclusive_with":[],"gridable":false},{"__meta":{"schema_version":3,"schema_name":"ModelParameterSchemaV3","schema_type":"Iced"},"name":"save_matrix_directory","label":"save_matrix_directory","help":"Directory where to save matrices passed to XGBoost library. Useful for debugging.","required":false,"type":"string","default_value":null,"actual_value":null,"level":"expert","values":[],"is_member_of_frames":[],"is_mutually_exclusive_with":[],"gridable":false},{"__meta":{"schema_version":3,"schema_name":"ModelParameterSchemaV3","schema_type":"Iced"},"name":"build_tree_one_node","label":"build_tree_one_node","help":"Run on one node only; no network overhead but fewer cpus used. Suitable for small datasets.","required":false,"type":"boolean","default_value":false,"actual_value":false,"level":"expert","values":[],"is_member_of_frames":[],"is_mutually_exclusive_with":[],"gridable":false},{"__meta":{"schema_version":3,"schema_name":"ModelParameterSchemaV3","schema_type":"Iced"},"name":"calibrate_model","label":"calibrate_model","help":"Use Platt Scaling to calculate calibrated class probabilities. Calibration can provide more accurate estimates of class probabilities.","required":false,"type":"boolean","default_value":false,"actual_value":false,"level":"expert","values":[],"is_member_of_frames":[],"is_mutually_exclusive_with":[],"gridable":false},{"__meta":{"schema_version":3,"schema_name":"ModelParameterSchemaV3","schema_type":"Iced"},"name":"calibration_frame","label":"calibration_frame","help":"Calibration frame for Platt Scaling","required":false,"type":"Key<Frame>","default_value":null,"actual_value":null,"level":"expert","values":[],"is_member_of_frames":[],"is_mutually_exclusive_with":[],"gridable":false},{"__meta":{"schema_version":3,"schema_name":"ModelParameterSchemaV3","schema_type":"Iced"},"name":"max_bins","label":"max_bins","help":"For tree_method=hist only: maximum number of bins","required":false,"type":"int","default_value":256,"actual_value":256,"level":"expert","values":[],"is_member_of_frames":[],"is_mutually_exclusive_with":[],"gridable":true},{"__meta":{"schema_version":3,"schema_name":"ModelParameterSchemaV3","schema_type":"Iced"},"name":"max_leaves","label":"max_leaves","help":"For tree_method=hist only: maximum number of leaves","required":false,"type":"int","default_value":0,"actual_value":0,"level":"secondary","values":[],"is_member_of_frames":[],"is_mutually_exclusive_with":[],"gridable":true},{"__meta":{"schema_version":3,"schema_name":"ModelParameterSchemaV3","schema_type":"Iced"},"name":"min_sum_hessian_in_leaf","label":"min_sum_hessian_in_leaf","help":"For tree_method=hist only: the mininum sum of hessian in a leaf to keep splitting","required":false,"type":"float","default_value":100.0,"actual_value":100.0,"level":"expert","values":[],"is_member_of_frames":[],"is_mutually_exclusive_with":[],"gridable":true},{"__meta":{"schema_version":3,"schema_name":"ModelParameterSchemaV3","schema_type":"Iced"},"name":"min_data_in_leaf","label":"min_data_in_leaf","help":"For tree_method=hist only: the mininum data in a leaf to keep splitting","required":false,"type":"float","default_value":0.0,"actual_value":0.0,"level":"expert","values":[],"is_member_of_frames":[],"is_mutually_exclusive_with":[],"gridable":true},{"__meta":{"schema_version":3,"schema_name":"ModelParameterSchemaV3","schema_type":"Iced"},"name":"sample_type","label":"sample_type","help":"For booster=dart only: sample_type","required":false,"type":"enum","default_value":"uniform","actual_value":"uniform","level":"expert","values":["uniform","weighted"],"is_member_of_frames":[],"is_mutually_exclusive_with":[],"gridable":true},{"__meta":{"schema_version":3,"schema_name":"ModelParameterSchemaV3","schema_type":"Iced"},"name":"normalize_type","label":"normalize_type","help":"For booster=dart only: normalize_type","required":false,"type":"enum","default_value":"tree","actual_value":"tree","level":"expert","values":["tree","forest"],"is_member_of_frames":[],"is_mutually_exclusive_with":[],"gridable":true},{"__meta":{"schema_version":3,"schema_name":"ModelParameterSchemaV3","schema_type":"Iced"},"name":"rate_drop","label":"rate_drop","help":"For booster=dart only: rate_drop (0..1)","required":false,"type":"float","default_value":0.0,"actual_value":0.0,"level":"expert","values":[],"is_member_of_frames":[],"is_mutually_exclusive_with":[],"gridable":true},{"__meta":{"schema_version":3,"schema_name":"ModelParameterSchemaV3","schema_type":"Iced"},"name":"one_drop","label":"one_drop","help":"For booster=dart only: one_drop","required":false,"type":"boolean","default_value":false,"actual_value":false,"level":"expert","values":[],"is_member_of_frames":[],"is_mutually_exclusive_with":[],"gridable":true},{"__meta":{"schema_version":3,"schema_name":"ModelParameterSchemaV3","schema_type":"Iced"},"name":"skip_drop","label":"skip_drop","help":"For booster=dart only: skip_drop (0..1)","required":false,"type":"float","default_value":0.0,"actual_value":0.0,"level":"expert","values":[],"is_member_of_frames":[],"is_mutually_exclusive_with":[],"gridable":true},{"__meta":{"schema_version":3,"schema_name":"ModelParameterSchemaV3","schema_type":"Iced"},"name":"tree_method","label":"tree_method","help":"Tree method","required":false,"type":"enum","default_value":"auto","actual_value":"auto","level":"secondary","values":["auto","exact","approx","hist"],"is_member_of_frames":[],"is_mutually_exclusive_with":[],"gridable":true},{"__meta":{"schema_version":3,"schema_name":"ModelParameterSchemaV3","schema_type":"Iced"},"name":"grow_policy","label":"grow_policy","help":"Grow policy - depthwise is standard GBM, lossguide is LightGBM","required":false,"type":"enum","default_value":"depthwise","actual_value":"depthwise","level":"secondary","values":["depthwise","lossguide"],"is_member_of_frames":[],"is_mutually_exclusive_with":[],"gridable":true},{"__meta":{"schema_version":3,"schema_name":"ModelParameterSchemaV3","schema_type":"Iced"},"name":"booster","label":"booster","help":"Booster type","required":false,"type":"enum","default_value":"gbtree","actual_value":"dart","level":"expert","values":["gbtree","gblinear","dart"],"is_member_of_frames":[],"is_mutually_exclusive_with":[],"gridable":true},{"__meta":{"schema_version":3,"schema_name":"ModelParameterSchemaV3","schema_type":"Iced"},"name":"reg_lambda","label":"reg_lambda","help":"L2 regularization","required":false,"type":"float","default_value":1.0,"actual_value":1.0,"level":"expert","values":[],"is_member_of_frames":[],"is_mutually_exclusive_with":[],"gridable":true},{"__meta":{"schema_version":3,"schema_name":"ModelParameterSchemaV3","schema_type":"Iced"},"name":"reg_alpha","label":"reg_alpha","help":"L1 regularization","required":false,"type":"float","default_value":0.0,"actual_value":0.0,"level":"expert","values":[],"is_member_of_frames":[],"is_mutually_exclusive_with":[],"gridable":true},{"__meta":{"schema_version":3,"schema_name":"ModelParameterSchemaV3","schema_type":"Iced"},"name":"dmatrix_type","label":"dmatrix_type","help":"Type of DMatrix. For sparse, NAs and 0 are treated equally.","required":false,"type":"enum","default_value":"auto","actual_value":"auto","level":"secondary","values":["auto","dense","sparse"],"is_member_of_frames":[],"is_mutually_exclusive_with":[],"gridable":true},{"__meta":{"schema_version":3,"schema_name":"ModelParameterSchemaV3","schema_type":"Iced"},"name":"backend","label":"backend","help":"Backend. By default (auto), a GPU is used if available.","required":false,"type":"enum","default_value":"auto","actual_value":"auto","level":"expert","values":["auto","gpu","cpu"],"is_member_of_frames":[],"is_mutually_exclusive_with":[],"gridable":true},{"__meta":{"schema_version":3,"schema_name":"ModelParameterSchemaV3","schema_type":"Iced"},"name":"gpu_id","label":"gpu_id","help":"Which GPU to use. ","required":false,"type":"int","default_value":0,"actual_value":0,"level":"expert","values":[],"is_member_of_frames":[],"is_mutually_exclusive_with":[],"gridable":false},{"__meta":{"schema_version":3,"schema_name":"ModelParameterSchemaV3","schema_type":"Iced"},"name":"gainslift_bins","label":"gainslift_bins","help":"Gains/Lift table number of bins. 0 means disabled.. Default value -1 means automatic binning.","required":false,"type":"int","default_value":-1,"actual_value":-1,"level":"secondary","values":[],"is_member_of_frames":[],"is_mutually_exclusive_with":[],"gridable":false}],"output":{"__meta":{"schema_version":3,"schema_name":"XGBoostModelOutputV3","schema_type":"XGBoostOutput"},"names":["T_Percent","R_Percent","IsGood_class"],"original_names":null,"column_types":["Numeric","Numeric","Enum"],"domains":[null,null,["false-true","true-true"]],"cross_validation_models":null,"cross_validation_predictions":null,"cross_validation_holdout_predictions_frame_id":null,"cross_validation_fold_assignment_frame_id":null,"model_category":"Binomial","model_summary":{"__meta":{"schema_version":3,"schema_name":"TwoDimTableV3","schema_type":"TwoDimTable"},"name":"Model Summary","description":"","columns":[{"__meta":{"schema_version":-1,"schema_name":"ColumnSpecsBase","schema_type":"Iced"},"name":"","type":"string","format":"%s","description":""},{"__meta":{"schema_version":-1,"schema_name":"ColumnSpecsBase","schema_type":"Iced"},"name":"number_of_trees","type":"long","format":"%d","description":"Number of Trees"}],"rowcount":1,"data":[[""],[50]]},"scoring_history":{"__meta":{"schema_version":3,"schema_name":"TwoDimTableV3","schema_type":"TwoDimTable"},"name":"Scoring History","description":"","columns":[{"__meta":{"schema_version":-1,"schema_name":"ColumnSpecsBase","schema_type":"Iced"},"name":"","type":"string","format":"%s","description":""},{"__meta":{"schema_version":-1,"schema_name":"ColumnSpecsBase","schema_type":"Iced"},"name":"timestamp","type":"string","format":"%s","description":"Timestamp"},{"__meta":{"schema_version":-1,"schema_name":"ColumnSpecsBase","schema_type":"Iced"},"name":"duration","type":"string","format":"%s","description":"Duration"},{"__meta":{"schema_version":-1,"schema_name":"ColumnSpecsBase","schema_type":"Iced"},"name":"number_of_trees","type":"long","format":"%d","description":"Number of Trees"},{"__meta":{"schema_version":-1,"schema_name":"ColumnSpecsBase","schema_type":"Iced"},"name":"training_rmse","type":"double","format":"%.5f","description":"Training RMSE"},{"__meta":{"schema_version":-1,"schema_name":"ColumnSpecsBase","schema_type":"Iced"},"name":"training_logloss","type":"double","format":"%.5f","description":"Training LogLoss"},{"__meta":{"schema_version":-1,"schema_name":"ColumnSpecsBase","schema_type":"Iced"},"name":"training_auc","type":"double","format":"%.5f","description":"Training AUC"},{"__meta":{"schema_version":-1,"schema_name":"ColumnSpecsBase","schema_type":"Iced"},"name":"training_pr_auc","type":"double","format":"%.5f","description":"Training pr_auc"},{"__meta":{"schema_version":-1,"schema_name":"ColumnSpecsBase","schema_type":"Iced"},"name":"training_lift","type":"double","format":"%.5f","description":"Training Lift"},{"__meta":{"schema_version":-1,"schema_name":"ColumnSpecsBase","schema_type":"Iced"},"name":"training_classification_error","type":"double","format":"%.5f","description":"Training Classification Error"},{"__meta":{"schema_version":-1,"schema_name":"ColumnSpecsBase","schema_type":"Iced"},"name":"validation_rmse","type":"double","format":"%.5f","description":"Validation RMSE"},{"__meta":{"schema_version":-1,"schema_name":"ColumnSpecsBase","schema_type":"Iced"},"name":"validation_logloss","type":"double","format":"%.5f","description":"Validation LogLoss"},{"__meta":{"schema_version":-1,"schema_name":"ColumnSpecsBase","schema_type":"Iced"},"name":"validation_auc","type":"double","format":"%.5f","description":"Validation AUC"},{"__meta":{"schema_version":-1,"schema_name":"ColumnSpecsBase","schema_type":"Iced"},"name":"validation_pr_auc","type":"double","format":"%.5f","description":"Validation pr_auc"},{"__meta":{"schema_version":-1,"schema_name":"ColumnSpecsBase","schema_type":"Iced"},"name":"validation_lift","type":"double","format":"%.5f","description":"Validation Lift"},{"__meta":{"schema_version":-1,"schema_name":"ColumnSpecsBase","schema_type":"Iced"},"name":"validation_classification_error","type":"double","format":"%.5f","description":"Validation Classification Error"}],"rowcount":51,"data":[["","","","","","","","","","","","","","","","","","","","","","","","","","","","","","","","","","","","","","","","","","","","","","","","","","",""],["2020-08-28 16:20:24","2020-08-28 16:20:24","2020-08-28 16:20:24","2020-08-28 16:20:24","2020-08-28 16:20:24","2020-08-28 16:20:24","2020-08-28 16:20:24","2020-08-28 16:20:25","2020-08-28 16:20:25","2020-08-28 16:20:25","2020-08-28 16:20:25","2020-08-28 16:20:25","2020-08-28 16:20:25","2020-08-28 16:20:25","2020-08-28 16:20:25","2020-08-28 16:20:25","2020-08-28 16:20:25","2020-08-28 16:20:25","2020-08-28 16:20:25","2020-08-28 16:20:25","2020-08-28 16:20:25","2020-08-28 16:20:25","2020-08-28 16:20:25","2020-08-28 16:20:25","2020-08-28 16:20:25","2020-08-28 16:20:25","2020-08-28 16:20:25","2020-08-28 16:20:25","2020-08-28 16:20:25","2020-08-28 16:20:25","2020-08-28 16:20:25","2020-08-28 16:20:25","2020-08-28 16:20:25","2020-08-28 16:20:25","2020-08-28 16:20:25","2020-08-28 16:20:25","2020-08-28 16:20:25","2020-08-28 16:20:25","2020-08-28 16:20:25","2020-08-28 16:20:25","2020-08-28 16:20:25","2020-08-28 16:20:25","2020-08-28 16:20:26","2020-08-28 16:20:26","2020-08-28 16:20:26","2020-08-28 16:20:26","2020-08-28 16:20:26","2020-08-28 16:20:26","2020-08-28 16:20:26","2020-08-28 16:20:26","2020-08-28 16:20:26"],[" 0.005 sec"," 0.067 sec"," 0.107 sec"," 0.123 sec"," 0.142 sec"," 0.159 sec"," 0.177 sec"," 0.204 sec"," 0.224 sec"," 0.244 sec"," 0.264 sec"," 0.283 sec"," 0.301 sec"," 0.321 sec"," 0.342 sec"," 0.362 sec"," 0.385 sec"," 0.407 sec"," 0.461 sec"," 0.487 sec"," 0.517 sec"," 0.543 sec"," 0.566 sec"," 0.589 sec"," 0.614 sec"," 0.641 sec"," 0.678 sec"," 0.702 sec"," 0.728 sec"," 0.754 sec"," 0.788 sec"," 0.817 sec"," 0.846 sec"," 0.878 sec"," 0.913 sec"," 0.947 sec"," 0.984 sec"," 1.023 sec"," 1.060 sec"," 1.097 sec"," 1.133 sec"," 1.176 sec"," 1.215 sec"," 1.257 sec"," 1.299 sec"," 1.341 sec"," 1.390 sec"," 1.429 sec"," 1.478 sec"," 1.516 sec"," 1.556 sec"],[0,1,2,3,4,5,6,7,8,9,10,11,12,13,14,15,16,17,18,19,20,21,22,23,24,25,26,27,28,29,30,31,32,33,34,35,36,37,38,39,40,41,42,43,44,45,46,47,48,49,50],[0.5,0.35661437494292925,0.26097103742123107,0.19439154810309958,0.14768299254408854,0.11520496698645555,0.09312360816798844,0.07861647304742284,0.06947279587992397,0.06394329545647377,0.06071319101374589,0.05887272122114127,0.05784055549386982,0.05726696369720824,0.05695159058924706,0.05677785316767898,0.05668407017421994,0.05663037351552325,0.05660071421474686,0.056585430617417026,0.05657581779862889,0.05657138493734892,0.05656641743805644,0.05656521559110598,0.05656380258102314,0.05656352856517484,0.05656344109491186,0.0565634475514235,0.05656349750955959,0.05656356397053924,0.056563632934844434,0.0565636977277216,0.05656375544263816,0.05656363720837665,0.0565636731474144,0.05656225438425712,0.056561078865232484,0.05656050128881517,0.056560204939687476,0.05656003094615979,0.05655867136129854,0.05655776075339398,0.05655772457280395,0.05655770493097061,0.056557692964266784,0.0565576543617303,0.056557643481024066,0.05655763563871882,0.05655765894566988,0.056557653599641586,0.056557685261374044],[0.6931471805599415,0.44087607776230825,0.30166305508418667,0.21414375827092885,0.15576960367663906,0.1155210180263978,0.08719117411809141,0.06697571568646846,0.05241194793483546,0.04184668444315427,0.034142134089045366,0.028501349877281434,0.0243588248222841,0.02130947016718369,0.019064779273572297,0.017409028072379384,0.016195178412368734,0.015286944974620924,0.01461557241588103,0.014125221986091313,0.013755086089410645,0.013486567087436936,0.013278076518573014,0.013130760576137818,0.013016740482816622,0.012935577329648267,0.01287524004496176,0.012830234071223752,0.012796548850055888,0.012771191009718472,0.012751975225399352,0.012737304284511945,0.01272597991342182,0.012717773383264987,0.01271062284953896,0.012705428939229125,0.012701073995751004,0.012696882606910957,0.012694208021463475,0.012692325281212412,0.012681540172014115,0.012673187395319984,0.012672160320869765,0.012671728361069426,0.012671474530183474,0.012670721298340562,0.012670516506608725,0.012670385794440174,0.012667920178607678,0.01266777345109381,0.012665912139737365],[0.5,0.9996676493936945,0.9996676493936945,0.9996676493936945,0.9996676493936945,0.9996676493936945,0.9996676493936945,0.9996676493936945,0.9996676493936945,0.9996676493936945,0.9996676493936945,0.9996676493936945,0.9996676493936945,0.9996676493936945,0.9996676493936945,0.9996676493936945,0.9996676493936945,0.9996676493936945,0.9996676493936945,0.9996676493936945,0.9996676493936945,0.9996676493936945,0.9996676493936945,0.9996676493936945,0.9996676493936945,0.9996676493936945,0.9996676493936945,0.9996676493936945,0.9996676493936945,0.9996676493936945,0.9996676493936945,0.9996676493936945,0.9996676493936945,0.9996676493936945,0.9996676493936945,0.9996676493936945,0.9996676493936945,0.9996676493936945,0.9996676493936945,0.9996676493936945,0.9996676493936945,0.9996676493936945,0.9996676493936945,0.9996676493936945,0.9996676493936945,0.9996676493936945,0.9996676493936945,0.9996676493936945,0.9996676493936945,0.9996676493936945,0.9996676493936945],[0.45995012701298105,0.9995974133620515,0.9995974133620515,0.9995974133620515,0.9995974133620515,0.9995974133620515,0.9995974133620515,0.9995974133620515,0.9995974133620515,0.9995974133620515,0.9995974133620515,0.9995974133620515,0.9995974133620515,0.9995974133620515,0.9995974133620515,0.9995974133620515,0.9995974133620515,0.9995974133620515,0.9995974133620515,0.9995974133620515,0.9995974133620515,0.9995974133620515,0.9995974133620515,0.9995974133620515,0.9995974133620515,0.9995974133620515,0.9995974133620515,0.9995974133620515,0.9995974133620515,0.9995974133620515,0.9995974133620515,0.9995974133620515,0.9995974133620515,0.9995974133620515,0.9995974133620515,0.9995974133620515,0.9995974133620515,0.9995974133620515,0.9995974133620515,0.9995974133620515,0.9995974133620515,0.9995974133620515,0.9995974133620515,0.9995974133620515,0.9995974133620515,0.9995974133620515,0.9995974133620515,0.9995974133620515,0.9995974133620515,0.9995974133620515,0.9995974133620515],[1.0,2.174148763680584,2.174148763680584,2.174148763680584,2.174148763680584,2.174148763680584,2.174148763680584,2.174148763680584,2.174148763680584,2.174148763680584,2.174148763680584,2.174148763680584,2.174148763680584,2.174148763680584,2.174148763680584,2.174148763680584,2.174148763680584,2.174148763680584,2.174148763680584,2.174148763680584,2.174148763680584,2.174148763680584,2.174148763680584,2.174148763680584,2.174148763680584,2.174148763680584,2.174148763680584,2.174148763680584,2.174148763680584,2.174148763680584,2.174148763680584,2.174148763680584,2.174148763680584,2.174148763680584,2.174148763680584,2.174148763680584,2.174148763680584,2.174148763680584,2.174148763680584,2.174148763680584,2.174148763680584,2.174148763680584,2.174148763680584,2.174148763680584,2.174148763680584,2.174148763680584,2.174148763680584,2.174148763680584,2.174148763680584,2.174148763680584,2.174148763680584],[0.540049872987019,0.0034258547157938893,0.0034258547157938893,0.0034258547157938893,0.0034258547157938893,0.0034258547157938893,0.0034258547157938893,0.0034258547157938893,0.0034258547157938893,0.0034258547157938893,0.0034258547157938893,0.0034258547157938893,0.0034258547157938893,0.0034258547157938893,0.0034258547157938893,0.0034258547157938893,0.0034258547157938893,0.0034258547157938893,0.0034258547157938893,0.0034258547157938893,0.0034258547157938893,0.0034258547157938893,0.0034258547157938893,0.0034258547157938893,0.0034258547157938893,0.0034258547157938893,0.0034258547157938893,0.0034258547157938893,0.0034258547157938893,0.0034258547157938893,0.0034258547157938893,0.0034258547157938893,0.0034258547157938893,0.0034258547157938893,0.0034258547157938893,0.0034258547157938893,0.0034258547157938893,0.0034258547157938893,0.0034258547157938893,0.0034258547157938893,0.0034258547157938893,0.0034258547157938893,0.0034258547157938893,0.0034258547157938893,0.0034258547157938893,0.0034258547157938893,0.0034258547157938893,0.0034258547157938893,0.0034258547157938893,0.0034258547157938893,0.0034258547157938893],[0.5,0.35689396675074797,0.26154659086074306,0.19530979529065223,0.149003282500146,0.1169815539239497,0.09538136234499306,0.08133002365925499,0.07256718790072719,0.06731945820645721,0.06427812969194754,0.06255561826445405,0.06159406171051351,0.06106177246288624,0.060769444319897295,0.06060887220832246,0.06052212273570904,0.06047301334521938,0.060446001966341034,0.060431944179427946,0.060423380169977094,0.060419304683746115,0.060415761602033956,0.06041461753640202,0.06041346042632325,0.0604131765530667,0.06041306557774085,0.06041304314260521,0.06041306357298824,0.06041310208934522,0.060413146241287255,0.06041318930317775,0.0604132283234007,0.060413145146714545,0.06041316988685247,0.06041235137021802,0.06041170411697691,0.060411320645569,0.060411154339802126,0.060411071836912036,0.060410291758798224,0.06040977459672287,0.06040974950825977,0.06040961704715038,0.06040952579300525,0.0604095558767838,0.0604094809075995,0.06040942791180389,0.06040948645051522,0.060409428688367246,0.06040949550117921],[0.6931471805600834,0.4412926616021364,0.30234138617337697,0.21501940287092522,0.1568043327768476,0.11668740869914239,0.08846715196942097,0.0683423671405796,0.05385268959446272,0.043347026405824454,0.03568965310893012,0.030085663199349046,0.025971481039645604,0.02294375348162443,0.020713663801533028,0.01906884129065799,0.017861528893156967,0.016960109364286248,0.016293424718259085,0.015805437498061497,0.015438122035083343,0.01517078094059807,0.014965871514871712,0.01481910708215514,0.014706176510677424,0.014625274409755218,0.014565111886494913,0.01452022127694937,0.014486611272054676,0.014461301454997041,0.014442115927615138,0.014427463615017535,0.014416150169844917,0.014408176399492458,0.014401046340219876,0.014397614960264827,0.014394964361727021,0.014391452460515975,0.014389335064155698,0.014387845831714503,0.014378746898804229,0.01437171461628395,0.014370875131028533,0.014370315930703299,0.014369970723090908,0.014369456982509967,0.014369175196213725,0.01436898864622897,0.014366457752353727,0.014366248372156562,0.014364338067383508],[0.5,0.999577566260029,0.999577566260029,0.999577566260029,0.999577566260029,0.999577566260029,0.999577566260029,0.999577566260029,0.999577566260029,0.999577566260029,0.999577566260029,0.999577566260029,0.999577566260029,0.999577566260029,0.999577566260029,0.999577566260029,0.999577566260029,0.999577566260029,0.999577566260029,0.999577566260029,0.999577566260029,0.999577566260029,0.999577566260029,0.999577566260029,0.999577566260029,0.999577566260029,0.999577566260029,0.999577566260029,0.999577566260029,0.999577566260029,0.999577566260029,0.999577566260029,0.999577566260029,0.999577566260029,0.999577566260029,0.999577566260029,0.999577566260029,0.999577566260029,0.999577566260029,0.999577566260029,0.999577566260029,0.999577566260029,0.999577566260029,0.999577566260029,0.999577566260029,0.999577566260029,0.999577566260029,0.999577566260029,0.999577566260029,0.999577566260029,0.999577566260029],[0.46740253384807784,0.9995018986742122,0.9995018986742122,0.9995018986742122,0.9995018986742122,0.9995018986742122,0.9995018986742122,0.9995018986742122,0.9995018986742122,0.9995018986742122,0.9995018986742122,0.9995018986742122,0.9995018986742122,0.9995018986742122,0.9995018986742122,0.9995018986742122,0.9995018986742122,0.9995018986742122,0.9995018986742122,0.9995018986742122,0.9995018986742122,0.9995018986742122,0.9995018986742122,0.9995018986742122,0.9995018986742122,0.9995018986742122,0.9995018986742122,0.9995018986742122,0.9995018986742122,0.9995018986742122,0.9995018986742122,0.9995018986742122,0.9995018986742122,0.9995018986742122,0.9995018986742122,0.9995018986742122,0.9995018986742122,0.9995018986742122,0.9995018986742122,0.9995018986742122,0.9995018986742122,0.9995018986742122,0.9995018986742122,0.9995018986742122,0.9995018986742122,0.9995018986742122,0.9995018986742122,0.9995018986742122,0.9995018986742122,0.9995018986742122,0.9995018986742122],[1.0,2.1394834806886927,2.1394834806886927,2.1394834806886927,2.1394834806886927,2.1394834806886927,2.1394834806886927,2.1394834806886927,2.1394834806886927,2.1394834806886927,2.1394834806886927,2.1394834806886927,2.1394834806886927,2.1394834806886927,2.1394834806886927,2.1394834806886927,2.1394834806886927,2.1394834806886927,2.1394834806886927,2.1394834806886927,2.1394834806886927,2.1394834806886927,2.1394834806886927,2.1394834806886927,2.1394834806886927,2.1394834806886927,2.1394834806886927,2.1394834806886927,2.1394834806886927,2.1394834806886927,2.1394834806886927,2.1394834806886927,2.1394834806886927,2.1394834806886927,2.1394834806886927,2.1394834806886927,2.1394834806886927,2.1394834806886927,2.1394834806886927,2.1394834806886927,2.1394834806886927,2.1394834806886927,2.1394834806886927,2.1394834806886927,2.1394834806886927,2.1394834806886927,2.1394834806886927,2.1394834806886927,2.1394834806886927,2.1394834806886927,2.1394834806886927],[0.5325974661519222,0.0039149584035669625,0.0039149584035669625,0.0039149584035669625,0.0039149584035669625,0.0039149584035669625,0.0039149584035669625,0.0039149584035669625,0.0039149584035669625,0.0039149584035669625,0.0039149584035669625,0.0039149584035669625,0.0039149584035669625,0.0039149584035669625,0.0039149584035669625,0.0039149584035669625,0.0039149584035669625,0.0039149584035669625,0.0039149584035669625,0.0039149584035669625,0.0039149584035669625,0.0039149584035669625,0.0039149584035669625,0.0039149584035669625,0.0039149584035669625,0.0039149584035669625,0.0039149584035669625,0.0039149584035669625,0.0039149584035669625,0.0039149584035669625,0.0039149584035669625,0.0039149584035669625,0.0039149584035669625,0.0039149584035669625,0.0039149584035669625,0.0039149584035669625,0.0039149584035669625,0.0039149584035669625,0.0039149584035669625,0.0039149584035669625,0.0039149584035669625,0.0039149584035669625,0.0039149584035669625,0.0039149584035669625,0.0039149584035669625,0.0039149584035669625,0.0039149584035669625,0.0039149584035669625,0.0039149584035669625,0.0039149584035669625,0.0039149584035669625]]},"training_metrics":{"__meta":{"schema_version":3,"schema_name":"ModelMetricsBinomialV3","schema_type":"ModelMetricsBinomial"},"model":{"__meta":{"schema_version":3,"schema_name":"ModelKeyV3","schema_type":"Key<Model>"},"name":"XGBoost_model_python_1598621417558_425","type":"Key<Model>","URL":"/3/Models/XGBoost_model_python_1598621417558_425"},"model_checksum":-4172431337726990266,"frame":{"__meta":{"schema_version":3,"schema_name":"FrameKeyV3","schema_type":"Key<Frame>"},"name":"py_52_sid_ae5a","type":"Key<Frame>","URL":"/3/Frames/py_52_sid_ae5a"},"frame_checksum":-5669347601917780232,"description":null,"model_category":"Binomial","scoring_time":1598624426369,"predictions":null,"MSE":0.0031987717621246464,"RMSE":0.056557685261374044,"nobs":42909,"custom_metric_name":null,"custom_metric_value":0.0,"r2":0.9871222899591593,"logloss":0.012665912139737365,"AUC":0.9996676493936945,"pr_auc":0.9995974133620515,"Gini":0.9993352987873889,"mean_per_class_error":0.003171794761144435,"domain":["false-true","true-true"],"cm":{"__meta":{"schema_version":3,"schema_name":"ConfusionMatrixV3","schema_type":"ConfusionMatrix"},"table":{"__meta":{"schema_version":3,"schema_name":"TwoDimTableV3","schema_type":"TwoDimTable"},"name":"Confusion Matrix","description":"Row labels: Actual class; Column labels: Predicted class","columns":[{"__meta":{"schema_version":-1,"schema_name":"ColumnSpecsBase","schema_type":"Iced"},"name":"false-true","type":"long","format":"%d","description":"false-true"},{"__meta":{"schema_version":-1,"schema_name":"ColumnSpecsBase","schema_type":"Iced"},"name":"true-true","type":"long","format":"%d","description":"true-true"},{"__meta":{"schema_version":-1,"schema_name":"ColumnSpecsBase","schema_type":"Iced"},"name":"Error","type":"double","format":"%.4f","description":"Error"},{"__meta":{"schema_version":-1,"schema_name":"ColumnSpecsBase","schema_type":"Iced"},"name":"Rate","type":"string","format":"= %12s","description":"Rate"}],"rowcount":3,"data":[[23026,0,23026],[147,19736,19883],[0.00634358952228887,0.0,0.0034258547157938893],["147 / 23,173","0 / 19,736","147 / 42,909"]]}},"thresholds_and_metric_scores":{"__meta":{"schema_version":3,"schema_name":"TwoDimTableV3","schema_type":"TwoDimTable"},"name":"Metrics for Thresholds","description":"Binomial metrics as a function of classification thresholds","columns":[{"__meta":{"schema_version":-1,"schema_name":"ColumnSpecsBase","schema_type":"Iced"},"name":"threshold","type":"double","format":"%f","description":"Threshold"},{"__meta":{"schema_version":-1,"schema_name":"ColumnSpecsBase","schema_type":"Iced"},"name":"f1","type":"double","format":"%f","description":"f1"},{"__meta":{"schema_version":-1,"schema_name":"ColumnSpecsBase","schema_type":"Iced"},"name":"f2","type":"double","format":"%f","description":"f2"},{"__meta":{"schema_version":-1,"schema_name":"ColumnSpecsBase","schema_type":"Iced"},"name":"f0point5","type":"double","format":"%f","description":"f0point5"},{"__meta":{"schema_version":-1,"schema_name":"ColumnSpecsBase","schema_type":"Iced"},"name":"accuracy","type":"double","format":"%f","description":"accuracy"},{"__meta":{"schema_version":-1,"schema_name":"ColumnSpecsBase","schema_type":"Iced"},"name":"precision","type":"double","format":"%f","description":"precision"},{"__meta":{"schema_version":-1,"schema_name":"ColumnSpecsBase","schema_type":"Iced"},"name":"recall","type":"double","format":"%f","description":"recall"},{"__meta":{"schema_version":-1,"schema_name":"ColumnSpecsBase","schema_type":"Iced"},"name":"specificity","type":"double","format":"%f","description":"specificity"},{"__meta":{"schema_version":-1,"schema_name":"ColumnSpecsBase","schema_type":"Iced"},"name":"absolute_mcc","type":"double","format":"%f","description":"absolute_mcc"},{"__meta":{"schema_version":-1,"schema_name":"ColumnSpecsBase","schema_type":"Iced"},"name":"min_per_class_accuracy","type":"double","format":"%f","description":"min_per_class_accuracy"},{"__meta":{"schema_version":-1,"schema_name":"ColumnSpecsBase","schema_type":"Iced"},"name":"mean_per_class_accuracy","type":"double","format":"%f","description":"mean_per_class_accuracy"},{"__meta":{"schema_version":-1,"schema_name":"ColumnSpecsBase","schema_type":"Iced"},"name":"tns","type":"long","format":"%d","description":"tns"},{"__meta":{"schema_version":-1,"schema_name":"ColumnSpecsBase","schema_type":"Iced"},"name":"fns","type":"long","format":"%d","description":"fns"},{"__meta":{"schema_version":-1,"schema_name":"ColumnSpecsBase","schema_type":"Iced"},"name":"fps","type":"long","format":"%d","description":"fps"},{"__meta":{"schema_version":-1,"schema_name":"ColumnSpecsBase","schema_type":"Iced"},"name":"tps","type":"long","format":"%d","description":"tps"},{"__meta":{"schema_version":-1,"schema_name":"ColumnSpecsBase","schema_type":"Iced"},"name":"tnr","type":"double","format":"%f","description":"tnr"},{"__meta":{"schema_version":-1,"schema_name":"ColumnSpecsBase","schema_type":"Iced"},"name":"fnr","type":"double","format":"%f","description":"fnr"},{"__meta":{"schema_version":-1,"schema_name":"ColumnSpecsBase","schema_type":"Iced"},"name":"fpr","type":"double","format":"%f","description":"fpr"},{"__meta":{"schema_version":-1,"schema_name":"ColumnSpecsBase","schema_type":"Iced"},"name":"tpr","type":"double","format":"%f","description":"tpr"},{"__meta":{"schema_version":-1,"schema_name":"ColumnSpecsBase","schema_type":"Iced"},"name":"idx","type":"int","format":"%d","description":"idx"}],"rowcount":34,"data":[[0.9999847412109375,0.9999648332595825,0.9997450709342957,0.9997068047523499,0.99965500831604,0.9996247291564941,0.9995959401130676,0.9994484782218933,0.999382495880127,0.9993220567703247,0.9991645812988281,0.9989203214645386,0.9988221526145935,0.9983744621276855,0.9970654845237732,0.995299220085144,0.9932368397712708,0.992141604423523,0.9333024024963379,0.013399907387793064,0.008664305321872234,1.1121921852463856E-4,8.177438576240093E-5,5.977968976367265E-5,5.495788354892284E-5,5.1033148338319734E-5,4.1505049011902884E-5,3.7071455153636634E-5,3.376007589395158E-5,3.0505720133078285E-5,2.7960077204625122E-5,2.5170847948174924E-5,2.2118876586318947E-5,2.163904173357878E-5],[0.6596033686498234,0.9222662116040956,0.9227662245510616,0.9278574532811821,0.9288757428563675,0.9307037980170125,0.9323235055450365,0.9338807260155575,0.9348588698796482,0.936380049042063,0.9435820575955466,0.9438364594760924,0.9438647187884626,0.9439494876528346,0.944175471445767,0.9443448958305475,0.94454248890315,0.9447117955298898,0.9962896590019941,0.9953098996419385,0.99418179986399,0.9893475699927312,0.9444643839877491,0.9351117007415128,0.917718723117342,0.903704382068776,0.8779359430604983,0.865044926583388,0.8476206837313177,0.7085517340417893,0.6985700127424607,0.6902871532999895,0.6364809081527348,0.6300901907574428],[0.5477350658725861,0.8811682823244602,0.8818988002086594,0.889360993085062,0.8908587430641585,0.8935519444039867,0.8959429391336896,0.8982459057278244,0.8996945962229655,0.9019508092899636,0.9126869071780639,0.9130677876600988,0.9131101033318838,0.9132370450898172,0.9135755178946715,0.913829335707409,0.9141254166407885,0.9143791661491326,0.9985125522377488,0.9981186656686829,0.9976645671361122,0.9957116189899601,0.9770200295046583,0.9729932261213383,0.9653782564885196,0.9591198024998543,0.9473158743568083,0.9412617562334268,0.9329148389048555,0.8587141912353372,0.8528069690265486,0.8478391614399863,0.8140302250379463,0.8098282356610014],[0.8288952615048477,0.9673853274068642,0.9676053113553114,0.9698373762151358,0.970282098961404,0.9710790520984082,0.9717836521111511,0.972459724597246,0.9728837167505392,0.9735420682235868,0.9766421416541088,0.9767511408444466,0.9767632465000887,0.9767995570321151,0.9768963379533279,0.976968878657754,0.9770534607895205,0.9771259180603487,0.9940766410122093,0.9925168973286128,0.9907232641259388,0.9830643554492927,0.9140083731614241,0.9000693202962531,0.8745435853805522,0.8543427067460867,0.8180250679753299,0.8002465291293629,0.776616508216332,0.6030900112452942,0.5915783415663517,0.5821142048135913,0.5225145084085229,0.515644921932153],[0.7663893355706262,0.9336502831573795,0.9340464704374374,0.9381015637744995,0.9389172434687362,0.9403854669183621,0.9416905544291407,0.9429490316716773,0.9437414062317928,0.9449765783402083,0.9508727772728333,0.9510825234799226,0.9511058286140437,0.9511757440164068,0.9513621850893752,0.9515020158941014,0.9516651518329488,0.9518049826376751,0.9965741452842061,0.9956652450534853,0.9946165140180382,0.9900953179985551,0.9459087837050503,0.9361672376424527,0.9175231303456152,0.9019786058868768,0.8721014239436948,0.8564869840825934,0.8346267682770514,0.6216178424106831,0.6030669556503298,0.58726607471626,0.47460905637511946,0.45995012701298094],[1.0,1.0,1.0,1.0,1.0,1.0,1.0,1.0,1.0,1.0,1.0,1.0,1.0,1.0,1.0,1.0,1.0,1.0,0.9926067494844842,0.9906635879931733,0.9884309110031552,0.9789196964436288,0.8947726345377884,0.8781312569521691,0.8479484425349088,0.8243254531785147,0.782429432286711,0.7621842897968641,0.7355396541443053,0.5486489491826977,0.5367711053089643,0.527052288628959,0.46679280983916743,0.45995012701298094],[0.49209566274827726,0.85574584515606,0.8566072152411837,0.8654235914065667,0.8671970004053506,0.8703891366031618,0.873226591001216,0.875962707742197,0.8776854479124443,0.8803708958248885,0.8931901094446696,0.8936461289014997,0.8936967977300365,0.8938488042156465,0.89425415484394,0.8945581678151601,0.8949128496149169,0.895216862586137,1.0,1.0,1.0,1.0,1.0,1.0,1.0,1.0,1.0,1.0,1.0,1.0,1.0,1.0,1.0,1.0],[1.0,1.0,1.0,1.0,1.0,1.0,1.0,1.0,1.0,1.0,1.0,1.0,1.0,1.0,1.0,1.0,1.0,1.0,0.9936564104777111,0.9919734173391447,0.9900315021792604,0.9816596901566478,0.8998403314201873,0.8818020972683727,0.8472791610926509,0.818495663056143,0.7631726578345488,0.7342596987873818,0.6937815561213482,0.2993570103137272,0.26500668881888406,0.23574850040995987,0.02714365856816122,0.0],[0.586092926850592,0.8729912369770034,0.8737159558695996,0.8811537617374666,0.8826543513615085,0.8853592506880732,0.8877677835548353,0.8900940568820763,0.8915606560995792,0.8938497894552053,0.9048278494897183,0.9052199434243535,0.9052635161689365,0.9053942425104705,0.9057429055827075,0.906004459728418,0.9063096678783974,0.9065713277570947,0.9931314413050778,0.9913182863314116,0.9892308828685387,0.9802887359850119,0.8973029053826794,0.879964762963458,0.8476137357551478,0.8214053861361051,0.772741062326978,0.74809171031814,0.7143555458181832,0.40526770058703226,0.37715770344987143,0.35249366899550755,0.11256315850377942,0.0],[0.49209566274827726,0.85574584515606,0.8566072152411837,0.8654235914065667,0.8671970004053506,0.8703891366031618,0.873226591001216,0.875962707742197,0.8776854479124443,0.8803708958248885,0.8931901094446696,0.8936461289014997,0.8936967977300365,0.8938488042156465,0.89425415484394,0.8945581678151601,0.8949128496149169,0.895216862586137,0.9936564104777111,0.9919734173391447,0.9900315021792604,0.9816596901566478,0.8998403314201873,0.8818020972683727,0.8472791610926509,0.818495663056143,0.7631726578345488,0.7342596987873818,0.6937815561213482,0.2993570103137272,0.26500668881888406,0.23574850040995987,0.02714365856816122,0.0],[0.7460478313741387,0.92787292257803,0.9283036076205918,0.9327117957032833,0.9335985002026753,0.9351945683015809,0.936613295500608,0.9379813538710985,0.9388427239562221,0.9401854479124443,0.9465950547223347,0.9468230644507498,0.9468483988650183,0.9469244021078232,0.94712707742197,0.94727908390758,0.9474564248074584,0.9476084312930685,0.9968282052388555,0.9959867086695724,0.9950157510896303,0.990829845078324,0.9499201657100936,0.9409010486341863,0.9236395805463254,0.9092478315280714,0.8815863289172744,0.867129849393691,0.846890778060674,0.6496785051568637,0.632503344409442,0.6178742502049799,0.5135718292840806,0.5],[23173,23173,23173,23173,23173,23173,23173,23173,23173,23173,23173,23173,23173,23173,23173,23173,23173,23173,23026,22987,22942,22748,20852,20434,19634,18967,17685,17015,16077,6937,6141,5463,629,0],[10024,2847,2830,2656,2621,2558,2502,2448,2414,2361,2108,2099,2098,2095,2087,2081,2074,2068,0,0,0,0,0,0,0,0,0,0,0,0,0,0,0,0],[0,0,0,0,0,0,0,0,0,0,0,0,0,0,0,0,0,0,147,186,231,425,2321,2739,3539,4206,5488,6158,7096,16236,17032,17710,22544,23173],[9712,16889,16906,17080,17115,17178,17234,17288,17322,17375,17628,17637,17638,17641,17649,17655,17662,17668,19736,19736,19736,19736,19736,19736,19736,19736,19736,19736,19736,19736,19736,19736,19736,19736],[1.0,1.0,1.0,1.0,1.0,1.0,1.0,1.0,1.0,1.0,1.0,1.0,1.0,1.0,1.0,1.0,1.0,1.0,0.9936564104777111,0.9919734173391447,0.9900315021792604,0.9816596901566478,0.8998403314201873,0.8818020972683727,0.8472791610926509,0.818495663056143,0.7631726578345488,0.7342596987873818,0.6937815561213482,0.2993570103137272,0.26500668881888406,0.23574850040995987,0.02714365856816122,0.0],[0.5079043372517228,0.14425415484394,0.14339278475881637,0.1345764085934333,0.13280299959464936,0.12961086339683828,0.12677340899878395,0.124037292257803,0.12231455208755573,0.11962910417511147,0.10680989055533036,0.1063538710985002,0.10630320226996352,0.10615119578435346,0.10574584515605999,0.10544183218483989,0.1050871503850831,0.104783137413863,0.0,0.0,0.0,0.0,0.0,0.0,0.0,0.0,0.0,0.0,0.0,0.0,0.0,0.0,0.0,0.0],[0.0,0.0,0.0,0.0,0.0,0.0,0.0,0.0,0.0,0.0,0.0,0.0,0.0,0.0,0.0,0.0,0.0,0.0,0.00634358952228887,0.008026582660855305,0.009968497820739653,0.018340309843352175,0.10015966857981272,0.11819790273162732,0.15272083890734908,0.18150433694385706,0.23682734216545118,0.26574030121261816,0.3062184438786519,0.7006429896862728,0.734993311181116,0.7642514995900401,0.9728563414318387,1.0],[0.49209566274827726,0.85574584515606,0.8566072152411837,0.8654235914065667,0.8671970004053506,0.8703891366031618,0.873226591001216,0.875962707742197,0.8776854479124443,0.8803708958248885,0.8931901094446696,0.8936461289014997,0.8936967977300365,0.8938488042156465,0.89425415484394,0.8945581678151601,0.8949128496149169,0.895216862586137,1.0,1.0,1.0,1.0,1.0,1.0,1.0,1.0,1.0,1.0,1.0,1.0,1.0,1.0,1.0,1.0],[0,1,2,3,4,5,6,7,8,9,10,11,12,13,14,15,16,17,18,19,20,21,22,23,24,25,26,27,28,29,30,31,32,33]]},"max_criteria_and_metric_scores":{"__meta":{"schema_version":3,"schema_name":"TwoDimTableV3","schema_type":"TwoDimTable"},"name":"Maximum Metrics","description":"Maximum metrics at their respective thresholds","columns":[{"__meta":{"schema_version":-1,"schema_name":"ColumnSpecsBase","schema_type":"Iced"},"name":"metric","type":"string","format":"%s","description":"Metric"},{"__meta":{"schema_version":-1,"schema_name":"ColumnSpecsBase","schema_type":"Iced"},"name":"threshold","type":"double","format":"%f","description":"Threshold"},{"__meta":{"schema_version":-1,"schema_name":"ColumnSpecsBase","schema_type":"Iced"},"name":"value","type":"double","format":"%f","description":"Value"},{"__meta":{"schema_version":-1,"schema_name":"ColumnSpecsBase","schema_type":"Iced"},"name":"idx","type":"long","format":"%d","description":"idx"}],"rowcount":18,"data":[["max f1","max f2","max f0point5","max accuracy","max precision","max recall","max specificity","max absolute_mcc","max min_per_class_accuracy","max mean_per_class_accuracy","max tns","max fns","max fps","max tps","max tnr","max fnr","max fpr","max tpr"],[0.9333024024963379,0.9333024024963379,0.9333024024963379,0.9333024024963379,0.9999847412109375,0.9333024024963379,0.9999847412109375,0.9333024024963379,0.9333024024963379,0.9333024024963379,0.9999847412109375,0.9999847412109375,2.163904173357878E-5,0.9333024024963379,0.9999847412109375,0.9999847412109375,2.163904173357878E-5,0.9333024024963379],[0.9962896590019941,0.9985125522377488,0.9940766410122093,0.9965741452842061,1.0,1.0,1.0,0.9931314413050778,0.9936564104777111,0.9968282052388555,23173.0,10024.0,23173.0,19736.0,1.0,0.5079043372517228,1.0,1.0],[18,18,18,18,0,18,0,18,18,18,0,0,33,18,0,0,33,18]]},"gains_lift_table":{"__meta":{"schema_version":3,"schema_name":"TwoDimTableV3","schema_type":"TwoDimTable"},"name":"Gains/Lift Table","description":"Avg response rate: 46.00 %, avg score: 46.00 %","columns":[{"__meta":{"schema_version":-1,"schema_name":"ColumnSpecsBase","schema_type":"Iced"},"name":"group","type":"int","format":"%d","description":"Group"},{"__meta":{"schema_version":-1,"schema_name":"ColumnSpecsBase","schema_type":"Iced"},"name":"cumulative_data_fraction","type":"double","format":"%.8f","description":"Cumulative Data Fraction"},{"__meta":{"schema_version":-1,"schema_name":"ColumnSpecsBase","schema_type":"Iced"},"name":"lower_threshold","type":"double","format":"%5f","description":"Lower Threshold"},{"__meta":{"schema_version":-1,"schema_name":"ColumnSpecsBase","schema_type":"Iced"},"name":"lift","type":"double","format":"%5f","description":"Lift"},{"__meta":{"schema_version":-1,"schema_name":"ColumnSpecsBase","schema_type":"Iced"},"name":"cumulative_lift","type":"double","format":"%5f","description":"Cumulative Lift"},{"__meta":{"schema_version":-1,"schema_name":"ColumnSpecsBase","schema_type":"Iced"},"name":"response_rate","type":"double","format":"%5f","description":"Response Rate"},{"__meta":{"schema_version":-1,"schema_name":"ColumnSpecsBase","schema_type":"Iced"},"name":"score","type":"double","format":"%5f","description":"Score"},{"__meta":{"schema_version":-1,"schema_name":"ColumnSpecsBase","schema_type":"Iced"},"name":"cumulative_response_rate","type":"double","format":"%5f","description":"Cumulative Response Rate"},{"__meta":{"schema_version":-1,"schema_name":"ColumnSpecsBase","schema_type":"Iced"},"name":"cumulative_score","type":"double","format":"%5f","description":"Cumulative Score"},{"__meta":{"schema_version":-1,"schema_name":"ColumnSpecsBase","schema_type":"Iced"},"name":"capture_rate","type":"double","format":"%5f","description":"Capture Rate"},{"__meta":{"schema_version":-1,"schema_name":"ColumnSpecsBase","schema_type":"Iced"},"name":"cumulative_capture_rate","type":"double","format":"%5f","description":"Cumulative Capture Rate"},{"__meta":{"schema_version":-1,"schema_name":"ColumnSpecsBase","schema_type":"Iced"},"name":"gain","type":"double","format":"%5f","description":"Gain"},{"__meta":{"schema_version":-1,"schema_name":"ColumnSpecsBase","schema_type":"Iced"},"name":"cumulative_gain","type":"double","format":"%5f","description":"Cumulative Gain"},{"__meta":{"schema_version":-1,"schema_name":"ColumnSpecsBase","schema_type":"Iced"},"name":"kolmogorov_smirnov","type":"double","format":"%5f","description":"Kolmogorov Smirnov"}],"rowcount":8,"data":[[1,2,3,4,5,6,7,8],[0.22633946258360718,0.3936004101703605,0.40033559393134305,0.5140413433079307,0.6034631429303876,0.8383322846022979,0.9853410706378615,1.0],[0.9999847412109375,0.9999648332595825,0.9996247291564941,8.177438576240093E-5,3.7071455153636634E-5,3.0505720133078285E-5,2.2118876586318947E-5,2.163904173357878E-5],[2.174148763680584,2.174148763680584,2.174148763680584,1.1398795936656967,0.0,0.0,0.0,0.0],[2.174148763680584,2.174148763680584,2.174148763680584,1.9453688171555517,1.657102031358616,1.1928444345602136,1.0148770104068117,1.0],[1.0,1.0,1.0,0.5242877638860423,0.0,0.0,0.0,0.0],[0.9999847412109375,0.9999648332595825,0.9996848908675171,0.5242613836774512,4.718287070320791E-5,3.080861611479084E-5,2.318400535542327E-5,2.163904173357878E-5],[1.0,1.0,1.0,0.8947726345377884,0.7621842897968641,0.5486489491826977,0.46679280983916743,0.45995012701298094],[0.9999847412109375,0.9999762813040824,0.9999713789967029,0.8947445091974269,0.7621673237059756,0.5486453677659218,0.4667932217119565,0.4599508500533401],[0.49209566274827726,0.36365018240778274,0.014643291447101744,0.12961086339683828,0.0,0.0,0.0,0.0],[0.49209566274827726,0.85574584515606,0.8703891366031618,1.0,1.0,1.0,1.0,1.0],[117.41487636805839,117.41487636805839,117.41487636805839,13.987959366569669,-100.0,-100.0,-100.0,-100.0],[117.41487636805839,117.41487636805839,117.41487636805839,94.53688171555517,65.7102031358616,19.28444345602136,1.4877010406811664,0.0],[0.49209566274827726,0.85574584515606,0.8703891366031618,0.8998403314201873,0.7342596987873818,0.2993570103137272,0.027143658568161255,0.0]]}},"validation_metrics":{"__meta":{"schema_version":3,"schema_name":"ModelMetricsBinomialV3","schema_type":"ModelMetricsBinomial"},"model":{"__meta":{"schema_version":3,"schema_name":"ModelKeyV3","schema_type":"Key<Model>"},"name":"XGBoost_model_python_1598621417558_425","type":"Key<Model>","URL":"/3/Models/XGBoost_model_python_1598621417558_425"},"model_checksum":-4172431337726990266,"frame":{"__meta":{"schema_version":3,"schema_name":"FrameKeyV3","schema_type":"Key<Frame>"},"name":"py_53_sid_ae5a","type":"Key<Frame>","URL":"/3/Frames/py_53_sid_ae5a"},"frame_checksum":-5120782676128639013,"description":null,"model_category":"Binomial","scoring_time":1598624426385,"predictions":null,"MSE":0.0036493071467069912,"RMSE":0.06040949550117921,"nobs":18391,"custom_metric_name":null,"custom_metric_value":0.0,"r2":0.9853404628212938,"logloss":0.014364338067383508,"AUC":0.999577566260029,"pr_auc":0.9995018986742122,"Gini":0.999155132520058,"mean_per_class_error":0.003675344563552833,"domain":["false-true","true-true"],"cm":{"__meta":{"schema_version":3,"schema_name":"ConfusionMatrixV3","schema_type":"ConfusionMatrix"},"table":{"__meta":{"schema_version":3,"schema_name":"TwoDimTableV3","schema_type":"TwoDimTable"},"name":"Confusion Matrix","description":"Row labels: Actual class; Column labels: Predicted class","columns":[{"__meta":{"schema_version":-1,"schema_name":"ColumnSpecsBase","schema_type":"Iced"},"name":"false-true","type":"long","format":"%d","description":"false-true"},{"__meta":{"schema_version":-1,"schema_name":"ColumnSpecsBase","schema_type":"Iced"},"name":"true-true","type":"long","format":"%d","description":"true-true"},{"__meta":{"schema_version":-1,"schema_name":"ColumnSpecsBase","schema_type":"Iced"},"name":"Error","type":"double","format":"%.4f","description":"Error"},{"__meta":{"schema_version":-1,"schema_name":"ColumnSpecsBase","schema_type":"Iced"},"name":"Rate","type":"string","format":"= %11s","description":"Rate"}],"rowcount":3,"data":[[9723,0,9723],[72,8596,8668],[0.007350689127105666,0.0,0.0039149584035669625],["72 / 9,795","0 / 8,596","72 / 18,391"]]}},"thresholds_and_metric_scores":{"__meta":{"schema_version":3,"schema_name":"TwoDimTableV3","schema_type":"TwoDimTable"},"name":"Metrics for Thresholds","description":"Binomial metrics as a function of classification thresholds","columns":[{"__meta":{"schema_version":-1,"schema_name":"ColumnSpecsBase","schema_type":"Iced"},"name":"threshold","type":"double","format":"%f","description":"Threshold"},{"__meta":{"schema_version":-1,"schema_name":"ColumnSpecsBase","schema_type":"Iced"},"name":"f1","type":"double","format":"%f","description":"f1"},{"__meta":{"schema_version":-1,"schema_name":"ColumnSpecsBase","schema_type":"Iced"},"name":"f2","type":"double","format":"%f","description":"f2"},{"__meta":{"schema_version":-1,"schema_name":"ColumnSpecsBase","schema_type":"Iced"},"name":"f0point5","type":"double","format":"%f","description":"f0point5"},{"__meta":{"schema_version":-1,"schema_name":"ColumnSpecsBase","schema_type":"Iced"},"name":"accuracy","type":"double","format":"%f","description":"accuracy"},{"__meta":{"schema_version":-1,"schema_name":"ColumnSpecsBase","schema_type":"Iced"},"name":"precision","type":"double","format":"%f","description":"precision"},{"__meta":{"schema_version":-1,"schema_name":"ColumnSpecsBase","schema_type":"Iced"},"name":"recall","type":"double","format":"%f","description":"recall"},{"__meta":{"schema_version":-1,"schema_name":"ColumnSpecsBase","schema_type":"Iced"},"name":"specificity","type":"double","format":"%f","description":"specificity"},{"__meta":{"schema_version":-1,"schema_name":"ColumnSpecsBase","schema_type":"Iced"},"name":"absolute_mcc","type":"double","format":"%f","description":"absolute_mcc"},{"__meta":{"schema_version":-1,"schema_name":"ColumnSpecsBase","schema_type":"Iced"},"name":"min_per_class_accuracy","type":"double","format":"%f","description":"min_per_class_accuracy"},{"__meta":{"schema_version":-1,"schema_name":"ColumnSpecsBase","schema_type":"Iced"},"name":"mean_per_class_accuracy","type":"double","format":"%f","description":"mean_per_class_accuracy"},{"__meta":{"schema_version":-1,"schema_name":"ColumnSpecsBase","schema_type":"Iced"},"name":"tns","type":"long","format":"%d","description":"tns"},{"__meta":{"schema_version":-1,"schema_name":"ColumnSpecsBase","schema_type":"Iced"},"name":"fns","type":"long","format":"%d","description":"fns"},{"__meta":{"schema_version":-1,"schema_name":"ColumnSpecsBase","schema_type":"Iced"},"name":"fps","type":"long","format":"%d","description":"fps"},{"__meta":{"schema_version":-1,"schema_name":"ColumnSpecsBase","schema_type":"Iced"},"name":"tps","type":"long","format":"%d","description":"tps"},{"__meta":{"schema_version":-1,"schema_name":"ColumnSpecsBase","schema_type":"Iced"},"name":"tnr","type":"double","format":"%f","description":"tnr"},{"__meta":{"schema_version":-1,"schema_name":"ColumnSpecsBase","schema_type":"Iced"},"name":"fnr","type":"double","format":"%f","description":"fnr"},{"__meta":{"schema_version":-1,"schema_name":"ColumnSpecsBase","schema_type":"Iced"},"name":"fpr","type":"double","format":"%f","description":"fpr"},{"__meta":{"schema_version":-1,"schema_name":"ColumnSpecsBase","schema_type":"Iced"},"name":"tpr","type":"double","format":"%f","description":"tpr"},{"__meta":{"schema_version":-1,"schema_name":"ColumnSpecsBase","schema_type":"Iced"},"name":"idx","type":"int","format":"%d","description":"idx"}],"rowcount":31,"data":[[0.9999847412109375,0.9999648332595825,0.9997450709342957,0.9997068047523499,0.99965500831604,0.9996247291564941,0.9995959401130676,0.9994484782218933,0.999382495880127,0.9993220567703247,0.9991645812988281,0.9983744621276855,0.9970654845237732,0.9932368397712708,0.992141604423523,0.9333024024963379,0.013399907387793064,0.008664305321872234,1.1121921852463856E-4,8.177438576240093E-5,5.977968976367265E-5,5.495788354892284E-5,5.1033148338319734E-5,4.1505049011902884E-5,3.7071455153636634E-5,3.376007589395158E-5,3.0505720133078285E-5,2.7960077204625122E-5,2.5170847948174924E-5,2.2118876586318947E-5,2.163904173357878E-5],[0.6523477306576781,0.9179254783484391,0.9181978353888749,0.9224694453149482,0.9234141148475171,0.9244244244244244,0.9256342957130358,0.9276447105788423,0.9284467713787087,0.9294476617473069,0.9382411067193676,0.938372236630851,0.9384377894411855,0.9387654320987654,0.9390274006418168,0.9958294717330862,0.9953106003589417,0.994447015270708,0.9900944482838057,0.9454985425947313,0.936638518114955,0.9187687045746045,0.9063686208350907,0.8812794750871438,0.8678007167735097,0.8483173788611468,0.7130651182082124,0.7044746762825767,0.695272374327658,0.6437263638746397,0.6370474672990699],[0.5397587235698534,0.8748440349361742,0.8752399232245681,0.8814651558345112,0.88284598989391,0.8843244278464043,0.8860971524288108,0.8890483022477284,0.8902275769745649,0.8917007192869261,0.9047165316817533,0.9049116287932925,0.9050091703784865,0.9054968086119844,0.905886835587731,0.9983276038279291,0.9981189475395369,0.9977713808153033,0.9960140897293289,0.9774624184121352,0.9736538069456085,0.9658426966292134,0.9603181696308876,0.9488696573648888,0.9425645299239019,0.9332522690754332,0.861357168623993,0.85631176283073,0.8508363852321092,0.8187446423468903,0.8144007579346281],[0.8242868462757528,0.9654697595593688,0.9655902593965061,0.9674747580984433,0.9678901491283346,0.968333857607214,0.9688644688644688,0.9697443922796034,0.9700948212983225,0.9705316271327508,0.9743458183683941,0.9744023802195548,0.9744306524415265,0.9745719265866913,0.974684841652147,0.9933438106683922,0.9925180121928691,0.9911447283460935,0.9842447558853165,0.9155589638718473,0.9023345649983204,0.8760701182225845,0.8581582940659691,0.8226782022816016,0.8040257407961688,0.7775526449091831,0.6083338051293665,0.5983738931892856,0.587800875273523,0.5303553800592301,0.5231256085686465],[0.7588494372247295,0.9290957533576206,0.9293132510467076,0.9327388396498287,0.9335000815616334,0.9343156978957099,0.9352944374966016,0.9369256701647545,0.9375781632320157,0.9383937795660922,0.9456255777282366,0.9457343265727801,0.945788700995052,0.9460605731064108,0.9462780707954977,0.9960850415964331,0.9955956717959872,0.9947800554619107,0.9906475993692567,0.9461149475286825,0.9367625468979393,0.9173508781469197,0.9034310260453483,0.874068838018596,0.8575933880702518,0.8328530259365994,0.6238377467239411,0.6078516665760426,0.5902887281822631,0.4826273720841716,0.46740253384807784],[1.0,1.0,1.0,1.0,1.0,1.0,1.0,1.0,1.0,1.0,1.0,1.0,1.0,1.0,1.0,0.991693585602215,0.9906649763743229,0.9889553612517257,0.9803832116788321,0.89663085428184,0.8808279536837791,0.8497429814155792,0.8287697647512534,0.7877565982404692,0.7664734730271957,0.7365895458440446,0.5540801856387779,0.5437753036437247,0.5328869877874899,0.47462867870355036,0.46740253384807784],[0.4840623545835272,0.8483015355979525,0.8487668683108422,0.8560958585388553,0.8577245230339693,0.8594695207073058,0.8615635179153095,0.8650535132619823,0.8664495114006515,0.8681945090739879,0.8836668217775709,0.8838994881340159,0.8840158213122382,0.8845974872033504,0.8850628199162401,1.0,1.0,1.0,1.0,1.0,1.0,1.0,1.0,1.0,1.0,1.0,1.0,1.0,1.0,1.0,1.0],[1.0,1.0,1.0,1.0,1.0,1.0,1.0,1.0,1.0,1.0,1.0,1.0,1.0,1.0,1.0,0.9926493108728943,0.9917304747320062,0.9901990811638591,0.9824400204185809,0.8988259315977539,0.8812659520163348,0.844818785094436,0.8186830015313936,0.7635528330781011,0.7326186830015314,0.6861664114344053,0.29372128637059725,0.2637059724349158,0.2307299642674834,0.02858601327207759,0.0],[0.5772320339535757,0.8652376738211718,0.8656309504204406,0.8718389984152641,0.8732221626150238,0.8747055933649316,0.876487728434133,0.8794628854596768,0.8806546876077891,0.8821458480619301,0.895437279837287,0.8956381265274928,0.895738560894344,0.8962408430541402,0.8966428013348069,0.9921713331603108,0.9911975823820793,0.989577025816349,0.981411077224924,0.8977277220288815,0.8810469256320775,0.8472773059642478,0.8237109435870226,0.7755603022089758,0.749354913485455,0.7109310834194172,0.4034168376236683,0.37867769307613036,0.3506465394821606,0.11648064950337604,0.0],[0.4840623545835272,0.8483015355979525,0.8487668683108422,0.8560958585388553,0.8577245230339693,0.8594695207073058,0.8615635179153095,0.8650535132619823,0.8664495114006515,0.8681945090739879,0.8836668217775709,0.8838994881340159,0.8840158213122382,0.8845974872033504,0.8850628199162401,0.9926493108728943,0.9917304747320062,0.9901990811638591,0.9824400204185809,0.8988259315977539,0.8812659520163348,0.844818785094436,0.8186830015313936,0.7635528330781011,0.7326186830015314,0.6861664114344053,0.29372128637059725,0.2637059724349158,0.2307299642674834,0.02858601327207759,0.0],[0.7420311772917636,0.9241507677989762,0.9243834341554211,0.9280479292694277,0.9288622615169846,0.9297347603536529,0.9307817589576548,0.9325267566309912,0.9332247557003257,0.9340972545369939,0.9418334108887855,0.9419497440670079,0.9420079106561191,0.9422987436016752,0.9425314099581201,0.9963246554364471,0.9958652373660031,0.9950995405819296,0.9912200102092905,0.949412965798877,0.9406329760081674,0.922409392547218,0.9093415007656969,0.8817764165390505,0.8663093415007657,0.8430832057172026,0.6468606431852986,0.6318529862174579,0.6153649821337417,0.5142930066360388,0.5],[9795,9795,9795,9795,9795,9795,9795,9795,9795,9795,9795,9795,9795,9795,9795,9723,9714,9699,9623,8804,8632,8275,8019,7479,7176,6721,2877,2583,2260,280,0],[4435,1304,1300,1237,1223,1208,1190,1160,1148,1133,1000,998,997,992,988,0,0,0,0,0,0,0,0,0,0,0,0,0,0,0,0],[0,0,0,0,0,0,0,0,0,0,0,0,0,0,0,72,81,96,172,991,1163,1520,1776,2316,2619,3074,6918,7212,7535,9515,9795],[4161,7292,7296,7359,7373,7388,7406,7436,7448,7463,7596,7598,7599,7604,7608,8596,8596,8596,8596,8596,8596,8596,8596,8596,8596,8596,8596,8596,8596,8596,8596],[1.0,1.0,1.0,1.0,1.0,1.0,1.0,1.0,1.0,1.0,1.0,1.0,1.0,1.0,1.0,0.9926493108728943,0.9917304747320062,0.9901990811638591,0.9824400204185809,0.8988259315977539,0.8812659520163348,0.844818785094436,0.8186830015313936,0.7635528330781011,0.7326186830015314,0.6861664114344053,0.29372128637059725,0.2637059724349158,0.2307299642674834,0.02858601327207759,0.0],[0.5159376454164728,0.15169846440204746,0.15123313168915775,0.14390414146114472,0.1422754769660307,0.14053047929269427,0.13843648208469056,0.13494648673801768,0.13355048859934854,0.1318054909260121,0.11633317822242904,0.11610051186598418,0.11598417868776174,0.1154025127966496,0.11493718008375989,0.0,0.0,0.0,0.0,0.0,0.0,0.0,0.0,0.0,0.0,0.0,0.0,0.0,0.0,0.0,0.0],[0.0,0.0,0.0,0.0,0.0,0.0,0.0,0.0,0.0,0.0,0.0,0.0,0.0,0.0,0.0,0.007350689127105666,0.008269525267993875,0.009800918836140888,0.01755997958141909,0.10117406840224605,0.11873404798366513,0.15518121490556405,0.18131699846860644,0.23644716692189893,0.2673813169984686,0.3138335885655947,0.7062787136294028,0.7362940275650842,0.7692700357325166,0.9714139867279225,1.0],[0.4840623545835272,0.8483015355979525,0.8487668683108422,0.8560958585388553,0.8577245230339693,0.8594695207073058,0.8615635179153095,0.8650535132619823,0.8664495114006515,0.8681945090739879,0.8836668217775709,0.8838994881340159,0.8840158213122382,0.8845974872033504,0.8850628199162401,1.0,1.0,1.0,1.0,1.0,1.0,1.0,1.0,1.0,1.0,1.0,1.0,1.0,1.0,1.0,1.0],[0,1,2,3,4,5,6,7,8,9,10,11,12,13,14,15,16,17,18,19,20,21,22,23,24,25,26,27,28,29,30]]},"max_criteria_and_metric_scores":{"__meta":{"schema_version":3,"schema_name":"TwoDimTableV3","schema_type":"TwoDimTable"},"name":"Maximum Metrics","description":"Maximum metrics at their respective thresholds","columns":[{"__meta":{"schema_version":-1,"schema_name":"ColumnSpecsBase","schema_type":"Iced"},"name":"metric","type":"string","format":"%s","description":"Metric"},{"__meta":{"schema_version":-1,"schema_name":"ColumnSpecsBase","schema_type":"Iced"},"name":"threshold","type":"double","format":"%f","description":"Threshold"},{"__meta":{"schema_version":-1,"schema_name":"ColumnSpecsBase","schema_type":"Iced"},"name":"value","type":"double","format":"%f","description":"Value"},{"__meta":{"schema_version":-1,"schema_name":"ColumnSpecsBase","schema_type":"Iced"},"name":"idx","type":"long","format":"%d","description":"idx"}],"rowcount":18,"data":[["max f1","max f2","max f0point5","max accuracy","max precision","max recall","max specificity","max absolute_mcc","max min_per_class_accuracy","max mean_per_class_accuracy","max tns","max fns","max fps","max tps","max tnr","max fnr","max fpr","max tpr"],[0.9333024024963379,0.9333024024963379,0.9333024024963379,0.9333024024963379,0.9999847412109375,0.9333024024963379,0.9999847412109375,0.9333024024963379,0.9333024024963379,0.9333024024963379,0.9999847412109375,0.9999847412109375,2.163904173357878E-5,0.9333024024963379,0.9999847412109375,0.9999847412109375,2.163904173357878E-5,0.9333024024963379],[0.9958294717330862,0.9983276038279291,0.9933438106683922,0.9960850415964331,1.0,1.0,1.0,0.9921713331603108,0.9926493108728943,0.9963246554364471,9795.0,4435.0,9795.0,8596.0,1.0,0.5159376454164728,1.0,1.0],[15,15,15,15,0,15,0,15,15,15,0,0,30,15,0,0,30,15]]},"gains_lift_table":{"__meta":{"schema_version":3,"schema_name":"TwoDimTableV3","schema_type":"TwoDimTable"},"name":"Gains/Lift Table","description":"Avg response rate: 46.74 %, avg score: 46.75 %","columns":[{"__meta":{"schema_version":-1,"schema_name":"ColumnSpecsBase","schema_type":"Iced"},"name":"group","type":"int","format":"%d","description":"Group"},{"__meta":{"schema_version":-1,"schema_name":"ColumnSpecsBase","schema_type":"Iced"},"name":"cumulative_data_fraction","type":"double","format":"%.8f","description":"Cumulative Data Fraction"},{"__meta":{"schema_version":-1,"schema_name":"ColumnSpecsBase","schema_type":"Iced"},"name":"lower_threshold","type":"double","format":"%5f","description":"Lower Threshold"},{"__meta":{"schema_version":-1,"schema_name":"ColumnSpecsBase","schema_type":"Iced"},"name":"lift","type":"double","format":"%5f","description":"Lift"},{"__meta":{"schema_version":-1,"schema_name":"ColumnSpecsBase","schema_type":"Iced"},"name":"cumulative_lift","type":"double","format":"%5f","description":"Cumulative Lift"},{"__meta":{"schema_version":-1,"schema_name":"ColumnSpecsBase","schema_type":"Iced"},"name":"response_rate","type":"double","format":"%5f","description":"Response Rate"},{"__meta":{"schema_version":-1,"schema_name":"ColumnSpecsBase","schema_type":"Iced"},"name":"score","type":"double","format":"%5f","description":"Score"},{"__meta":{"schema_version":-1,"schema_name":"ColumnSpecsBase","schema_type":"Iced"},"name":"cumulative_response_rate","type":"double","format":"%5f","description":"Cumulative Response Rate"},{"__meta":{"schema_version":-1,"schema_name":"ColumnSpecsBase","schema_type":"Iced"},"name":"cumulative_score","type":"double","format":"%5f","description":"Cumulative Score"},{"__meta":{"schema_version":-1,"schema_name":"ColumnSpecsBase","schema_type":"Iced"},"name":"capture_rate","type":"double","format":"%5f","description":"Capture Rate"},{"__meta":{"schema_version":-1,"schema_name":"ColumnSpecsBase","schema_type":"Iced"},"name":"cumulative_capture_rate","type":"double","format":"%5f","description":"Cumulative Capture Rate"},{"__meta":{"schema_version":-1,"schema_name":"ColumnSpecsBase","schema_type":"Iced"},"name":"gain","type":"double","format":"%5f","description":"Gain"},{"__meta":{"schema_version":-1,"schema_name":"ColumnSpecsBase","schema_type":"Iced"},"name":"cumulative_gain","type":"double","format":"%5f","description":"Cumulative Gain"},{"__meta":{"schema_version":-1,"schema_name":"ColumnSpecsBase","schema_type":"Iced"},"name":"kolmogorov_smirnov","type":"double","format":"%5f","description":"Kolmogorov Smirnov"}],"rowcount":8,"data":[[1,2,3,4,5,6,7,8],[0.22625197107280734,0.39649828720569846,0.40014137349790657,0.5212875863193953,0.6098091457778261,0.8435647871241369,0.9847751617639062,1.0],[0.9999847412109375,0.9999648332595825,0.9997068047523499,8.177438576240093E-5,3.7071455153636634E-5,3.0505720133078285E-5,2.2118876586318947E-5,2.163904173357878E-5],[2.1394834806886927,2.1394834806886927,2.1394834806886927,1.187855056378776,0.0,0.0,0.0,0.0],[2.1394834806886927,2.1394834806886927,2.1394834806886927,1.918326901011787,1.6398573339277753,1.1854454041510896,1.015460217547347,1.0],[1.0,1.0,1.0,0.5552064631956912,0.0,0.0,0.0,0.0],[0.9999847412109375,0.9999648332595825,0.9997090893005257,0.5558312988050439,4.705892777574107E-5,3.085015648367083E-5,2.3159731315491644E-5,2.163904173357878E-5],[1.0,1.0,1.0,0.89663085428184,0.7664734730271957,0.5540801856387779,0.47462867870355036,0.46740253384807784],[0.9999847412109375,0.9999761932411497,0.9999737613938849,0.8967559240466504,0.7665872185260505,0.5541709604610274,0.4747097579600577,0.4674827081369306],[0.4840623545835272,0.3642391810144253,0.007794322940902746,0.14390414146114472,0.0,0.0,0.0,0.0],[0.4840623545835272,0.8483015355979525,0.8560958585388553,1.0,1.0,1.0,1.0,1.0],[113.94834806886927,113.94834806886927,113.94834806886927,18.7855056378776,-100.0,-100.0,-100.0,-100.0],[113.94834806886927,113.94834806886927,113.94834806886927,91.8326901011787,63.98573339277753,18.544540415108955,1.5460217547347055,0.0],[0.4840623545835272,0.8483015355979525,0.8560958585388553,0.8988259315977539,0.7326186830015313,0.29372128637059725,0.02858601327207755,0.0]]}},"cross_validation_metrics":null,"cross_validation_metrics_summary":null,"status":null,"start_time":1598624424806,"end_time":1598624426389,"run_time":1583,"default_threshold":0.9333024024963379,"help":{"domains":"Domains for categorical columns", "__meta":"Metadata on this schema instance, to make it self-describing.", "help":"Help information for output fields", "training_metrics":"Training data model metrics", "cross_validation_models":"Cross-validation models (model ids)", "cross_validation_predictions":"Cross-validation predictions, one per cv model (deprecated, use cross_validation_holdout_predictions_frame_id instead)", "cross_validation_metrics_summary":"Cross-validation model metrics summary", "variable_importances_frequency":"Variable Importances - Frequency", "status":"Job status", "variable_importances":"Variable Importances", "model_summary":"Model summary", "variable_importances_cover":"Variable Importances - Cover", "end_time":"End time in milliseconds", "names":"Column names", "cross_validation_fold_assignment_frame_id":"Cross-validation fold assignment (each row is assigned to one holdout fold)", "sparse":"Sparse", "run_time":"Runtime in milliseconds", "default_threshold":"Default threshold used for predictions", "scoring_history":"Scoring history", "cross_validation_holdout_predictions_frame_id":"Cross-validation holdout predictions (full out-of-sample predictions on training data)", "model_category":"Category of the model (e.g., Binomial)", "native_parameters":"XGBoost Native Parameters", "column_types":"Column types", "original_names":"Original column names", "start_time":"Start time in milliseconds", "cross_validation_metrics":"Cross-validation model metrics", "validation_metrics":"Validation data model metrics"},"variable_importances":{"__meta":{"schema_version":3,"schema_name":"TwoDimTableV3","schema_type":"TwoDimTable"},"name":"Variable Importances","description":"","columns":[{"__meta":{"schema_version":-1,"schema_name":"ColumnSpecsBase","schema_type":"Iced"},"name":"variable","type":"string","format":"%s","description":"Variable"},{"__meta":{"schema_version":-1,"schema_name":"ColumnSpecsBase","schema_type":"Iced"},"name":"relative_importance","type":"double","format":"%5f","description":"Relative Importance"},{"__meta":{"schema_version":-1,"schema_name":"ColumnSpecsBase","schema_type":"Iced"},"name":"scaled_importance","type":"double","format":"%5f","description":"Scaled Importance"},{"__meta":{"schema_version":-1,"schema_name":"ColumnSpecsBase","schema_type":"Iced"},"name":"percentage","type":"double","format":"%5f","description":"Percentage"}],"rowcount":2,"data":[["R_Percent","T_Percent"],[104760.53125,8004.90185546875],[1.0,0.07641142861681269],[0.9290128044115982,0.0709871955884018]]},"variable_importances_cover":{"__meta":{"schema_version":3,"schema_name":"TwoDimTableV3","schema_type":"TwoDimTable"},"name":"Variable Importances - Cover","description":"","columns":[{"__meta":{"schema_version":-1,"schema_name":"ColumnSpecsBase","schema_type":"Iced"},"name":"variable","type":"string","format":"%s","description":"Variable"},{"__meta":{"schema_version":-1,"schema_name":"ColumnSpecsBase","schema_type":"Iced"},"name":"relative_importance","type":"double","format":"%5f","description":"Relative Importance"},{"__meta":{"schema_version":-1,"schema_name":"ColumnSpecsBase","schema_type":"Iced"},"name":"scaled_importance","type":"double","format":"%5f","description":"Scaled Importance"},{"__meta":{"schema_version":-1,"schema_name":"ColumnSpecsBase","schema_type":"Iced"},"name":"percentage","type":"double","format":"%5f","description":"Percentage"}],"rowcount":2,"data":[["R_Percent","T_Percent"],[101982.7578125,35686.2109375],[1.0,0.3499239646285183],[0.7407824634591084,0.2592175365408917]]},"variable_importances_frequency":{"__meta":{"schema_version":3,"schema_name":"TwoDimTableV3","schema_type":"TwoDimTable"},"name":"Variable Importances - Frequency","description":"","columns":[{"__meta":{"schema_version":-1,"schema_name":"ColumnSpecsBase","schema_type":"Iced"},"name":"variable","type":"string","format":"%s","description":"Variable"},{"__meta":{"schema_version":-1,"schema_name":"ColumnSpecsBase","schema_type":"Iced"},"name":"relative_importance","type":"double","format":"%5f","description":"Relative Importance"},{"__meta":{"schema_version":-1,"schema_name":"ColumnSpecsBase","schema_type":"Iced"},"name":"scaled_importance","type":"double","format":"%5f","description":"Scaled Importance"},{"__meta":{"schema_version":-1,"schema_name":"ColumnSpecsBase","schema_type":"Iced"},"name":"percentage","type":"double","format":"%5f","description":"Percentage"}],"rowcount":2,"data":[["R_Percent","T_Percent"],[112.0,56.0],[1.0,0.5],[0.6666666666666666,0.3333333333333333]]},"native_parameters":{"__meta":{"schema_version":3,"schema_name":"TwoDimTableV3","schema_type":"TwoDimTable"},"name":"Native XGBoost Parameters","description":"","columns":[{"__meta":{"schema_version":-1,"schema_name":"ColumnSpecsBase","schema_type":"Iced"},"name":"","type":"string","format":"%s","description":""},{"__meta":{"schema_version":-1,"schema_name":"ColumnSpecsBase","schema_type":"Iced"},"name":"name","type":"string","format":"%s","description":"Name"},{"__meta":{"schema_version":-1,"schema_name":"ColumnSpecsBase","schema_type":"Iced"},"name":"value","type":"string","format":"%s","description":"Value"}],"rowcount":25,"data":[["","","","","","","","","","","","","","","","","","","","","","","","",""],["updater","normalize_type","eta","objective","silent","nthread","seed","colsample_bylevel","rate_drop","max_bin","one_drop","sample_type","max_depth","lambda","colsample_bytree","gamma","gpu_id","alpha","booster","grow_policy","skip_drop","nround","max_delta_step","subsample","min_child_weight"],["grow_gpu_hist","tree",0.3,"binary:logistic",true,12,1234,1.0,0.0,256,"0","uniform",6,1.0,1.0,0.0,0,0.0,"dart","depthwise",0.0,50,0.0,1.0,1.0]]},"sparse":false},"compatible_frames":null}
