{"__meta":{"schema_version":3,"schema_name":"XGBoostModelV3","schema_type":"XGBoostModel"},"model_id":{"__meta":{"schema_version":3,"schema_name":"ModelKeyV3","schema_type":"Key<Model>"},"name":"XGBoost_model_python_1600787425382_1","type":"Key<Model>","URL":"/3/Models/XGBoost_model_python_1600787425382_1"},"algo":"xgboost","algo_full_name":"XGBoost","response_column_name":"algo_leadsidesolder_class","data_frame":{"__meta":{"schema_version":3,"schema_name":"FrameKeyV3","schema_type":"Key<Frame>"},"name":"py_3_sid_91c9","type":"Key<Frame>","URL":"/3/Frames/py_3_sid_91c9"},"timestamp":1600787604434,"have_pojo":true,"have_mojo":true,"algo":"xgboost","algo_full_name":"XGBoost","model_id":{"__meta":{"schema_version":3,"schema_name":"ModelKeyV3","schema_type":"Key<Model>"},"name":"XGBoost_model_python_1600787425382_1","type":"Key<Model>","URL":"/3/Models/XGBoost_model_python_1600787425382_1"},"parameters":[{"__meta":{"schema_version":3,"schema_name":"ModelParameterSchemaV3","schema_type":"Iced"},"name":"model_id","label":"model_id","help":"Destination id for this model; auto-generated if not specified.","required":false,"type":"Key<Model>","default_value":null,"actual_value":{"__meta":{"schema_version":3,"schema_name":"ModelKeyV3","schema_type":"Key<Model>"},"name":"XGBoost_model_python_1600787425382_1","type":"Key<Model>","URL":"/3/Models/XGBoost_model_python_1600787425382_1"},"input_value":null,"level":"critical","values":[],"is_member_of_frames":[],"is_mutually_exclusive_with":[],"gridable":false},{"__meta":{"schema_version":3,"schema_name":"ModelParameterSchemaV3","schema_type":"Iced"},"name":"training_frame","label":"training_frame","help":"Id of the training data frame.","required":false,"type":"Key<Frame>","default_value":null,"actual_value":{"__meta":{"schema_version":3,"schema_name":"FrameKeyV3","schema_type":"Key<Frame>"},"name":"py_3_sid_91c9","type":"Key<Frame>","URL":"/3/Frames/py_3_sid_91c9"},"input_value":{"__meta":{"schema_version":3,"schema_name":"FrameKeyV3","schema_type":"Key<Frame>"},"name":"py_3_sid_91c9","type":"Key<Frame>","URL":"/3/Frames/py_3_sid_91c9"},"level":"critical","values":[],"is_member_of_frames":[],"is_mutually_exclusive_with":[],"gridable":false},{"__meta":{"schema_version":3,"schema_name":"ModelParameterSchemaV3","schema_type":"Iced"},"name":"validation_frame","label":"validation_frame","help":"Id of the validation data frame.","required":false,"type":"Key<Frame>","default_value":null,"actual_value":{"__meta":{"schema_version":3,"schema_name":"FrameKeyV3","schema_type":"Key<Frame>"},"name":"py_4_sid_91c9","type":"Key<Frame>","URL":"/3/Frames/py_4_sid_91c9"},"input_value":{"__meta":{"schema_version":3,"schema_name":"FrameKeyV3","schema_type":"Key<Frame>"},"name":"py_4_sid_91c9","type":"Key<Frame>","URL":"/3/Frames/py_4_sid_91c9"},"level":"critical","values":[],"is_member_of_frames":[],"is_mutually_exclusive_with":[],"gridable":true},{"__meta":{"schema_version":3,"schema_name":"ModelParameterSchemaV3","schema_type":"Iced"},"name":"nfolds","label":"nfolds","help":"Number of folds for K-fold cross-validation (0 to disable or >= 2).","required":false,"type":"int","default_value":0,"actual_value":0,"input_value":0,"level":"critical","values":[],"is_member_of_frames":[],"is_mutually_exclusive_with":[],"gridable":false},{"__meta":{"schema_version":3,"schema_name":"ModelParameterSchemaV3","schema_type":"Iced"},"name":"keep_cross_validation_models","label":"keep_cross_validation_models","help":"Whether to keep the cross-validation models.","required":false,"type":"boolean","default_value":true,"actual_value":true,"input_value":true,"level":"expert","values":[],"is_member_of_frames":[],"is_mutually_exclusive_with":[],"gridable":false},{"__meta":{"schema_version":3,"schema_name":"ModelParameterSchemaV3","schema_type":"Iced"},"name":"keep_cross_validation_predictions","label":"keep_cross_validation_predictions","help":"Whether to keep the predictions of the cross-validation models.","required":false,"type":"boolean","default_value":false,"actual_value":true,"input_value":true,"level":"expert","values":[],"is_member_of_frames":[],"is_mutually_exclusive_with":[],"gridable":false},{"__meta":{"schema_version":3,"schema_name":"ModelParameterSchemaV3","schema_type":"Iced"},"name":"keep_cross_validation_fold_assignment","label":"keep_cross_validation_fold_assignment","help":"Whether to keep the cross-validation fold assignment.","required":false,"type":"boolean","default_value":false,"actual_value":false,"input_value":false,"level":"expert","values":[],"is_member_of_frames":[],"is_mutually_exclusive_with":[],"gridable":false},{"__meta":{"schema_version":3,"schema_name":"ModelParameterSchemaV3","schema_type":"Iced"},"name":"score_each_iteration","label":"score_each_iteration","help":"Whether to score during each iteration of model training.","required":false,"type":"boolean","default_value":false,"actual_value":false,"input_value":false,"level":"secondary","values":[],"is_member_of_frames":[],"is_mutually_exclusive_with":[],"gridable":false},{"__meta":{"schema_version":3,"schema_name":"ModelParameterSchemaV3","schema_type":"Iced"},"name":"fold_assignment","label":"fold_assignment","help":"Cross-validation fold assignment scheme, if fold_column is not specified. The 'Stratified' option will stratify the folds based on the response variable, for classification problems.","required":false,"type":"enum","default_value":"AUTO","actual_value":null,"input_value":"AUTO","level":"secondary","values":["AUTO","Random","Modulo","Stratified"],"is_member_of_frames":[],"is_mutually_exclusive_with":[],"gridable":true},{"__meta":{"schema_version":3,"schema_name":"ModelParameterSchemaV3","schema_type":"Iced"},"name":"fold_column","label":"fold_column","help":"Column with cross-validation fold index assignment per observation.","required":false,"type":"VecSpecifier","default_value":null,"actual_value":null,"input_value":null,"level":"secondary","values":[],"is_member_of_frames":["training_frame"],"is_mutually_exclusive_with":["response_column","weights_column","ignored_columns","offset_column"],"gridable":true},{"__meta":{"schema_version":3,"schema_name":"ModelParameterSchemaV3","schema_type":"Iced"},"name":"response_column","label":"response_column","help":"Response variable column.","required":false,"type":"VecSpecifier","default_value":null,"actual_value":{"__meta":{"schema_version":3,"schema_name":"ColSpecifierV3","schema_type":"VecSpecifier"},"column_name":"algo_leadsidesolder_class","is_member_of_frames":null},"input_value":{"__meta":{"schema_version":3,"schema_name":"ColSpecifierV3","schema_type":"VecSpecifier"},"column_name":"algo_leadsidesolder_class","is_member_of_frames":null},"level":"critical","values":[],"is_member_of_frames":["training_frame","validation_frame"],"is_mutually_exclusive_with":["weights_column","ignored_columns","offset_column","fold_column"],"gridable":true},{"__meta":{"schema_version":3,"schema_name":"ModelParameterSchemaV3","schema_type":"Iced"},"name":"ignored_columns","label":"ignored_columns","help":"Names of columns to ignore for training.","required":false,"type":"string[]","default_value":null,"actual_value":["insp_st_time"],"input_value":["insp_st_time"],"level":"critical","values":[],"is_member_of_frames":["training_frame","validation_frame"],"is_mutually_exclusive_with":["response_column","weights_column","offset_column","fold_column"],"gridable":false},{"__meta":{"schema_version":3,"schema_name":"ModelParameterSchemaV3","schema_type":"Iced"},"name":"ignore_const_cols","label":"ignore_const_cols","help":"Ignore constant columns.","required":false,"type":"boolean","default_value":true,"actual_value":true,"input_value":true,"level":"critical","values":[],"is_member_of_frames":[],"is_mutually_exclusive_with":[],"gridable":false},{"__meta":{"schema_version":3,"schema_name":"ModelParameterSchemaV3","schema_type":"Iced"},"name":"offset_column","label":"offset_column","help":"Offset column. This will be added to the combination of columns before applying the link function.","required":false,"type":"VecSpecifier","default_value":null,"actual_value":null,"input_value":null,"level":"secondary","values":[],"is_member_of_frames":["training_frame","validation_frame"],"is_mutually_exclusive_with":["response_column","weights_column","ignored_columns","fold_column"],"gridable":true},{"__meta":{"schema_version":3,"schema_name":"ModelParameterSchemaV3","schema_type":"Iced"},"name":"weights_column","label":"weights_column","help":"Column with observation weights. Giving some observation a weight of zero is equivalent to excluding it from the dataset; giving an observation a relative weight of 2 is equivalent to repeating that row twice. Negative weights are not allowed. Note: Weights are per-row observation weights and do not increase the size of the data frame. This is typically the number of times a row is repeated, but non-integer values are supported as well. During training, rows with higher weights matter more, due to the larger loss function pre-factor.","required":false,"type":"VecSpecifier","default_value":null,"actual_value":null,"input_value":null,"level":"secondary","values":[],"is_member_of_frames":["training_frame","validation_frame"],"is_mutually_exclusive_with":["response_column","ignored_columns","offset_column","fold_column"],"gridable":true},{"__meta":{"schema_version":3,"schema_name":"ModelParameterSchemaV3","schema_type":"Iced"},"name":"stopping_rounds","label":"stopping_rounds","help":"Early stopping based on convergence of stopping_metric. Stop if simple moving average of length k of the stopping_metric does not improve for k:=stopping_rounds scoring events (0 to disable)","required":false,"type":"int","default_value":0,"actual_value":0,"input_value":0,"level":"secondary","values":[],"is_member_of_frames":[],"is_mutually_exclusive_with":[],"gridable":true},{"__meta":{"schema_version":3,"schema_name":"ModelParameterSchemaV3","schema_type":"Iced"},"name":"stopping_metric","label":"stopping_metric","help":"Metric to use for early stopping (AUTO: logloss for classification, deviance for regression and anonomaly_score for Isolation Forest). Note that custom and custom_increasing can only be used in GBM and DRF with the Python client.","required":false,"type":"enum","default_value":"AUTO","actual_value":null,"input_value":"AUTO","level":"secondary","values":["AUTO","deviance","logloss","MSE","RMSE","MAE","RMSLE","AUC","AUCPR","lift_top_group","misclassification","mean_per_class_error","anomaly_score","custom","custom_increasing"],"is_member_of_frames":[],"is_mutually_exclusive_with":[],"gridable":true},{"__meta":{"schema_version":3,"schema_name":"ModelParameterSchemaV3","schema_type":"Iced"},"name":"stopping_tolerance","label":"stopping_tolerance","help":"Relative tolerance for metric-based stopping criterion (stop if relative improvement is not at least this much)","required":false,"type":"double","default_value":0.001,"actual_value":0.001,"input_value":0.001,"level":"secondary","values":[],"is_member_of_frames":[],"is_mutually_exclusive_with":[],"gridable":true},{"__meta":{"schema_version":3,"schema_name":"ModelParameterSchemaV3","schema_type":"Iced"},"name":"max_runtime_secs","label":"max_runtime_secs","help":"Maximum allowed runtime in seconds for model training. Use 0 to disable.","required":false,"type":"double","default_value":0.0,"actual_value":0.0,"input_value":0.0,"level":"secondary","values":[],"is_member_of_frames":[],"is_mutually_exclusive_with":[],"gridable":true},{"__meta":{"schema_version":3,"schema_name":"ModelParameterSchemaV3","schema_type":"Iced"},"name":"seed","label":"seed","help":"Seed for pseudo random number generator (if applicable)","required":false,"type":"long","default_value":-1,"actual_value":12345,"input_value":12345,"level":"critical","values":[],"is_member_of_frames":[],"is_mutually_exclusive_with":[],"gridable":true},{"__meta":{"schema_version":3,"schema_name":"ModelParameterSchemaV3","schema_type":"Iced"},"name":"distribution","label":"distribution","help":"Distribution function","required":false,"type":"enum","default_value":"AUTO","actual_value":"bernoulli","input_value":"AUTO","level":"secondary","values":["AUTO","bernoulli","quasibinomial","ordinal","multinomial","gaussian","poisson","gamma","tweedie","laplace","quantile","huber","custom"],"is_member_of_frames":[],"is_mutually_exclusive_with":[],"gridable":true},{"__meta":{"schema_version":3,"schema_name":"ModelParameterSchemaV3","schema_type":"Iced"},"name":"tweedie_power","label":"tweedie_power","help":"Tweedie power for Tweedie regression, must be between 1 and 2.","required":false,"type":"double","default_value":1.5,"actual_value":1.5,"input_value":1.5,"level":"secondary","values":[],"is_member_of_frames":[],"is_mutually_exclusive_with":[],"gridable":true},{"__meta":{"schema_version":3,"schema_name":"ModelParameterSchemaV3","schema_type":"Iced"},"name":"categorical_encoding","label":"categorical_encoding","help":"Encoding scheme for categorical features","required":false,"type":"enum","default_value":"AUTO","actual_value":"OneHotInternal","input_value":"AUTO","level":"secondary","values":["AUTO","Enum","OneHotInternal","OneHotExplicit","Binary","Eigen","LabelEncoder","SortByResponse","EnumLimited"],"is_member_of_frames":[],"is_mutually_exclusive_with":[],"gridable":true},{"__meta":{"schema_version":3,"schema_name":"ModelParameterSchemaV3","schema_type":"Iced"},"name":"quiet_mode","label":"quiet_mode","help":"Enable quiet mode","required":false,"type":"boolean","default_value":true,"actual_value":true,"input_value":true,"level":"expert","values":[],"is_member_of_frames":[],"is_mutually_exclusive_with":[],"gridable":false},{"__meta":{"schema_version":3,"schema_name":"ModelParameterSchemaV3","schema_type":"Iced"},"name":"checkpoint","label":"checkpoint","help":"Model checkpoint to resume training with.","required":false,"type":"Key<Model>","default_value":null,"actual_value":null,"input_value":null,"level":"secondary","values":[],"is_member_of_frames":[],"is_mutually_exclusive_with":[],"gridable":false},{"__meta":{"schema_version":3,"schema_name":"ModelParameterSchemaV3","schema_type":"Iced"},"name":"export_checkpoints_dir","label":"export_checkpoints_dir","help":"Automatically export generated models to this directory.","required":false,"type":"string","default_value":null,"actual_value":null,"input_value":null,"level":"secondary","values":[],"is_member_of_frames":[],"is_mutually_exclusive_with":[],"gridable":false},{"__meta":{"schema_version":3,"schema_name":"ModelParameterSchemaV3","schema_type":"Iced"},"name":"ntrees","label":"ntrees","help":"(same as n_estimators) Number of trees.","required":false,"type":"int","default_value":50,"actual_value":50,"input_value":50,"level":"critical","values":[],"is_member_of_frames":[],"is_mutually_exclusive_with":[],"gridable":true},{"__meta":{"schema_version":3,"schema_name":"ModelParameterSchemaV3","schema_type":"Iced"},"name":"max_depth","label":"max_depth","help":"Maximum tree depth (0 for unlimited).","required":false,"type":"int","default_value":6,"actual_value":6,"input_value":6,"level":"critical","values":[],"is_member_of_frames":[],"is_mutually_exclusive_with":[],"gridable":true},{"__meta":{"schema_version":3,"schema_name":"ModelParameterSchemaV3","schema_type":"Iced"},"name":"min_rows","label":"min_rows","help":"(same as min_child_weight) Fewest allowed (weighted) observations in a leaf.","required":false,"type":"double","default_value":1.0,"actual_value":1.0,"input_value":1.0,"level":"critical","values":[],"is_member_of_frames":[],"is_mutually_exclusive_with":[],"gridable":true},{"__meta":{"schema_version":3,"schema_name":"ModelParameterSchemaV3","schema_type":"Iced"},"name":"min_child_weight","label":"min_child_weight","help":"(same as min_rows) Fewest allowed (weighted) observations in a leaf.","required":false,"type":"double","default_value":1.0,"actual_value":1.0,"input_value":1.0,"level":"critical","values":[],"is_member_of_frames":[],"is_mutually_exclusive_with":[],"gridable":true},{"__meta":{"schema_version":3,"schema_name":"ModelParameterSchemaV3","schema_type":"Iced"},"name":"learn_rate","label":"learn_rate","help":"(same as eta) Learning rate (from 0.0 to 1.0)","required":false,"type":"double","default_value":0.3,"actual_value":0.3,"input_value":0.3,"level":"critical","values":[],"is_member_of_frames":[],"is_mutually_exclusive_with":[],"gridable":true},{"__meta":{"schema_version":3,"schema_name":"ModelParameterSchemaV3","schema_type":"Iced"},"name":"eta","label":"eta","help":"(same as learn_rate) Learning rate (from 0.0 to 1.0)","required":false,"type":"double","default_value":0.3,"actual_value":0.3,"input_value":0.3,"level":"critical","values":[],"is_member_of_frames":[],"is_mutually_exclusive_with":[],"gridable":true},{"__meta":{"schema_version":3,"schema_name":"ModelParameterSchemaV3","schema_type":"Iced"},"name":"sample_rate","label":"sample_rate","help":"(same as subsample) Row sample rate per tree (from 0.0 to 1.0)","required":false,"type":"double","default_value":1.0,"actual_value":1.0,"input_value":1.0,"level":"critical","values":[],"is_member_of_frames":[],"is_mutually_exclusive_with":[],"gridable":true},{"__meta":{"schema_version":3,"schema_name":"ModelParameterSchemaV3","schema_type":"Iced"},"name":"subsample","label":"subsample","help":"(same as sample_rate) Row sample rate per tree (from 0.0 to 1.0)","required":false,"type":"double","default_value":1.0,"actual_value":1.0,"input_value":1.0,"level":"critical","values":[],"is_member_of_frames":[],"is_mutually_exclusive_with":[],"gridable":true},{"__meta":{"schema_version":3,"schema_name":"ModelParameterSchemaV3","schema_type":"Iced"},"name":"col_sample_rate","label":"col_sample_rate","help":"(same as colsample_bylevel) Column sample rate (from 0.0 to 1.0)","required":false,"type":"double","default_value":1.0,"actual_value":1.0,"input_value":1.0,"level":"critical","values":[],"is_member_of_frames":[],"is_mutually_exclusive_with":[],"gridable":true},{"__meta":{"schema_version":3,"schema_name":"ModelParameterSchemaV3","schema_type":"Iced"},"name":"colsample_bylevel","label":"colsample_bylevel","help":"(same as col_sample_rate) Column sample rate (from 0.0 to 1.0)","required":false,"type":"double","default_value":1.0,"actual_value":1.0,"input_value":1.0,"level":"critical","values":[],"is_member_of_frames":[],"is_mutually_exclusive_with":[],"gridable":true},{"__meta":{"schema_version":3,"schema_name":"ModelParameterSchemaV3","schema_type":"Iced"},"name":"col_sample_rate_per_tree","label":"col_sample_rate_per_tree","help":"(same as colsample_bytree) Column sample rate per tree (from 0.0 to 1.0)","required":false,"type":"double","default_value":1.0,"actual_value":1.0,"input_value":1.0,"level":"secondary","values":[],"is_member_of_frames":[],"is_mutually_exclusive_with":[],"gridable":true},{"__meta":{"schema_version":3,"schema_name":"ModelParameterSchemaV3","schema_type":"Iced"},"name":"colsample_bytree","label":"colsample_bytree","help":"(same as col_sample_rate_per_tree) Column sample rate per tree (from 0.0 to 1.0)","required":false,"type":"double","default_value":1.0,"actual_value":1.0,"input_value":1.0,"level":"secondary","values":[],"is_member_of_frames":[],"is_mutually_exclusive_with":[],"gridable":true},{"__meta":{"schema_version":3,"schema_name":"ModelParameterSchemaV3","schema_type":"Iced"},"name":"colsample_bynode","label":"colsample_bynode","help":"Column sample rate per tree node (from 0.0 to 1.0)","required":false,"type":"double","default_value":1.0,"actual_value":1.0,"input_value":1.0,"level":"secondary","values":[],"is_member_of_frames":[],"is_mutually_exclusive_with":[],"gridable":true},{"__meta":{"schema_version":3,"schema_name":"ModelParameterSchemaV3","schema_type":"Iced"},"name":"max_abs_leafnode_pred","label":"max_abs_leafnode_pred","help":"(same as max_delta_step) Maximum absolute value of a leaf node prediction","required":false,"type":"float","default_value":0.0,"actual_value":0.0,"input_value":0.0,"level":"expert","values":[],"is_member_of_frames":[],"is_mutually_exclusive_with":[],"gridable":true},{"__meta":{"schema_version":3,"schema_name":"ModelParameterSchemaV3","schema_type":"Iced"},"name":"max_delta_step","label":"max_delta_step","help":"(same as max_abs_leafnode_pred) Maximum absolute value of a leaf node prediction","required":false,"type":"float","default_value":0.0,"actual_value":0.0,"input_value":0.0,"level":"expert","values":[],"is_member_of_frames":[],"is_mutually_exclusive_with":[],"gridable":true},{"__meta":{"schema_version":3,"schema_name":"ModelParameterSchemaV3","schema_type":"Iced"},"name":"monotone_constraints","label":"monotone_constraints","help":"A mapping representing monotonic constraints. Use +1 to enforce an increasing constraint and -1 to specify a decreasing constraint.","required":false,"type":"KeyValue[]","default_value":null,"actual_value":null,"input_value":null,"level":"secondary","values":[],"is_member_of_frames":[],"is_mutually_exclusive_with":[],"gridable":false},{"__meta":{"schema_version":3,"schema_name":"ModelParameterSchemaV3","schema_type":"Iced"},"name":"score_tree_interval","label":"score_tree_interval","help":"Score the model after every so many trees. Disabled if set to 0.","required":false,"type":"int","default_value":0,"actual_value":0,"input_value":0,"level":"secondary","values":[],"is_member_of_frames":[],"is_mutually_exclusive_with":[],"gridable":false},{"__meta":{"schema_version":3,"schema_name":"ModelParameterSchemaV3","schema_type":"Iced"},"name":"min_split_improvement","label":"min_split_improvement","help":"(same as gamma) Minimum relative improvement in squared error reduction for a split to happen","required":false,"type":"float","default_value":0.0,"actual_value":0.0,"input_value":0.0,"level":"secondary","values":[],"is_member_of_frames":[],"is_mutually_exclusive_with":[],"gridable":true},{"__meta":{"schema_version":3,"schema_name":"ModelParameterSchemaV3","schema_type":"Iced"},"name":"gamma","label":"gamma","help":"(same as min_split_improvement) Minimum relative improvement in squared error reduction for a split to happen","required":false,"type":"float","default_value":0.0,"actual_value":0.0,"input_value":0.0,"level":"secondary","values":[],"is_member_of_frames":[],"is_mutually_exclusive_with":[],"gridable":true},{"__meta":{"schema_version":3,"schema_name":"ModelParameterSchemaV3","schema_type":"Iced"},"name":"nthread","label":"nthread","help":"Number of parallel threads that can be used to run XGBoost. Cannot exceed H2O cluster limits (-nthreads parameter). Defaults to maximum available","required":false,"type":"int","default_value":-1,"actual_value":-1,"input_value":-1,"level":"expert","values":[],"is_member_of_frames":[],"is_mutually_exclusive_with":[],"gridable":false},{"__meta":{"schema_version":3,"schema_name":"ModelParameterSchemaV3","schema_type":"Iced"},"name":"save_matrix_directory","label":"save_matrix_directory","help":"Directory where to save matrices passed to XGBoost library. Useful for debugging.","required":false,"type":"string","default_value":null,"actual_value":null,"input_value":null,"level":"expert","values":[],"is_member_of_frames":[],"is_mutually_exclusive_with":[],"gridable":false},{"__meta":{"schema_version":3,"schema_name":"ModelParameterSchemaV3","schema_type":"Iced"},"name":"build_tree_one_node","label":"build_tree_one_node","help":"Run on one node only; no network overhead but fewer cpus used. Suitable for small datasets.","required":false,"type":"boolean","default_value":false,"actual_value":false,"input_value":false,"level":"expert","values":[],"is_member_of_frames":[],"is_mutually_exclusive_with":[],"gridable":false},{"__meta":{"schema_version":3,"schema_name":"ModelParameterSchemaV3","schema_type":"Iced"},"name":"calibrate_model","label":"calibrate_model","help":"Use Platt Scaling to calculate calibrated class probabilities. Calibration can provide more accurate estimates of class probabilities.","required":false,"type":"boolean","default_value":false,"actual_value":false,"input_value":false,"level":"expert","values":[],"is_member_of_frames":[],"is_mutually_exclusive_with":[],"gridable":false},{"__meta":{"schema_version":3,"schema_name":"ModelParameterSchemaV3","schema_type":"Iced"},"name":"calibration_frame","label":"calibration_frame","help":"Calibration frame for Platt Scaling","required":false,"type":"Key<Frame>","default_value":null,"actual_value":null,"input_value":null,"level":"expert","values":[],"is_member_of_frames":[],"is_mutually_exclusive_with":[],"gridable":false},{"__meta":{"schema_version":3,"schema_name":"ModelParameterSchemaV3","schema_type":"Iced"},"name":"max_bins","label":"max_bins","help":"For tree_method=hist only: maximum number of bins","required":false,"type":"int","default_value":256,"actual_value":256,"input_value":256,"level":"expert","values":[],"is_member_of_frames":[],"is_mutually_exclusive_with":[],"gridable":true},{"__meta":{"schema_version":3,"schema_name":"ModelParameterSchemaV3","schema_type":"Iced"},"name":"max_leaves","label":"max_leaves","help":"For tree_method=hist only: maximum number of leaves","required":false,"type":"int","default_value":0,"actual_value":0,"input_value":0,"level":"secondary","values":[],"is_member_of_frames":[],"is_mutually_exclusive_with":[],"gridable":true},{"__meta":{"schema_version":3,"schema_name":"ModelParameterSchemaV3","schema_type":"Iced"},"name":"sample_type","label":"sample_type","help":"For booster=dart only: sample_type","required":false,"type":"enum","default_value":"uniform","actual_value":"uniform","input_value":"uniform","level":"expert","values":["uniform","weighted"],"is_member_of_frames":[],"is_mutually_exclusive_with":[],"gridable":true},{"__meta":{"schema_version":3,"schema_name":"ModelParameterSchemaV3","schema_type":"Iced"},"name":"normalize_type","label":"normalize_type","help":"For booster=dart only: normalize_type","required":false,"type":"enum","default_value":"tree","actual_value":"tree","input_value":"tree","level":"expert","values":["tree","forest"],"is_member_of_frames":[],"is_mutually_exclusive_with":[],"gridable":true},{"__meta":{"schema_version":3,"schema_name":"ModelParameterSchemaV3","schema_type":"Iced"},"name":"rate_drop","label":"rate_drop","help":"For booster=dart only: rate_drop (0..1)","required":false,"type":"float","default_value":0.0,"actual_value":0.0,"input_value":0.0,"level":"expert","values":[],"is_member_of_frames":[],"is_mutually_exclusive_with":[],"gridable":true},{"__meta":{"schema_version":3,"schema_name":"ModelParameterSchemaV3","schema_type":"Iced"},"name":"one_drop","label":"one_drop","help":"For booster=dart only: one_drop","required":false,"type":"boolean","default_value":false,"actual_value":false,"input_value":false,"level":"expert","values":[],"is_member_of_frames":[],"is_mutually_exclusive_with":[],"gridable":true},{"__meta":{"schema_version":3,"schema_name":"ModelParameterSchemaV3","schema_type":"Iced"},"name":"skip_drop","label":"skip_drop","help":"For booster=dart only: skip_drop (0..1)","required":false,"type":"float","default_value":0.0,"actual_value":0.0,"input_value":0.0,"level":"expert","values":[],"is_member_of_frames":[],"is_mutually_exclusive_with":[],"gridable":true},{"__meta":{"schema_version":3,"schema_name":"ModelParameterSchemaV3","schema_type":"Iced"},"name":"tree_method","label":"tree_method","help":"Tree method","required":false,"type":"enum","default_value":"auto","actual_value":"exact","input_value":"auto","level":"secondary","values":["auto","exact","approx","hist"],"is_member_of_frames":[],"is_mutually_exclusive_with":[],"gridable":true},{"__meta":{"schema_version":3,"schema_name":"ModelParameterSchemaV3","schema_type":"Iced"},"name":"grow_policy","label":"grow_policy","help":"Grow policy - depthwise is standard GBM, lossguide is LightGBM","required":false,"type":"enum","default_value":"depthwise","actual_value":"depthwise","input_value":"depthwise","level":"secondary","values":["depthwise","lossguide"],"is_member_of_frames":[],"is_mutually_exclusive_with":[],"gridable":true},{"__meta":{"schema_version":3,"schema_name":"ModelParameterSchemaV3","schema_type":"Iced"},"name":"booster","label":"booster","help":"Booster type","required":false,"type":"enum","default_value":"gbtree","actual_value":"dart","input_value":"dart","level":"expert","values":["gbtree","gblinear","dart"],"is_member_of_frames":[],"is_mutually_exclusive_with":[],"gridable":true},{"__meta":{"schema_version":3,"schema_name":"ModelParameterSchemaV3","schema_type":"Iced"},"name":"reg_lambda","label":"reg_lambda","help":"L2 regularization","required":false,"type":"float","default_value":1.0,"actual_value":1.0,"input_value":1.0,"level":"expert","values":[],"is_member_of_frames":[],"is_mutually_exclusive_with":[],"gridable":true},{"__meta":{"schema_version":3,"schema_name":"ModelParameterSchemaV3","schema_type":"Iced"},"name":"reg_alpha","label":"reg_alpha","help":"L1 regularization","required":false,"type":"float","default_value":0.0,"actual_value":0.0,"input_value":0.0,"level":"expert","values":[],"is_member_of_frames":[],"is_mutually_exclusive_with":[],"gridable":true},{"__meta":{"schema_version":3,"schema_name":"ModelParameterSchemaV3","schema_type":"Iced"},"name":"dmatrix_type","label":"dmatrix_type","help":"Type of DMatrix. For sparse, NAs and 0 are treated equally.","required":false,"type":"enum","default_value":"auto","actual_value":"dense","input_value":"auto","level":"secondary","values":["auto","dense","sparse"],"is_member_of_frames":[],"is_mutually_exclusive_with":[],"gridable":true},{"__meta":{"schema_version":3,"schema_name":"ModelParameterSchemaV3","schema_type":"Iced"},"name":"backend","label":"backend","help":"Backend. By default (auto), a GPU is used if available.","required":false,"type":"enum","default_value":"auto","actual_value":"cpu","input_value":"auto","level":"expert","values":["auto","gpu","cpu"],"is_member_of_frames":[],"is_mutually_exclusive_with":[],"gridable":true},{"__meta":{"schema_version":3,"schema_name":"ModelParameterSchemaV3","schema_type":"Iced"},"name":"gpu_id","label":"gpu_id","help":"Which GPU to use. ","required":false,"type":"int","default_value":0,"actual_value":0,"input_value":0,"level":"expert","values":[],"is_member_of_frames":[],"is_mutually_exclusive_with":[],"gridable":false},{"__meta":{"schema_version":3,"schema_name":"ModelParameterSchemaV3","schema_type":"Iced"},"name":"gainslift_bins","label":"gainslift_bins","help":"Gains/Lift table number of bins. 0 means disabled.. Default value -1 means automatic binning.","required":false,"type":"int","default_value":-1,"actual_value":-1,"input_value":-1,"level":"secondary","values":[],"is_member_of_frames":[],"is_mutually_exclusive_with":[],"gridable":false}],"output":{"__meta":{"schema_version":3,"schema_name":"XGBoostModelOutputV3","schema_type":"XGBoostOutput"},"names":["T_Percent","R_Percent","T_TeachArea","R_TeachArea","algo_leadsidesolder_class"],"original_names":null,"column_types":["Numeric","Numeric","Numeric","Numeric","Enum"],"domains":[null,null,null,null,["false","true"]],"cross_validation_models":null,"cross_validation_predictions":null,"cross_validation_holdout_predictions_frame_id":null,"cross_validation_fold_assignment_frame_id":null,"model_category":"Binomial","model_summary":{"__meta":{"schema_version":3,"schema_name":"TwoDimTableV3","schema_type":"TwoDimTable"},"name":"Model Summary","description":"","columns":[{"__meta":{"schema_version":-1,"schema_name":"ColumnSpecsBase","schema_type":"Iced"},"name":"","type":"string","format":"%s","description":""},{"__meta":{"schema_version":-1,"schema_name":"ColumnSpecsBase","schema_type":"Iced"},"name":"number_of_trees","type":"long","format":"%d","description":"Number of Trees"}],"rowcount":1,"data":[[""],[50]]},"scoring_history":{"__meta":{"schema_version":3,"schema_name":"TwoDimTableV3","schema_type":"TwoDimTable"},"name":"Scoring History","description":"","columns":[{"__meta":{"schema_version":-1,"schema_name":"ColumnSpecsBase","schema_type":"Iced"},"name":"","type":"string","format":"%s","description":""},{"__meta":{"schema_version":-1,"schema_name":"ColumnSpecsBase","schema_type":"Iced"},"name":"timestamp","type":"string","format":"%s","description":"Timestamp"},{"__meta":{"schema_version":-1,"schema_name":"ColumnSpecsBase","schema_type":"Iced"},"name":"duration","type":"string","format":"%s","description":"Duration"},{"__meta":{"schema_version":-1,"schema_name":"ColumnSpecsBase","schema_type":"Iced"},"name":"number_of_trees","type":"long","format":"%d","description":"Number of Trees"},{"__meta":{"schema_version":-1,"schema_name":"ColumnSpecsBase","schema_type":"Iced"},"name":"training_rmse","type":"double","format":"%.5f","description":"Training RMSE"},{"__meta":{"schema_version":-1,"schema_name":"ColumnSpecsBase","schema_type":"Iced"},"name":"training_logloss","type":"double","format":"%.5f","description":"Training LogLoss"},{"__meta":{"schema_version":-1,"schema_name":"ColumnSpecsBase","schema_type":"Iced"},"name":"training_auc","type":"double","format":"%.5f","description":"Training AUC"},{"__meta":{"schema_version":-1,"schema_name":"ColumnSpecsBase","schema_type":"Iced"},"name":"training_pr_auc","type":"double","format":"%.5f","description":"Training pr_auc"},{"__meta":{"schema_version":-1,"schema_name":"ColumnSpecsBase","schema_type":"Iced"},"name":"training_lift","type":"double","format":"%.5f","description":"Training Lift"},{"__meta":{"schema_version":-1,"schema_name":"ColumnSpecsBase","schema_type":"Iced"},"name":"training_classification_error","type":"double","format":"%.5f","description":"Training Classification Error"},{"__meta":{"schema_version":-1,"schema_name":"ColumnSpecsBase","schema_type":"Iced"},"name":"validation_rmse","type":"double","format":"%.5f","description":"Validation RMSE"},{"__meta":{"schema_version":-1,"schema_name":"ColumnSpecsBase","schema_type":"Iced"},"name":"validation_logloss","type":"double","format":"%.5f","description":"Validation LogLoss"},{"__meta":{"schema_version":-1,"schema_name":"ColumnSpecsBase","schema_type":"Iced"},"name":"validation_auc","type":"double","format":"%.5f","description":"Validation AUC"},{"__meta":{"schema_version":-1,"schema_name":"ColumnSpecsBase","schema_type":"Iced"},"name":"validation_pr_auc","type":"double","format":"%.5f","description":"Validation pr_auc"},{"__meta":{"schema_version":-1,"schema_name":"ColumnSpecsBase","schema_type":"Iced"},"name":"validation_lift","type":"double","format":"%.5f","description":"Validation Lift"},{"__meta":{"schema_version":-1,"schema_name":"ColumnSpecsBase","schema_type":"Iced"},"name":"validation_classification_error","type":"double","format":"%.5f","description":"Validation Classification Error"}],"rowcount":51,"data":[["","","","","","","","","","","","","","","","","","","","","","","","","","","","","","","","","","","","","","","","","","","","","","","","","","",""],["2020-09-22 17:13:22","2020-09-22 17:13:22","2020-09-22 17:13:22","2020-09-22 17:13:22","2020-09-22 17:13:22","2020-09-22 17:13:22","2020-09-22 17:13:22","2020-09-22 17:13:22","2020-09-22 17:13:22","2020-09-22 17:13:23","2020-09-22 17:13:23","2020-09-22 17:13:23","2020-09-22 17:13:23","2020-09-22 17:13:23","2020-09-22 17:13:23","2020-09-22 17:13:23","2020-09-22 17:13:23","2020-09-22 17:13:23","2020-09-22 17:13:23","2020-09-22 17:13:23","2020-09-22 17:13:23","2020-09-22 17:13:23","2020-09-22 17:13:23","2020-09-22 17:13:23","2020-09-22 17:13:23","2020-09-22 17:13:23","2020-09-22 17:13:23","2020-09-22 17:13:23","2020-09-22 17:13:23","2020-09-22 17:13:23","2020-09-22 17:13:23","2020-09-22 17:13:23","2020-09-22 17:13:23","2020-09-22 17:13:23","2020-09-22 17:13:23","2020-09-22 17:13:23","2020-09-22 17:13:23","2020-09-22 17:13:23","2020-09-22 17:13:23","2020-09-22 17:13:23","2020-09-22 17:13:23","2020-09-22 17:13:24","2020-09-22 17:13:24","2020-09-22 17:13:24","2020-09-22 17:13:24","2020-09-22 17:13:24","2020-09-22 17:13:24","2020-09-22 17:13:24","2020-09-22 17:13:24","2020-09-22 17:13:24","2020-09-22 17:13:24"],[" 0.077 sec"," 0.283 sec"," 0.338 sec"," 0.422 sec"," 0.461 sec"," 0.489 sec"," 0.519 sec"," 0.551 sec"," 0.577 sec"," 0.610 sec"," 0.645 sec"," 0.673 sec"," 0.704 sec"," 0.732 sec"," 0.763 sec"," 0.793 sec"," 0.825 sec"," 0.854 sec"," 0.883 sec"," 0.913 sec"," 0.945 sec"," 0.975 sec"," 1.009 sec"," 1.037 sec"," 1.070 sec"," 1.098 sec"," 1.126 sec"," 1.155 sec"," 1.188 sec"," 1.221 sec"," 1.253 sec"," 1.285 sec"," 1.316 sec"," 1.349 sec"," 1.381 sec"," 1.413 sec"," 1.443 sec"," 1.474 sec"," 1.507 sec"," 1.544 sec"," 1.580 sec"," 1.617 sec"," 1.680 sec"," 1.745 sec"," 1.781 sec"," 1.815 sec"," 1.851 sec"," 1.886 sec"," 1.921 sec"," 1.955 sec"," 1.992 sec"],[0,1,2,3,4,5,6,7,8,9,10,11,12,13,14,15,16,17,18,19,20,21,22,23,24,25,26,27,28,29,30,31,32,33,34,35,36,37,38,39,40,41,42,43,44,45,46,47,48,49,50],[0.5,0.35512671061766793,0.256967917716456,0.18765015054292833,0.13770497412677407,0.10136209247508148,0.07476130807376177,0.055514023456679995,0.04105005686092374,0.030380859090485778,0.0225014116597698,0.0166772448658174,0.012610079128226696,0.009372210580986758,0.006975911615281406,0.005202048376678236,0.0038890000420748042,0.002917182064319036,0.002198016244628662,0.001666288502417605,0.0012732980863051243,0.00105067282007973,8.283593807370193E-4,7.355769825338166E-4,6.946812166934011E-4,6.894119181895462E-4,7.059612874164758E-4,6.006853939309018E-4,6.270916652399018E-4,6.376288900082133E-4,6.479774060319433E-4,6.634766802406835E-4,6.566608847761526E-4,6.514336583536266E-4,6.627268562943204E-4,6.466807300095272E-4,6.340755052747444E-4,6.241344548318515E-4,6.16256599793022E-4,6.20275079233152E-4,6.296517983765798E-4,6.342593891997833E-4,6.470548602906932E-4,6.522699683399846E-4,6.639492135358709E-4,6.671582318065455E-4,6.775390831047324E-4,6.78520969637185E-4,6.87134842423137E-4,6.868699798955392E-4,6.944083412655951E-4],[0.6931471805599706,0.4386605547814245,0.2969501412162455,0.20776408068654542,0.1481083093856213,0.10683424320875193,0.07766925592890118,0.05694328636968317,0.041779880797663704,0.03074070797695489,0.022665683018933586,0.016738518840007162,0.01244656895114414,0.00921328270934845,0.006826831065353011,0.005063497886904963,0.003759657601800686,0.002794984541748267,0.0020807548623157247,0.001551908082582794,0.001159984455169606,8.777820761902339E-4,6.603383407891188E-4,5.059505030079334E-4,3.9188273997680924E-4,3.074286778129913E-4,2.4502457404163426E-4,1.910054708872506E-4,1.5726989357548113E-4,1.309521294006691E-4,1.1171362809954841E-4,9.715256838312547E-5,8.558895668938974E-5,7.679331522683222E-5,6.987828122883671E-5,6.416489326571192E-5,5.9638376768359805E-5,5.6213290845926856E-5,5.3461152233412916E-5,5.184063211730408E-5,5.040775905044915E-5,4.953167638726622E-5,4.867194630078809E-5,4.8171527046570134E-5,4.764276789636742E-5,4.727309061748513E-5,4.686609255928672E-5,4.656881492776713E-5,4.634493081230568E-5,4.6096955846268245E-5,4.5963397810943096E-5],[0.5,0.5,1.0,1.0,1.0,1.0,1.0,1.0,1.0,1.0,1.0,1.0,1.0,1.0,1.0,1.0,1.0,1.0,1.0,1.0,1.0,1.0,1.0,1.0,1.0,1.0,1.0,1.0,1.0,1.0,1.0,1.0,1.0,1.0,1.0,1.0,1.0,1.0,1.0,1.0,1.0,1.0,1.0,1.0,1.0,1.0,1.0,1.0,1.0,1.0,1.0],[0.9988710462287106,0.9988710462287106,1.0,1.0,1.0,1.0,1.0,1.0,1.0,1.0,1.0,1.0,1.0,1.0,1.0,1.0,1.0,1.0,1.0,1.0,1.0,1.0,1.0,1.0,1.0,1.0,1.0,1.0,1.0,1.0,1.0,1.0,1.0,1.0,1.0,1.0,1.0,1.0,1.0,1.0,1.0,1.0,1.0,1.0,1.0,1.0,1.0,1.0,1.0,1.0,1.0],[1.0,1.0,1.0011302297484264,1.0011302297484264,1.0011302297484264,1.0011302297484264,1.0011302297484264,1.0011302297484264,1.0011302297484264,1.0011302297484264,1.0011302297484264,1.0011302297484264,1.0011302297484264,1.0011302297484264,1.0011302297484264,1.0011302297484264,1.0011302297484264,1.0011302297484264,1.0011302297484264,1.0011302297484264,1.0011302297484264,1.0011302297484264,1.0011302297484264,1.0011302297484264,1.0011302297484264,1.0011302297484264,1.0011302297484264,1.0011302297484264,1.0011302297484264,1.0011302297484264,1.0011302297484264,1.0011302297484264,1.0011302297484264,1.0011302297484264,1.0011302297484264,1.0011302297484264,1.0011302297484264,1.0011302297484264,1.0011302297484264,1.0011302297484264,1.0011302297484264,1.0011302297484264,1.0011302297484264,1.0011302297484264,1.0011302297484264,1.0011302297484264,1.0011302297484264,1.0011302297484264,1.0011302297484264,1.0011302297484264,1.0011302297484264],[0.0011289537712895377,0.0011289537712895377,0.0,0.0,0.0,0.0,0.0,0.0,0.0,0.0,0.0,0.0,0.0,0.0,0.0,0.0,0.0,0.0,0.0,0.0,0.0,0.0,0.0,0.0,0.0,0.0,0.0,0.0,0.0,0.0,0.0,0.0,0.0,0.0,0.0,0.0,0.0,0.0,0.0,0.0,0.0,0.0,0.0,0.0,0.0,0.0,0.0,0.0,0.0,0.0,0.0],[0.5,0.35507317097341473,0.25693253931433374,0.18763034813735466,0.13769064233870928,0.10135126531847681,0.07475279093393511,0.05548038902808066,0.04102383763752039,0.030359986341895052,0.022484427550688007,0.01666310078643088,0.012573623015929838,0.009342304838560692,0.006950827543600169,0.005180507964748859,0.003870051587126547,0.0029001122849601213,0.0021822876961344146,0.001651499773046979,0.001259152495187101,0.0010309735665694566,8.098241296932437E-4,7.271502280041693E-4,7.011444434018903E-4,7.131986522771769E-4,7.472025502077818E-4,6.366722654012445E-4,6.552118970731293E-4,6.714618573115792E-4,6.826576374153556E-4,6.83537967149792E-4,6.765888244933665E-4,6.712500318263951E-4,6.64527657904449E-4,6.484802991054156E-4,6.358736359897964E-4,6.2593114511924E-4,6.180520065793603E-4,6.220860557228724E-4,6.399524997787172E-4,6.460191206913351E-4,6.61176913937363E-4,6.656782900588412E-4,6.778726897747137E-4,6.813190506582341E-4,6.908871550526746E-4,6.931376627185879E-4,7.027395003023488E-4,7.033974842952966E-4,7.109309824941536E-4],[0.6931471805600891,0.43858224974401516,0.2969101499130061,0.20774457865650822,0.14809536663764317,0.10682508099551233,0.07766245411312465,0.05692615164777302,0.0417672769135686,0.03073121702925558,0.022658389827022406,0.016732810062710185,0.012437113162209456,0.009205978921771158,0.006821104476270748,0.005058941831274286,0.003755980611632969,0.0027919757565731157,0.002078260172285988,0.0015498137067504628,0.0011582054947177267,8.759277735451704E-4,6.587476468420308E-4,5.049858841189814E-4,3.9151629502853444E-4,3.0762897858314583E-4,2.4575342446896337E-4,1.9161510204314232E-4,1.5723715478657804E-4,1.311761693335895E-4,1.1194876624319482E-4,9.670315396562554E-5,8.518122587455164E-5,7.641728714211501E-5,6.885676879823836E-5,6.320757876800236E-5,5.873183904777837E-5,5.534728762889215E-5,5.2627309548053276E-5,5.1000656162552555E-5,4.9788740365575764E-5,4.8941448693666096E-5,4.8138887669682604E-5,4.7619716089058824E-5,4.708882111657796E-5,4.67334848808022E-5,4.6293848671004436E-5,4.6052360274833925E-5,4.584634096191399E-5,4.5641057269919546E-5,4.5500378190857606E-5],[0.5,0.5,1.0,1.0,1.0,1.0,1.0,1.0,1.0,1.0,1.0,1.0,1.0,1.0,1.0,1.0,1.0,1.0,1.0,1.0,1.0,1.0,1.0,1.0,1.0,1.0,1.0,1.0,1.0,1.0,1.0,1.0,1.0,1.0,1.0,1.0,1.0,1.0,1.0,1.0,1.0,1.0,1.0,1.0,1.0,1.0,1.0,1.0,1.0,1.0,1.0],[0.9990018601696838,0.9990018601696838,1.0,1.0,1.0,1.0,1.0,1.0,1.0,1.0,1.0,1.0,1.0,1.0,1.0,1.0,1.0,1.0,1.0,1.0,1.0,1.0,1.0,1.0,1.0,1.0,1.0,1.0,1.0,1.0,1.0,1.0,1.0,1.0,1.0,1.0,1.0,1.0,1.0,1.0,1.0,1.0,1.0,1.0,1.0,1.0,1.0,1.0,1.0,1.0,1.0],[1.0,1.0,1.0009991371088605,1.0009991371088605,1.0009991371088605,1.0009991371088605,1.0009991371088605,1.0009991371088605,1.0009991371088605,1.0009991371088605,1.0009991371088605,1.0009991371088605,1.0009991371088605,1.0009991371088605,1.0009991371088605,1.0009991371088605,1.0009991371088605,1.0009991371088605,1.0009991371088605,1.0009991371088605,1.0009991371088605,1.0009991371088605,1.0009991371088605,1.0009991371088605,1.0009991371088605,1.0009991371088605,1.0009991371088605,1.0009991371088605,1.0009991371088605,1.0009991371088605,1.0009991371088605,1.0009991371088605,1.0009991371088605,1.0009991371088605,1.0009991371088605,1.0009991371088605,1.0009991371088605,1.0009991371088605,1.0009991371088605,1.0009991371088605,1.0009991371088605,1.0009991371088605,1.0009991371088605,1.0009991371088605,1.0009991371088605,1.0009991371088605,1.0009991371088605,1.0009991371088605,1.0009991371088605,1.0009991371088605,1.0009991371088605],[9.981398303162289E-4,9.981398303162289E-4,0.0,0.0,0.0,0.0,0.0,0.0,0.0,0.0,0.0,0.0,0.0,0.0,0.0,0.0,0.0,0.0,0.0,0.0,0.0,0.0,0.0,0.0,0.0,0.0,0.0,0.0,0.0,0.0,0.0,0.0,0.0,0.0,0.0,0.0,0.0,0.0,0.0,0.0,0.0,0.0,0.0,0.0,0.0,0.0,0.0,0.0,0.0,0.0,0.0]]},"reproducibility_information_table":[{"__meta":{"schema_version":3,"schema_name":"TwoDimTableV3","schema_type":"TwoDimTable"},"name":"Node Information","description":"","columns":[{"__meta":{"schema_version":-1,"schema_name":"ColumnSpecsBase","schema_type":"Iced"},"name":"","type":"string","format":"%s","description":""},{"__meta":{"schema_version":-1,"schema_name":"ColumnSpecsBase","schema_type":"Iced"},"name":"node","type":"int","format":"%d","description":"node"},{"__meta":{"schema_version":-1,"schema_name":"ColumnSpecsBase","schema_type":"Iced"},"name":"h2o","type":"string","format":"%s","description":"h2o"},{"__meta":{"schema_version":-1,"schema_name":"ColumnSpecsBase","schema_type":"Iced"},"name":"healthy","type":"string","format":"%s","description":"healthy"},{"__meta":{"schema_version":-1,"schema_name":"ColumnSpecsBase","schema_type":"Iced"},"name":"last_ping","type":"string","format":"%s","description":"last_ping"},{"__meta":{"schema_version":-1,"schema_name":"ColumnSpecsBase","schema_type":"Iced"},"name":"num_cpus","type":"int","format":"%d","description":"num_cpus"},{"__meta":{"schema_version":-1,"schema_name":"ColumnSpecsBase","schema_type":"Iced"},"name":"sys_load","type":"double","format":"%.5f","description":"sys_load"},{"__meta":{"schema_version":-1,"schema_name":"ColumnSpecsBase","schema_type":"Iced"},"name":"mem_value_size","type":"long","format":"%d","description":"mem_value_size"},{"__meta":{"schema_version":-1,"schema_name":"ColumnSpecsBase","schema_type":"Iced"},"name":"free_mem","type":"long","format":"%d","description":"free_mem"},{"__meta":{"schema_version":-1,"schema_name":"ColumnSpecsBase","schema_type":"Iced"},"name":"pojo_mem","type":"long","format":"%d","description":"pojo_mem"},{"__meta":{"schema_version":-1,"schema_name":"ColumnSpecsBase","schema_type":"Iced"},"name":"swap_mem","type":"long","format":"%d","description":"swap_mem"},{"__meta":{"schema_version":-1,"schema_name":"ColumnSpecsBase","schema_type":"Iced"},"name":"free_disc","type":"long","format":"%d","description":"free_disc"},{"__meta":{"schema_version":-1,"schema_name":"ColumnSpecsBase","schema_type":"Iced"},"name":"max_disc","type":"long","format":"%d","description":"max_disc"},{"__meta":{"schema_version":-1,"schema_name":"ColumnSpecsBase","schema_type":"Iced"},"name":"pid","type":"int","format":"%d","description":"pid"},{"__meta":{"schema_version":-1,"schema_name":"ColumnSpecsBase","schema_type":"Iced"},"name":"num_keys","type":"int","format":"%d","description":"num_keys"},{"__meta":{"schema_version":-1,"schema_name":"ColumnSpecsBase","schema_type":"Iced"},"name":"tcps_active","type":"string","format":"%s","description":"tcps_active"},{"__meta":{"schema_version":-1,"schema_name":"ColumnSpecsBase","schema_type":"Iced"},"name":"open_fds","type":"int","format":"%d","description":"open_fds"},{"__meta":{"schema_version":-1,"schema_name":"ColumnSpecsBase","schema_type":"Iced"},"name":"rpcs_active","type":"string","format":"%s","description":"rpcs_active"},{"__meta":{"schema_version":-1,"schema_name":"ColumnSpecsBase","schema_type":"Iced"},"name":"nthreads","type":"int","format":"%d","description":"nthreads"},{"__meta":{"schema_version":-1,"schema_name":"ColumnSpecsBase","schema_type":"Iced"},"name":"is_leader","type":"string","format":"%s","description":"is_leader"},{"__meta":{"schema_version":-1,"schema_name":"ColumnSpecsBase","schema_type":"Iced"},"name":"total_mem","type":"long","format":"%d","description":"total_mem"},{"__meta":{"schema_version":-1,"schema_name":"ColumnSpecsBase","schema_type":"Iced"},"name":"max_mem","type":"long","format":"%d","description":"max_mem"},{"__meta":{"schema_version":-1,"schema_name":"ColumnSpecsBase","schema_type":"Iced"},"name":"java_version","type":"string","format":"%s","description":"java_version"},{"__meta":{"schema_version":-1,"schema_name":"ColumnSpecsBase","schema_type":"Iced"},"name":"jvm_launch_parameters","type":"string","format":"%s","description":"jvm_launch_parameters"},{"__meta":{"schema_version":-1,"schema_name":"ColumnSpecsBase","schema_type":"Iced"},"name":"os_version","type":"string","format":"%s","description":"os_version"},{"__meta":{"schema_version":-1,"schema_name":"ColumnSpecsBase","schema_type":"Iced"},"name":"machine_physical_mem","type":"long","format":"%d","description":"machine_physical_mem"},{"__meta":{"schema_version":-1,"schema_name":"ColumnSpecsBase","schema_type":"Iced"},"name":"machine_locale","type":"string","format":"%s","description":"machine_locale"}],"rowcount":1,"data":[[""],[0],["10.25.9.1:54321"],["true"],["1600787601665"],[12],[1.54],[0],[7024033728],[611696704],[0],[182751068160],[200510799872],[5958],[6],["\u0000"],[479],["\u0000"],[12],["true"],[3579838464],[7635730432],["Java 1.8.0_265 (from Private Build)"],["[-Xmx8g]"],["Linux 5.0.0-32-generic (amd64)"],[16586354688],["en_US"]]},{"__meta":{"schema_version":3,"schema_name":"TwoDimTableV3","schema_type":"TwoDimTable"},"name":"Cluster Configuration","description":"","columns":[{"__meta":{"schema_version":-1,"schema_name":"ColumnSpecsBase","schema_type":"Iced"},"name":"","type":"string","format":"%s","description":""},{"__meta":{"schema_version":-1,"schema_name":"ColumnSpecsBase","schema_type":"Iced"},"name":"h2o_cluster_uptime","type":"long","format":"%d","description":"H2O cluster uptime"},{"__meta":{"schema_version":-1,"schema_name":"ColumnSpecsBase","schema_type":"Iced"},"name":"h2o_cluster_timezone","type":"string","format":"%s","description":"H2O cluster timezone"},{"__meta":{"schema_version":-1,"schema_name":"ColumnSpecsBase","schema_type":"Iced"},"name":"h2o_data_parsing_timezone","type":"string","format":"%s","description":"H2O data parsing timezone"},{"__meta":{"schema_version":-1,"schema_name":"ColumnSpecsBase","schema_type":"Iced"},"name":"h2o_cluster_version","type":"string","format":"%s","description":"H2O cluster version"},{"__meta":{"schema_version":-1,"schema_name":"ColumnSpecsBase","schema_type":"Iced"},"name":"h2o_cluster_version_age","type":"string","format":"%s","description":"H2O cluster version age"},{"__meta":{"schema_version":-1,"schema_name":"ColumnSpecsBase","schema_type":"Iced"},"name":"h2o_cluster_name","type":"string","format":"%s","description":"H2O cluster name"},{"__meta":{"schema_version":-1,"schema_name":"ColumnSpecsBase","schema_type":"Iced"},"name":"h2o_cluster_total_nodes","type":"int","format":"%d","description":"H2O cluster total nodes"},{"__meta":{"schema_version":-1,"schema_name":"ColumnSpecsBase","schema_type":"Iced"},"name":"h2o_cluster_free_memory","type":"long","format":"%d","description":"H2O cluster free memory"},{"__meta":{"schema_version":-1,"schema_name":"ColumnSpecsBase","schema_type":"Iced"},"name":"h2o_cluster_total_cores","type":"int","format":"%d","description":"H2O cluster total cores"},{"__meta":{"schema_version":-1,"schema_name":"ColumnSpecsBase","schema_type":"Iced"},"name":"h2o_cluster_allowed_cores","type":"int","format":"%d","description":"H2O cluster allowed cores"},{"__meta":{"schema_version":-1,"schema_name":"ColumnSpecsBase","schema_type":"Iced"},"name":"h2o_cluster_status","type":"string","format":"%s","description":"H2O cluster status"},{"__meta":{"schema_version":-1,"schema_name":"ColumnSpecsBase","schema_type":"Iced"},"name":"h2o_internal_security","type":"string","format":"%s","description":"H2O internal security"},{"__meta":{"schema_version":-1,"schema_name":"ColumnSpecsBase","schema_type":"Iced"},"name":"h2o_api_extensions","type":"string","format":"%s","description":"H2O API Extensions"}],"rowcount":1,"data":[[""],[176816],["Europe/Paris"],["UTC"],["3.30.1.2"],["18 days"],["sparkling-water-gabriel_local-1600787423757"],[1],[7024033728],[12],[12],["locked, healthly"],["false"],["XGBoost, Algos, Amazon S3, Sparkling Water REST API Extensions, AutoML, Core V3, TargetEncoder, Core V4"]]},{"__meta":{"schema_version":3,"schema_name":"TwoDimTableV3","schema_type":"TwoDimTable"},"name":"Input Frames Information","description":"","columns":[{"__meta":{"schema_version":-1,"schema_name":"ColumnSpecsBase","schema_type":"Iced"},"name":"","type":"string","format":"%s","description":""},{"__meta":{"schema_version":-1,"schema_name":"ColumnSpecsBase","schema_type":"Iced"},"name":"input_frame","type":"string","format":"%s","description":"Input Frame"},{"__meta":{"schema_version":-1,"schema_name":"ColumnSpecsBase","schema_type":"Iced"},"name":"checksum","type":"long","format":"%d","description":"Checksum"},{"__meta":{"schema_version":-1,"schema_name":"ColumnSpecsBase","schema_type":"Iced"},"name":"espc","type":"string","format":"%d","description":"ESPC"}],"rowcount":3,"data":[["","",""],["training_frame","validation_frame","calibration_frame"],[-2193707721417540372,-3154763858785499986,-1],["[0, 4282, 8564, 12846, 17127, 21408, 25689, 29970, 34251, 38532, 42813, 47094, 51375]","[0, 22041]","-1"]]}],"training_metrics":{"__meta":{"schema_version":3,"schema_name":"ModelMetricsBinomialV3","schema_type":"ModelMetricsBinomial"},"model":{"__meta":{"schema_version":3,"schema_name":"ModelKeyV3","schema_type":"Key<Model>"},"name":"XGBoost_model_python_1600787425382_1","type":"Key<Model>","URL":"/3/Models/XGBoost_model_python_1600787425382_1"},"model_checksum":-9066418589527242140,"frame":{"__meta":{"schema_version":3,"schema_name":"FrameKeyV3","schema_type":"Key<Frame>"},"name":"py_3_sid_91c9","type":"Key<Frame>","URL":"/3/Frames/py_3_sid_91c9"},"frame_checksum":-6142610922766592746,"description":null,"model_category":"Binomial","scoring_time":1600787604410,"predictions":null,"MSE":4.822029444192351E-7,"RMSE":6.944083412655951E-4,"nobs":51375,"custom_metric_name":null,"custom_metric_value":0.0,"r2":0.9995723935232703,"logloss":4.5963397810943096E-5,"AUC":1.0,"pr_auc":1.0,"Gini":1.0,"mean_per_class_error":0.0,"domain":["false","true"],"cm":{"__meta":{"schema_version":3,"schema_name":"ConfusionMatrixV3","schema_type":"ConfusionMatrix"},"table":{"__meta":{"schema_version":3,"schema_name":"TwoDimTableV3","schema_type":"TwoDimTable"},"name":"Confusion Matrix","description":"Row labels: Actual class; Column labels: Predicted class","columns":[{"__meta":{"schema_version":-1,"schema_name":"ColumnSpecsBase","schema_type":"Iced"},"name":"false","type":"long","format":"%d","description":"false"},{"__meta":{"schema_version":-1,"schema_name":"ColumnSpecsBase","schema_type":"Iced"},"name":"true","type":"long","format":"%d","description":"true"},{"__meta":{"schema_version":-1,"schema_name":"ColumnSpecsBase","schema_type":"Iced"},"name":"Error","type":"double","format":"%.4f","description":"Error"},{"__meta":{"schema_version":-1,"schema_name":"ColumnSpecsBase","schema_type":"Iced"},"name":"Rate","type":"string","format":"= %10s","description":"Rate"}],"rowcount":3,"data":[[58,0,58],[0,51317,51317],[0.0,0.0,0.0],["0 / 58","0 / 51,317","0 / 51,375"]]}},"thresholds_and_metric_scores":{"__meta":{"schema_version":3,"schema_name":"TwoDimTableV3","schema_type":"TwoDimTable"},"name":"Metrics for Thresholds","description":"Binomial metrics as a function of classification thresholds","columns":[{"__meta":{"schema_version":-1,"schema_name":"ColumnSpecsBase","schema_type":"Iced"},"name":"threshold","type":"double","format":"%f","description":"Threshold"},{"__meta":{"schema_version":-1,"schema_name":"ColumnSpecsBase","schema_type":"Iced"},"name":"f1","type":"double","format":"%f","description":"f1"},{"__meta":{"schema_version":-1,"schema_name":"ColumnSpecsBase","schema_type":"Iced"},"name":"f2","type":"double","format":"%f","description":"f2"},{"__meta":{"schema_version":-1,"schema_name":"ColumnSpecsBase","schema_type":"Iced"},"name":"f0point5","type":"double","format":"%f","description":"f0point5"},{"__meta":{"schema_version":-1,"schema_name":"ColumnSpecsBase","schema_type":"Iced"},"name":"accuracy","type":"double","format":"%f","description":"accuracy"},{"__meta":{"schema_version":-1,"schema_name":"ColumnSpecsBase","schema_type":"Iced"},"name":"precision","type":"double","format":"%f","description":"precision"},{"__meta":{"schema_version":-1,"schema_name":"ColumnSpecsBase","schema_type":"Iced"},"name":"recall","type":"double","format":"%f","description":"recall"},{"__meta":{"schema_version":-1,"schema_name":"ColumnSpecsBase","schema_type":"Iced"},"name":"specificity","type":"double","format":"%f","description":"specificity"},{"__meta":{"schema_version":-1,"schema_name":"ColumnSpecsBase","schema_type":"Iced"},"name":"absolute_mcc","type":"double","format":"%f","description":"absolute_mcc"},{"__meta":{"schema_version":-1,"schema_name":"ColumnSpecsBase","schema_type":"Iced"},"name":"min_per_class_accuracy","type":"double","format":"%f","description":"min_per_class_accuracy"},{"__meta":{"schema_version":-1,"schema_name":"ColumnSpecsBase","schema_type":"Iced"},"name":"mean_per_class_accuracy","type":"double","format":"%f","description":"mean_per_class_accuracy"},{"__meta":{"schema_version":-1,"schema_name":"ColumnSpecsBase","schema_type":"Iced"},"name":"tns","type":"long","format":"%d","description":"tns"},{"__meta":{"schema_version":-1,"schema_name":"ColumnSpecsBase","schema_type":"Iced"},"name":"fns","type":"long","format":"%d","description":"fns"},{"__meta":{"schema_version":-1,"schema_name":"ColumnSpecsBase","schema_type":"Iced"},"name":"fps","type":"long","format":"%d","description":"fps"},{"__meta":{"schema_version":-1,"schema_name":"ColumnSpecsBase","schema_type":"Iced"},"name":"tps","type":"long","format":"%d","description":"tps"},{"__meta":{"schema_version":-1,"schema_name":"ColumnSpecsBase","schema_type":"Iced"},"name":"tnr","type":"double","format":"%f","description":"tnr"},{"__meta":{"schema_version":-1,"schema_name":"ColumnSpecsBase","schema_type":"Iced"},"name":"fnr","type":"double","format":"%f","description":"fnr"},{"__meta":{"schema_version":-1,"schema_name":"ColumnSpecsBase","schema_type":"Iced"},"name":"fpr","type":"double","format":"%f","description":"fpr"},{"__meta":{"schema_version":-1,"schema_name":"ColumnSpecsBase","schema_type":"Iced"},"name":"tpr","type":"double","format":"%f","description":"tpr"},{"__meta":{"schema_version":-1,"schema_name":"ColumnSpecsBase","schema_type":"Iced"},"name":"idx","type":"int","format":"%d","description":"idx"}],"rowcount":25,"data":[[0.9999885559082031,0.9999773502349854,0.9999439716339111,0.9998626708984375,0.9998492002487183,0.9997009038925171,0.9996172189712524,0.0372520387172699,0.03334328532218933,0.028428493067622185,0.027055660262703896,0.026792455464601517,0.025269588455557823,0.024124281480908394,0.023953890427947044,0.022087624296545982,0.021947041153907776,0.01914392225444317,0.017284521833062172,0.013823073357343674,0.01336665078997612,0.012547567486763,0.012325067073106766,0.011834023520350456,0.011220538057386875],[0.8944114098586694,0.9624964619303709,0.9625069497093759,0.9927770908163065,0.9947796789453581,0.9970782234817023,1.0,0.9999610280792688,0.9999415432579891,0.9999318011321011,0.9999220591960406,0.9999025758933792,0.999892834526767,0.9998441305406722,0.9998343903128075,0.9998051707678219,0.9997856920199502,0.9997759529306331,0.9996883096643484,0.9995909462776112,0.9995714758760398,0.9995617409596899,0.9994838684546242,0.9994741352446245,0.9994352043002376],[0.8411235782043334,0.9413148788927335,0.941330928992866,0.9884932127934837,0.991673566306844,0.9953333385358545,1.0,0.9999844108671844,0.9999766164830411,0.9999727193365342,0.9999688222204035,0.999961028079269,0.9999571310542642,0.9999376463848543,0.9999337495420925,0.9999220591960405,0.999914265783864,0.9999103691233321,0.9998753005451704,0.9998363383431985,0.9998285462671795,0.9998246502747145,0.9997934834280192,0.999789587708805,0.9997740051355386],[0.9549078329354072,0.9846532503257566,0.984657640776177,0.9970982609278469,0.9979053106074601,0.9988292369679196,1.0,0.9999376463848542,0.9999064724931706,0.9998908862762215,0.9998753005451705,0.9998441305406721,0.9998285462671795,0.9997506321863713,0.9997350508273817,0.9996883096643485,0.9996571513170455,0.9996415728717416,0.9995013887103498,0.9993456746367131,0.9993145376439568,0.9992989698751776,0.9991744451843285,0.9991588817800554,0.9990966330110546],[0.8092068126520682,0.9277858880778589,0.9278053527980535,0.9856739659367396,0.989625304136253,0.9941800486618005,1.0,0.9999221411192214,0.9998832116788321,0.9998637469586374,0.9998442822384428,0.9998053527980535,0.9997858880778588,0.9996885644768857,0.999669099756691,0.9996107055961071,0.9995717761557178,0.9995523114355231,0.9993771289537713,0.9991824817518248,0.9991435523114355,0.9991240875912408,0.9989683698296837,0.9989489051094891,0.9988710462287105],[1.0,1.0,1.0,1.0,1.0,1.0,1.0,0.9999220591960406,0.9998830933499601,0.9998636115657392,0.9998441305406722,0.999805170767822,0.9997856920199502,0.9996883096643485,0.9996688354696692,0.9996104174377155,0.9995714758760397,0.9995520062329568,0.9993768135698845,0.9991822270682841,0.9991433188606141,0.9991238658930727,0.9989682694179483,0.9989488232660451,0.9988710462287105],[0.8089911725159304,0.9277042695403083,0.9277237562601087,0.9856577742268644,0.989613578346357,0.9941734707796637,1.0,1.0,1.0,1.0,1.0,1.0,1.0,1.0,1.0,1.0,1.0,1.0,1.0,1.0,1.0,1.0,1.0,1.0,1.0],[1.0,1.0,1.0,1.0,1.0,1.0,1.0,0.9310344827586207,0.896551724137931,0.8793103448275862,0.8620689655172413,0.8275862068965517,0.8103448275862069,0.7241379310344828,0.7068965517241379,0.6551724137931034,0.6206896551724138,0.603448275862069,0.4482758620689655,0.27586206896551724,0.2413793103448276,0.22413793103448276,0.08620689655172414,0.06896551724137931,0.0],[0.06898385030595847,0.11949874035853476,0.11951585578131234,0.26832851144981634,0.31163991635996696,0.4018934921172771,1.0,0.9648636780304876,0.9468088039722036,0.9376515435205266,0.928404327485435,0.9096290281819841,0.9000950862120419,0.8508303145984518,0.8406321744137525,0.8092695286771892,0.7876697751479866,0.7766453082300502,0.6693254086278033,0.5250109298220658,0.49109319404998597,0.4732246360328753,0.29345860740514657,0.2624748031606272,0.0],[0.8089911725159304,0.9277042695403083,0.9277237562601087,0.9856577742268644,0.989613578346357,0.9941734707796637,1.0,0.9310344827586207,0.896551724137931,0.8793103448275862,0.8620689655172413,0.8275862068965517,0.8103448275862069,0.7241379310344828,0.7068965517241379,0.6551724137931034,0.6206896551724138,0.603448275862069,0.4482758620689655,0.27586206896551724,0.2413793103448276,0.22413793103448276,0.08620689655172414,0.06896551724137931,0.0],[0.9044955862579652,0.9638521347701541,0.9638618781300543,0.9928288871134322,0.9948067891731784,0.9970867353898318,1.0,0.9655172413793103,0.9482758620689655,0.9396551724137931,0.9310344827586207,0.9137931034482758,0.9051724137931034,0.8620689655172413,0.853448275862069,0.8275862068965517,0.8103448275862069,0.8017241379310345,0.7241379310344828,0.6379310344827587,0.6206896551724138,0.6120689655172413,0.5431034482758621,0.5344827586206896,0.5],[58,58,58,58,58,58,58,54,52,51,50,48,47,42,41,38,36,35,26,16,14,13,5,4,0],[9802,3710,3709,736,533,299,0,0,0,0,0,0,0,0,0,0,0,0,0,0,0,0,0,0,0],[0,0,0,0,0,0,0,4,6,7,8,10,11,16,17,20,22,23,32,42,44,45,53,54,58],[41515,47607,47608,50581,50784,51018,51317,51317,51317,51317,51317,51317,51317,51317,51317,51317,51317,51317,51317,51317,51317,51317,51317,51317,51317],[1.0,1.0,1.0,1.0,1.0,1.0,1.0,0.9310344827586207,0.896551724137931,0.8793103448275862,0.8620689655172413,0.8275862068965517,0.8103448275862069,0.7241379310344828,0.7068965517241379,0.6551724137931034,0.6206896551724138,0.603448275862069,0.4482758620689655,0.27586206896551724,0.2413793103448276,0.22413793103448276,0.08620689655172414,0.06896551724137931,0.0],[0.1910088274840696,0.07229573045969172,0.07227624373989126,0.014342225773135608,0.010386421653643042,0.005826529220336341,0.0,0.0,0.0,0.0,0.0,0.0,0.0,0.0,0.0,0.0,0.0,0.0,0.0,0.0,0.0,0.0,0.0,0.0,0.0],[0.0,0.0,0.0,0.0,0.0,0.0,0.0,0.06896551724137931,0.10344827586206896,0.1206896551724138,0.13793103448275862,0.1724137931034483,0.1896551724137931,0.27586206896551724,0.29310344827586204,0.3448275862068966,0.3793103448275862,0.39655172413793105,0.5517241379310345,0.7241379310344828,0.7586206896551724,0.7758620689655172,0.9137931034482759,0.9310344827586207,1.0],[0.8089911725159304,0.9277042695403083,0.9277237562601087,0.9856577742268644,0.989613578346357,0.9941734707796637,1.0,1.0,1.0,1.0,1.0,1.0,1.0,1.0,1.0,1.0,1.0,1.0,1.0,1.0,1.0,1.0,1.0,1.0,1.0],[0,1,2,3,4,5,6,7,8,9,10,11,12,13,14,15,16,17,18,19,20,21,22,23,24]]},"max_criteria_and_metric_scores":{"__meta":{"schema_version":3,"schema_name":"TwoDimTableV3","schema_type":"TwoDimTable"},"name":"Maximum Metrics","description":"Maximum metrics at their respective thresholds","columns":[{"__meta":{"schema_version":-1,"schema_name":"ColumnSpecsBase","schema_type":"Iced"},"name":"metric","type":"string","format":"%s","description":"Metric"},{"__meta":{"schema_version":-1,"schema_name":"ColumnSpecsBase","schema_type":"Iced"},"name":"threshold","type":"double","format":"%f","description":"Threshold"},{"__meta":{"schema_version":-1,"schema_name":"ColumnSpecsBase","schema_type":"Iced"},"name":"value","type":"double","format":"%f","description":"Value"},{"__meta":{"schema_version":-1,"schema_name":"ColumnSpecsBase","schema_type":"Iced"},"name":"idx","type":"long","format":"%d","description":"idx"}],"rowcount":18,"data":[["max f1","max f2","max f0point5","max accuracy","max precision","max recall","max specificity","max absolute_mcc","max min_per_class_accuracy","max mean_per_class_accuracy","max tns","max fns","max fps","max tps","max tnr","max fnr","max fpr","max tpr"],[0.9996172189712524,0.9996172189712524,0.9996172189712524,0.9996172189712524,0.9999885559082031,0.9996172189712524,0.9999885559082031,0.9996172189712524,0.9996172189712524,0.9996172189712524,0.9999885559082031,0.9999885559082031,0.011220538057386875,0.9996172189712524,0.9999885559082031,0.9999885559082031,0.011220538057386875,0.9996172189712524],[1.0,1.0,1.0,1.0,1.0,1.0,1.0,1.0,1.0,1.0,58.0,9802.0,58.0,51317.0,1.0,0.1910088274840696,1.0,1.0],[6,6,6,6,0,6,0,6,6,6,0,0,24,6,0,0,24,6]]},"gains_lift_table":{"__meta":{"schema_version":3,"schema_name":"TwoDimTableV3","schema_type":"TwoDimTable"},"name":"Gains/Lift Table","description":"Avg response rate: 99.89 %, avg score: 99.89 %","columns":[{"__meta":{"schema_version":-1,"schema_name":"ColumnSpecsBase","schema_type":"Iced"},"name":"group","type":"int","format":"%d","description":"Group"},{"__meta":{"schema_version":-1,"schema_name":"ColumnSpecsBase","schema_type":"Iced"},"name":"cumulative_data_fraction","type":"double","format":"%.8f","description":"Cumulative Data Fraction"},{"__meta":{"schema_version":-1,"schema_name":"ColumnSpecsBase","schema_type":"Iced"},"name":"lower_threshold","type":"double","format":"%5f","description":"Lower Threshold"},{"__meta":{"schema_version":-1,"schema_name":"ColumnSpecsBase","schema_type":"Iced"},"name":"lift","type":"double","format":"%5f","description":"Lift"},{"__meta":{"schema_version":-1,"schema_name":"ColumnSpecsBase","schema_type":"Iced"},"name":"cumulative_lift","type":"double","format":"%5f","description":"Cumulative Lift"},{"__meta":{"schema_version":-1,"schema_name":"ColumnSpecsBase","schema_type":"Iced"},"name":"response_rate","type":"double","format":"%5f","description":"Response Rate"},{"__meta":{"schema_version":-1,"schema_name":"ColumnSpecsBase","schema_type":"Iced"},"name":"score","type":"double","format":"%5f","description":"Score"},{"__meta":{"schema_version":-1,"schema_name":"ColumnSpecsBase","schema_type":"Iced"},"name":"cumulative_response_rate","type":"double","format":"%5f","description":"Cumulative Response Rate"},{"__meta":{"schema_version":-1,"schema_name":"ColumnSpecsBase","schema_type":"Iced"},"name":"cumulative_score","type":"double","format":"%5f","description":"Cumulative Score"},{"__meta":{"schema_version":-1,"schema_name":"ColumnSpecsBase","schema_type":"Iced"},"name":"capture_rate","type":"double","format":"%5f","description":"Capture Rate"},{"__meta":{"schema_version":-1,"schema_name":"ColumnSpecsBase","schema_type":"Iced"},"name":"cumulative_capture_rate","type":"double","format":"%5f","description":"Cumulative Capture Rate"},{"__meta":{"schema_version":-1,"schema_name":"ColumnSpecsBase","schema_type":"Iced"},"name":"gain","type":"double","format":"%5f","description":"Gain"},{"__meta":{"schema_version":-1,"schema_name":"ColumnSpecsBase","schema_type":"Iced"},"name":"cumulative_gain","type":"double","format":"%5f","description":"Cumulative Gain"},{"__meta":{"schema_version":-1,"schema_name":"ColumnSpecsBase","schema_type":"Iced"},"name":"kolmogorov_smirnov","type":"double","format":"%5f","description":"Kolmogorov Smirnov"}],"rowcount":3,"data":[[1,2,3],[0.8080778588807785,0.9266569343065694,1.0],[0.9999885559082031,0.9999773502349854,0.011220538057386875],[1.0011302297484264,1.0011302297484264,0.9857200510527234],[1.0011302297484264,1.0011302297484264,1.0],[1.0,1.0,0.9846072186836518],[0.9999885559082031,0.9999773502349854,0.9847369720677859],[1.0,1.0,0.9988710462287105],[0.9999885559082031,0.9999871219812335,0.9988686292342969],[0.8089911725159304,0.11871309702437789,0.07229573045969172],[0.8089911725159304,0.9277042695403083,1.0],[0.1130229748426359,0.1130229748426359,-1.4279948947276577],[0.1130229748426359,0.1130229748426359,0.0],[0.8089911725159304,0.9277042695403083,0.0]]}},"validation_metrics":{"__meta":{"schema_version":3,"schema_name":"ModelMetricsBinomialV3","schema_type":"ModelMetricsBinomial"},"model":{"__meta":{"schema_version":3,"schema_name":"ModelKeyV3","schema_type":"Key<Model>"},"name":"XGBoost_model_python_1600787425382_1","type":"Key<Model>","URL":"/3/Models/XGBoost_model_python_1600787425382_1"},"model_checksum":-9066418589527242140,"frame":{"__meta":{"schema_version":3,"schema_name":"FrameKeyV3","schema_type":"Key<Frame>"},"name":"py_4_sid_91c9","type":"Key<Frame>","URL":"/3/Frames/py_4_sid_91c9"},"frame_checksum":-3002820915257275018,"description":null,"model_category":"Binomial","scoring_time":1600787604427,"predictions":null,"MSE":5.054228618701024E-7,"RMSE":7.109309824941536E-4,"nobs":22041,"custom_metric_name":null,"custom_metric_value":0.0,"r2":0.9994931292858569,"logloss":4.5500378190857606E-5,"AUC":1.0,"pr_auc":1.0,"Gini":1.0,"mean_per_class_error":0.0,"domain":["false","true"],"cm":{"__meta":{"schema_version":3,"schema_name":"ConfusionMatrixV3","schema_type":"ConfusionMatrix"},"table":{"__meta":{"schema_version":3,"schema_name":"TwoDimTableV3","schema_type":"TwoDimTable"},"name":"Confusion Matrix","description":"Row labels: Actual class; Column labels: Predicted class","columns":[{"__meta":{"schema_version":-1,"schema_name":"ColumnSpecsBase","schema_type":"Iced"},"name":"false","type":"long","format":"%d","description":"false"},{"__meta":{"schema_version":-1,"schema_name":"ColumnSpecsBase","schema_type":"Iced"},"name":"true","type":"long","format":"%d","description":"true"},{"__meta":{"schema_version":-1,"schema_name":"ColumnSpecsBase","schema_type":"Iced"},"name":"Error","type":"double","format":"%.4f","description":"Error"},{"__meta":{"schema_version":-1,"schema_name":"ColumnSpecsBase","schema_type":"Iced"},"name":"Rate","type":"string","format":"= %10s","description":"Rate"}],"rowcount":3,"data":[[22,0,22],[0,22019,22019],[0.0,0.0,0.0],["0 / 22","0 / 22,019","0 / 22,041"]]}},"thresholds_and_metric_scores":{"__meta":{"schema_version":3,"schema_name":"TwoDimTableV3","schema_type":"TwoDimTable"},"name":"Metrics for Thresholds","description":"Binomial metrics as a function of classification thresholds","columns":[{"__meta":{"schema_version":-1,"schema_name":"ColumnSpecsBase","schema_type":"Iced"},"name":"threshold","type":"double","format":"%f","description":"Threshold"},{"__meta":{"schema_version":-1,"schema_name":"ColumnSpecsBase","schema_type":"Iced"},"name":"f1","type":"double","format":"%f","description":"f1"},{"__meta":{"schema_version":-1,"schema_name":"ColumnSpecsBase","schema_type":"Iced"},"name":"f2","type":"double","format":"%f","description":"f2"},{"__meta":{"schema_version":-1,"schema_name":"ColumnSpecsBase","schema_type":"Iced"},"name":"f0point5","type":"double","format":"%f","description":"f0point5"},{"__meta":{"schema_version":-1,"schema_name":"ColumnSpecsBase","schema_type":"Iced"},"name":"accuracy","type":"double","format":"%f","description":"accuracy"},{"__meta":{"schema_version":-1,"schema_name":"ColumnSpecsBase","schema_type":"Iced"},"name":"precision","type":"double","format":"%f","description":"precision"},{"__meta":{"schema_version":-1,"schema_name":"ColumnSpecsBase","schema_type":"Iced"},"name":"recall","type":"double","format":"%f","description":"recall"},{"__meta":{"schema_version":-1,"schema_name":"ColumnSpecsBase","schema_type":"Iced"},"name":"specificity","type":"double","format":"%f","description":"specificity"},{"__meta":{"schema_version":-1,"schema_name":"ColumnSpecsBase","schema_type":"Iced"},"name":"absolute_mcc","type":"double","format":"%f","description":"absolute_mcc"},{"__meta":{"schema_version":-1,"schema_name":"ColumnSpecsBase","schema_type":"Iced"},"name":"min_per_class_accuracy","type":"double","format":"%f","description":"min_per_class_accuracy"},{"__meta":{"schema_version":-1,"schema_name":"ColumnSpecsBase","schema_type":"Iced"},"name":"mean_per_class_accuracy","type":"double","format":"%f","description":"mean_per_class_accuracy"},{"__meta":{"schema_version":-1,"schema_name":"ColumnSpecsBase","schema_type":"Iced"},"name":"tns","type":"long","format":"%d","description":"tns"},{"__meta":{"schema_version":-1,"schema_name":"ColumnSpecsBase","schema_type":"Iced"},"name":"fns","type":"long","format":"%d","description":"fns"},{"__meta":{"schema_version":-1,"schema_name":"ColumnSpecsBase","schema_type":"Iced"},"name":"fps","type":"long","format":"%d","description":"fps"},{"__meta":{"schema_version":-1,"schema_name":"ColumnSpecsBase","schema_type":"Iced"},"name":"tps","type":"long","format":"%d","description":"tps"},{"__meta":{"schema_version":-1,"schema_name":"ColumnSpecsBase","schema_type":"Iced"},"name":"tnr","type":"double","format":"%f","description":"tnr"},{"__meta":{"schema_version":-1,"schema_name":"ColumnSpecsBase","schema_type":"Iced"},"name":"fnr","type":"double","format":"%f","description":"fnr"},{"__meta":{"schema_version":-1,"schema_name":"ColumnSpecsBase","schema_type":"Iced"},"name":"fpr","type":"double","format":"%f","description":"fpr"},{"__meta":{"schema_version":-1,"schema_name":"ColumnSpecsBase","schema_type":"Iced"},"name":"tpr","type":"double","format":"%f","description":"tpr"},{"__meta":{"schema_version":-1,"schema_name":"ColumnSpecsBase","schema_type":"Iced"},"name":"idx","type":"int","format":"%d","description":"idx"}],"rowcount":19,"data":[[0.9999885559082031,0.9999773502349854,0.9999439716339111,0.9998626708984375,0.9998492002487183,0.9997009038925171,0.9996172189712524,0.0372520387172699,0.026792455464601517,0.026699498295783997,0.0241587795317173,0.024124281480908394,0.02202322892844677,0.02056635171175003,0.01931471936404705,0.017284521833062172,0.013823073357343674,0.012325067073106766,0.011256723664700985],[0.8950722601364913,0.9618086661323023,0.9618331408095429,0.9921270655009841,0.994290673243811,0.9969707322628403,1.0,0.9999318816557299,0.999909177603197,0.9998864745816588,0.9998637725910453,0.9997956728040502,0.999772974936433,0.9997502780993893,0.9997275822928491,0.999704887516742,0.9995687404952674,0.9995233663950612,0.9995006808896959],[0.8420590484643057,0.9402627333486979,0.9403001585604188,0.9874625288152271,0.9908962629159269,0.9951619650424692,1.0,0.9999727515486202,0.999963669061481,0.9999545867393279,0.9999455045821563,0.9999182591004867,0.999909177603197,0.9999000962708661,0.9998910151034903,0.9998819341010645,0.9998274515502116,0.9998092920193251,0.9998002125012486],[0.9552090138914177,0.9843651980890799,0.9843754523784248,0.9968358796530504,0.9977084192676109,0.998786086543815,1.0,0.9998910151034902,0.9998546920834431,0.9998183717023112,0.9997820539598071,0.9996731165611862,0.9996368093703182,0.9996005048166408,0.9995642028998665,0.9995279036197082,0.9993101632916104,0.9992376042621551,0.9992013286986196],[0.8102626922553423,0.9265006124948959,0.926545982487183,0.9843927226532372,0.9886575019282247,0.9939657910258155,1.0,0.9998638900231387,0.9998185200308516,0.9997731500385645,0.9997277800462774,0.9995916700694161,0.999546300077129,0.9995009300848419,0.9994555600925548,0.9994101901002677,0.999137970146545,0.9990472301619708,0.9990018601696837],[1.0,1.0,1.0,1.0,1.0,1.0,1.0,0.9998637725910453,0.9998183717023112,0.999772974936433,0.9997275822928491,0.9995914290902488,0.9995460529302284,0.9995006808896959,0.9994553129680904,0.9994099491648512,0.9991378527997096,0.9990471869328493,0.9990018601696837],[0.8100731186702393,0.926427176529361,0.926472591852491,0.9843771288432717,0.9886461692174939,0.9939597620237068,1.0,1.0,1.0,1.0,1.0,1.0,1.0,1.0,1.0,1.0,1.0,1.0,1.0],[1.0,1.0,1.0,1.0,1.0,1.0,1.0,0.8636363636363636,0.8181818181818182,0.7727272727272727,0.7272727272727273,0.5909090909090909,0.5454545454545454,0.5,0.45454545454545453,0.4090909090909091,0.13636363636363635,0.045454545454545456,0.0],[0.06510916071803245,0.1114115989792665,0.11144827166999773,0.24324927529279483,0.282779115906022,0.37560372704634704,1.0,0.9292570756751151,0.904451885514637,0.878949284241737,0.8526866982097764,0.7685490632641732,0.738381295782838,0.7069302231796628,0.6740162234923951,0.6394134223320215,0.36911525413659624,0.21309912193548564,0.0],[0.8100731186702393,0.926427176529361,0.926472591852491,0.9843771288432717,0.9886461692174939,0.9939597620237068,1.0,0.8636363636363636,0.8181818181818182,0.7727272727272727,0.7272727272727273,0.5909090909090909,0.5454545454545454,0.5,0.45454545454545453,0.4090909090909091,0.13636363636363635,0.045454545454545456,0.0],[0.9050365593351197,0.9632135882646805,0.9632362959262455,0.9921885644216358,0.994323084608747,0.9969798810118534,1.0,0.9318181818181819,0.9090909090909092,0.8863636363636364,0.8636363636363636,0.7954545454545454,0.7727272727272727,0.75,0.7272727272727273,0.7045454545454546,0.5681818181818181,0.5227272727272727,0.5],[22,22,22,22,22,22,22,19,18,17,16,13,12,11,10,9,3,1,0],[4182,1620,1619,344,250,133,0,0,0,0,0,0,0,0,0,0,0,0,0],[0,0,0,0,0,0,0,3,4,5,6,9,10,11,12,13,19,21,22],[17837,20399,20400,21675,21769,21886,22019,22019,22019,22019,22019,22019,22019,22019,22019,22019,22019,22019,22019],[1.0,1.0,1.0,1.0,1.0,1.0,1.0,0.8636363636363636,0.8181818181818182,0.7727272727272727,0.7272727272727273,0.5909090909090909,0.5454545454545454,0.5,0.45454545454545453,0.4090909090909091,0.13636363636363635,0.045454545454545456,0.0],[0.18992688132976066,0.073572823470639,0.07352740814750897,0.01562287115672828,0.011353830782506017,0.006040237976293201,0.0,0.0,0.0,0.0,0.0,0.0,0.0,0.0,0.0,0.0,0.0,0.0,0.0],[0.0,0.0,0.0,0.0,0.0,0.0,0.0,0.13636363636363635,0.18181818181818182,0.22727272727272727,0.2727272727272727,0.4090909090909091,0.45454545454545453,0.5,0.5454545454545454,0.5909090909090909,0.8636363636363636,0.9545454545454546,1.0],[0.8100731186702393,0.926427176529361,0.926472591852491,0.9843771288432717,0.9886461692174939,0.9939597620237068,1.0,1.0,1.0,1.0,1.0,1.0,1.0,1.0,1.0,1.0,1.0,1.0,1.0],[0,1,2,3,4,5,6,7,8,9,10,11,12,13,14,15,16,17,18]]},"max_criteria_and_metric_scores":{"__meta":{"schema_version":3,"schema_name":"TwoDimTableV3","schema_type":"TwoDimTable"},"name":"Maximum Metrics","description":"Maximum metrics at their respective thresholds","columns":[{"__meta":{"schema_version":-1,"schema_name":"ColumnSpecsBase","schema_type":"Iced"},"name":"metric","type":"string","format":"%s","description":"Metric"},{"__meta":{"schema_version":-1,"schema_name":"ColumnSpecsBase","schema_type":"Iced"},"name":"threshold","type":"double","format":"%f","description":"Threshold"},{"__meta":{"schema_version":-1,"schema_name":"ColumnSpecsBase","schema_type":"Iced"},"name":"value","type":"double","format":"%f","description":"Value"},{"__meta":{"schema_version":-1,"schema_name":"ColumnSpecsBase","schema_type":"Iced"},"name":"idx","type":"long","format":"%d","description":"idx"}],"rowcount":18,"data":[["max f1","max f2","max f0point5","max accuracy","max precision","max recall","max specificity","max absolute_mcc","max min_per_class_accuracy","max mean_per_class_accuracy","max tns","max fns","max fps","max tps","max tnr","max fnr","max fpr","max tpr"],[0.9996172189712524,0.9996172189712524,0.9996172189712524,0.9996172189712524,0.9999885559082031,0.9996172189712524,0.9999885559082031,0.9996172189712524,0.9996172189712524,0.9996172189712524,0.9999885559082031,0.9999885559082031,0.011256723664700985,0.9996172189712524,0.9999885559082031,0.9999885559082031,0.011256723664700985,0.9996172189712524],[1.0,1.0,1.0,1.0,1.0,1.0,1.0,1.0,1.0,1.0,22.0,4182.0,22.0,22019.0,1.0,0.18992688132976066,1.0,1.0],[6,6,6,6,0,6,0,6,6,6,0,0,18,6,0,0,18,6]]},"gains_lift_table":{"__meta":{"schema_version":3,"schema_name":"TwoDimTableV3","schema_type":"TwoDimTable"},"name":"Gains/Lift Table","description":"Avg response rate: 99.90 %, avg score: 99.90 %","columns":[{"__meta":{"schema_version":-1,"schema_name":"ColumnSpecsBase","schema_type":"Iced"},"name":"group","type":"int","format":"%d","description":"Group"},{"__meta":{"schema_version":-1,"schema_name":"ColumnSpecsBase","schema_type":"Iced"},"name":"cumulative_data_fraction","type":"double","format":"%.8f","description":"Cumulative Data Fraction"},{"__meta":{"schema_version":-1,"schema_name":"ColumnSpecsBase","schema_type":"Iced"},"name":"lower_threshold","type":"double","format":"%5f","description":"Lower Threshold"},{"__meta":{"schema_version":-1,"schema_name":"ColumnSpecsBase","schema_type":"Iced"},"name":"lift","type":"double","format":"%5f","description":"Lift"},{"__meta":{"schema_version":-1,"schema_name":"ColumnSpecsBase","schema_type":"Iced"},"name":"cumulative_lift","type":"double","format":"%5f","description":"Cumulative Lift"},{"__meta":{"schema_version":-1,"schema_name":"ColumnSpecsBase","schema_type":"Iced"},"name":"response_rate","type":"double","format":"%5f","description":"Response Rate"},{"__meta":{"schema_version":-1,"schema_name":"ColumnSpecsBase","schema_type":"Iced"},"name":"score","type":"double","format":"%5f","description":"Score"},{"__meta":{"schema_version":-1,"schema_name":"ColumnSpecsBase","schema_type":"Iced"},"name":"cumulative_response_rate","type":"double","format":"%5f","description":"Cumulative Response Rate"},{"__meta":{"schema_version":-1,"schema_name":"ColumnSpecsBase","schema_type":"Iced"},"name":"cumulative_score","type":"double","format":"%5f","description":"Cumulative Score"},{"__meta":{"schema_version":-1,"schema_name":"ColumnSpecsBase","schema_type":"Iced"},"name":"capture_rate","type":"double","format":"%5f","description":"Capture Rate"},{"__meta":{"schema_version":-1,"schema_name":"ColumnSpecsBase","schema_type":"Iced"},"name":"cumulative_capture_rate","type":"double","format":"%5f","description":"Cumulative Capture Rate"},{"__meta":{"schema_version":-1,"schema_name":"ColumnSpecsBase","schema_type":"Iced"},"name":"gain","type":"double","format":"%5f","description":"Gain"},{"__meta":{"schema_version":-1,"schema_name":"ColumnSpecsBase","schema_type":"Iced"},"name":"cumulative_gain","type":"double","format":"%5f","description":"Cumulative Gain"},{"__meta":{"schema_version":-1,"schema_name":"ColumnSpecsBase","schema_type":"Iced"},"name":"kolmogorov_smirnov","type":"double","format":"%5f","description":"Kolmogorov Smirnov"}],"rowcount":3,"data":[[1,2,3],[0.809264552425026,0.9255024726645796,1.0],[0.9999885559082031,0.9999773502349854,0.011256723664700985],[1.0009991371088605,1.0009991371088605,0.9875874556128832],[1.0009991371088605,1.0009991371088605,1.0],[1.0,1.0,0.9866017052375152],[0.9999885559082031,0.9999773502349854,0.9867141192952504],[1.0,1.0,0.9990018601696837],[0.9999885559082031,0.9999871485384897,0.9989983406796177],[0.8100731186702393,0.11635405785912167,0.073572823470639],[0.8100731186702393,0.926427176529361,1.0],[0.09991371088604595,0.09991371088604595,-1.2412544387116808],[0.09991371088604595,0.09991371088604595,0.0],[0.8100731186702393,0.926427176529361,0.0]]}},"cross_validation_metrics":null,"cross_validation_metrics_summary":null,"status":null,"start_time":1600787602485,"end_time":1600787604433,"run_time":1948,"default_threshold":0.9996172189712524,"help":{"domains":"Domains for categorical columns", "__meta":"Metadata on this schema instance, to make it self-describing.", "help":"Help information for output fields", "training_metrics":"Training data model metrics", "cross_validation_models":"Cross-validation models (model ids)", "cross_validation_predictions":"Cross-validation predictions, one per cv model (deprecated, use cross_validation_holdout_predictions_frame_id instead)", "cross_validation_metrics_summary":"Cross-validation model metrics summary", "variable_importances_frequency":"Variable Importances - Frequency", "status":"Job status", "reproducibility_information_table":"Model reproducibility information", "variable_importances":"Variable Importances", "model_summary":"Model summary", "variable_importances_cover":"Variable Importances - Cover", "end_time":"End time in milliseconds", "names":"Column names", "cross_validation_fold_assignment_frame_id":"Cross-validation fold assignment (each row is assigned to one holdout fold)", "sparse":"Sparse", "run_time":"Runtime in milliseconds", "default_threshold":"Default threshold used for predictions", "scoring_history":"Scoring history", "cross_validation_holdout_predictions_frame_id":"Cross-validation holdout predictions (full out-of-sample predictions on training data)", "model_category":"Category of the model (e.g., Binomial)", "native_parameters":"XGBoost Native Parameters", "column_types":"Column types", "original_names":"Original column names", "start_time":"Start time in milliseconds", "cross_validation_metrics":"Cross-validation model metrics", "validation_metrics":"Validation data model metrics"},"variable_importances":{"__meta":{"schema_version":3,"schema_name":"TwoDimTableV3","schema_type":"TwoDimTable"},"name":"Variable Importances","description":"","columns":[{"__meta":{"schema_version":-1,"schema_name":"ColumnSpecsBase","schema_type":"Iced"},"name":"variable","type":"string","format":"%s","description":"Variable"},{"__meta":{"schema_version":-1,"schema_name":"ColumnSpecsBase","schema_type":"Iced"},"name":"relative_importance","type":"double","format":"%5f","description":"Relative Importance"},{"__meta":{"schema_version":-1,"schema_name":"ColumnSpecsBase","schema_type":"Iced"},"name":"scaled_importance","type":"double","format":"%5f","description":"Scaled Importance"},{"__meta":{"schema_version":-1,"schema_name":"ColumnSpecsBase","schema_type":"Iced"},"name":"percentage","type":"double","format":"%5f","description":"Percentage"}],"rowcount":4,"data":[["T_Percent","R_Percent","R_TeachArea","T_TeachArea"],[762.5951538085938,17.497587203979492,2.1481480598449707,1.9907557964324951],[1.0,0.02294479202574538,0.0028168918319459208,0.0026105015046190044],[0.9724105865890234,0.022311758672918208,0.002739175438660361,0.002538479299398094]]},"variable_importances_cover":{"__meta":{"schema_version":3,"schema_name":"TwoDimTableV3","schema_type":"TwoDimTable"},"name":"Variable Importances - Cover","description":"","columns":[{"__meta":{"schema_version":-1,"schema_name":"ColumnSpecsBase","schema_type":"Iced"},"name":"variable","type":"string","format":"%s","description":"Variable"},{"__meta":{"schema_version":-1,"schema_name":"ColumnSpecsBase","schema_type":"Iced"},"name":"relative_importance","type":"double","format":"%5f","description":"Relative Importance"},{"__meta":{"schema_version":-1,"schema_name":"ColumnSpecsBase","schema_type":"Iced"},"name":"scaled_importance","type":"double","format":"%5f","description":"Scaled Importance"},{"__meta":{"schema_version":-1,"schema_name":"ColumnSpecsBase","schema_type":"Iced"},"name":"percentage","type":"double","format":"%5f","description":"Percentage"}],"rowcount":4,"data":[["R_Percent","T_Percent","R_TeachArea","T_TeachArea"],[49998.57421875,3708.058349609375,22.23794174194336,19.40411376953125],[1.0,0.07416328180452021,4.447715177766788E-4,3.8809334211483375E-4],[0.9302358925684375,0.06898934664523242,4.137424298280075E-4,3.6101835650206035E-4]]},"variable_importances_frequency":{"__meta":{"schema_version":3,"schema_name":"TwoDimTableV3","schema_type":"TwoDimTable"},"name":"Variable Importances - Frequency","description":"","columns":[{"__meta":{"schema_version":-1,"schema_name":"ColumnSpecsBase","schema_type":"Iced"},"name":"variable","type":"string","format":"%s","description":"Variable"},{"__meta":{"schema_version":-1,"schema_name":"ColumnSpecsBase","schema_type":"Iced"},"name":"relative_importance","type":"double","format":"%5f","description":"Relative Importance"},{"__meta":{"schema_version":-1,"schema_name":"ColumnSpecsBase","schema_type":"Iced"},"name":"scaled_importance","type":"double","format":"%5f","description":"Scaled Importance"},{"__meta":{"schema_version":-1,"schema_name":"ColumnSpecsBase","schema_type":"Iced"},"name":"percentage","type":"double","format":"%5f","description":"Percentage"}],"rowcount":4,"data":[["R_Percent","T_Percent","R_TeachArea","T_TeachArea"],[44.0,19.0,6.0,3.0],[1.0,0.4318181818181818,0.13636363636363635,0.06818181818181818],[0.6111111111111112,0.2638888888888889,0.08333333333333333,0.041666666666666664]]},"native_parameters":{"__meta":{"schema_version":3,"schema_name":"TwoDimTableV3","schema_type":"TwoDimTable"},"name":"Native XGBoost Parameters","description":"","columns":[{"__meta":{"schema_version":-1,"schema_name":"ColumnSpecsBase","schema_type":"Iced"},"name":"","type":"string","format":"%s","description":""},{"__meta":{"schema_version":-1,"schema_name":"ColumnSpecsBase","schema_type":"Iced"},"name":"name","type":"string","format":"%s","description":"Name"},{"__meta":{"schema_version":-1,"schema_name":"ColumnSpecsBase","schema_type":"Iced"},"name":"value","type":"string","format":"%s","description":"Value"}],"rowcount":23,"data":[["","","","","","","","","","","","","","","","","","","","","","",""],["silent","normalize_type","eta","objective","colsample_bylevel","nthread","seed","min_child_weight","rate_drop","one_drop","sample_type","max_depth","colsample_bytree","lambda","gamma","alpha","booster","grow_policy","skip_drop","nround","subsample","max_delta_step","tree_method"],[true,"tree",0.3,"binary:logistic",1.0,12,12345,1.0,0.0,"0","uniform",6,1.0,1.0,0.0,0.0,"dart","depthwise",0.0,50,1.0,0.0,"exact"]]},"sparse":false},"compatible_frames":null}
