{"__meta":{"schema_version":3,"schema_name":"XGBoostModelV3","schema_type":"XGBoostModel"},"model_id":{"__meta":{"schema_version":3,"schema_name":"ModelKeyV3","schema_type":"Key<Model>"},"name":"XGBoost_model_python_1600758680968_1","type":"Key<Model>","URL":"/3/Models/XGBoost_model_python_1600758680968_1"},"algo":"xgboost","algo_full_name":"XGBoost","response_column_name":"algo_leadsidesolder_class","data_frame":{"__meta":{"schema_version":3,"schema_name":"FrameKeyV3","schema_type":"Key<Frame>"},"name":"py_1_sid_9924","type":"Key<Frame>","URL":"/3/Frames/py_1_sid_9924"},"timestamp":1600759728848,"have_pojo":true,"have_mojo":true,"algo":"xgboost","algo_full_name":"XGBoost","model_id":{"__meta":{"schema_version":3,"schema_name":"ModelKeyV3","schema_type":"Key<Model>"},"name":"XGBoost_model_python_1600758680968_1","type":"Key<Model>","URL":"/3/Models/XGBoost_model_python_1600758680968_1"},"parameters":[{"__meta":{"schema_version":3,"schema_name":"ModelParameterSchemaV3","schema_type":"Iced"},"name":"model_id","label":"model_id","help":"Destination id for this model; auto-generated if not specified.","required":false,"type":"Key<Model>","default_value":null,"actual_value":{"__meta":{"schema_version":3,"schema_name":"ModelKeyV3","schema_type":"Key<Model>"},"name":"XGBoost_model_python_1600758680968_1","type":"Key<Model>","URL":"/3/Models/XGBoost_model_python_1600758680968_1"},"input_value":null,"level":"critical","values":[],"is_member_of_frames":[],"is_mutually_exclusive_with":[],"gridable":false},{"__meta":{"schema_version":3,"schema_name":"ModelParameterSchemaV3","schema_type":"Iced"},"name":"training_frame","label":"training_frame","help":"Id of the training data frame.","required":false,"type":"Key<Frame>","default_value":null,"actual_value":{"__meta":{"schema_version":3,"schema_name":"FrameKeyV3","schema_type":"Key<Frame>"},"name":"py_1_sid_9924","type":"Key<Frame>","URL":"/3/Frames/py_1_sid_9924"},"input_value":{"__meta":{"schema_version":3,"schema_name":"FrameKeyV3","schema_type":"Key<Frame>"},"name":"py_1_sid_9924","type":"Key<Frame>","URL":"/3/Frames/py_1_sid_9924"},"level":"critical","values":[],"is_member_of_frames":[],"is_mutually_exclusive_with":[],"gridable":false},{"__meta":{"schema_version":3,"schema_name":"ModelParameterSchemaV3","schema_type":"Iced"},"name":"validation_frame","label":"validation_frame","help":"Id of the validation data frame.","required":false,"type":"Key<Frame>","default_value":null,"actual_value":{"__meta":{"schema_version":3,"schema_name":"FrameKeyV3","schema_type":"Key<Frame>"},"name":"py_2_sid_9924","type":"Key<Frame>","URL":"/3/Frames/py_2_sid_9924"},"input_value":{"__meta":{"schema_version":3,"schema_name":"FrameKeyV3","schema_type":"Key<Frame>"},"name":"py_2_sid_9924","type":"Key<Frame>","URL":"/3/Frames/py_2_sid_9924"},"level":"critical","values":[],"is_member_of_frames":[],"is_mutually_exclusive_with":[],"gridable":true},{"__meta":{"schema_version":3,"schema_name":"ModelParameterSchemaV3","schema_type":"Iced"},"name":"nfolds","label":"nfolds","help":"Number of folds for K-fold cross-validation (0 to disable or >= 2).","required":false,"type":"int","default_value":0,"actual_value":0,"input_value":0,"level":"critical","values":[],"is_member_of_frames":[],"is_mutually_exclusive_with":[],"gridable":false},{"__meta":{"schema_version":3,"schema_name":"ModelParameterSchemaV3","schema_type":"Iced"},"name":"keep_cross_validation_models","label":"keep_cross_validation_models","help":"Whether to keep the cross-validation models.","required":false,"type":"boolean","default_value":true,"actual_value":true,"input_value":true,"level":"expert","values":[],"is_member_of_frames":[],"is_mutually_exclusive_with":[],"gridable":false},{"__meta":{"schema_version":3,"schema_name":"ModelParameterSchemaV3","schema_type":"Iced"},"name":"keep_cross_validation_predictions","label":"keep_cross_validation_predictions","help":"Whether to keep the predictions of the cross-validation models.","required":false,"type":"boolean","default_value":false,"actual_value":true,"input_value":true,"level":"expert","values":[],"is_member_of_frames":[],"is_mutually_exclusive_with":[],"gridable":false},{"__meta":{"schema_version":3,"schema_name":"ModelParameterSchemaV3","schema_type":"Iced"},"name":"keep_cross_validation_fold_assignment","label":"keep_cross_validation_fold_assignment","help":"Whether to keep the cross-validation fold assignment.","required":false,"type":"boolean","default_value":false,"actual_value":false,"input_value":false,"level":"expert","values":[],"is_member_of_frames":[],"is_mutually_exclusive_with":[],"gridable":false},{"__meta":{"schema_version":3,"schema_name":"ModelParameterSchemaV3","schema_type":"Iced"},"name":"score_each_iteration","label":"score_each_iteration","help":"Whether to score during each iteration of model training.","required":false,"type":"boolean","default_value":false,"actual_value":false,"input_value":false,"level":"secondary","values":[],"is_member_of_frames":[],"is_mutually_exclusive_with":[],"gridable":false},{"__meta":{"schema_version":3,"schema_name":"ModelParameterSchemaV3","schema_type":"Iced"},"name":"fold_assignment","label":"fold_assignment","help":"Cross-validation fold assignment scheme, if fold_column is not specified. The 'Stratified' option will stratify the folds based on the response variable, for classification problems.","required":false,"type":"enum","default_value":"AUTO","actual_value":null,"input_value":"AUTO","level":"secondary","values":["AUTO","Random","Modulo","Stratified"],"is_member_of_frames":[],"is_mutually_exclusive_with":[],"gridable":true},{"__meta":{"schema_version":3,"schema_name":"ModelParameterSchemaV3","schema_type":"Iced"},"name":"fold_column","label":"fold_column","help":"Column with cross-validation fold index assignment per observation.","required":false,"type":"VecSpecifier","default_value":null,"actual_value":null,"input_value":null,"level":"secondary","values":[],"is_member_of_frames":["training_frame"],"is_mutually_exclusive_with":["response_column","weights_column","ignored_columns","offset_column"],"gridable":true},{"__meta":{"schema_version":3,"schema_name":"ModelParameterSchemaV3","schema_type":"Iced"},"name":"response_column","label":"response_column","help":"Response variable column.","required":false,"type":"VecSpecifier","default_value":null,"actual_value":{"__meta":{"schema_version":3,"schema_name":"ColSpecifierV3","schema_type":"VecSpecifier"},"column_name":"algo_leadsidesolder_class","is_member_of_frames":null},"input_value":{"__meta":{"schema_version":3,"schema_name":"ColSpecifierV3","schema_type":"VecSpecifier"},"column_name":"algo_leadsidesolder_class","is_member_of_frames":null},"level":"critical","values":[],"is_member_of_frames":["training_frame","validation_frame"],"is_mutually_exclusive_with":["weights_column","ignored_columns","offset_column","fold_column"],"gridable":true},{"__meta":{"schema_version":3,"schema_name":"ModelParameterSchemaV3","schema_type":"Iced"},"name":"ignored_columns","label":"ignored_columns","help":"Names of columns to ignore for training.","required":false,"type":"string[]","default_value":null,"actual_value":["insp_st_time"],"input_value":["insp_st_time"],"level":"critical","values":[],"is_member_of_frames":["training_frame","validation_frame"],"is_mutually_exclusive_with":["response_column","weights_column","offset_column","fold_column"],"gridable":false},{"__meta":{"schema_version":3,"schema_name":"ModelParameterSchemaV3","schema_type":"Iced"},"name":"ignore_const_cols","label":"ignore_const_cols","help":"Ignore constant columns.","required":false,"type":"boolean","default_value":true,"actual_value":true,"input_value":true,"level":"critical","values":[],"is_member_of_frames":[],"is_mutually_exclusive_with":[],"gridable":false},{"__meta":{"schema_version":3,"schema_name":"ModelParameterSchemaV3","schema_type":"Iced"},"name":"offset_column","label":"offset_column","help":"Offset column. This will be added to the combination of columns before applying the link function.","required":false,"type":"VecSpecifier","default_value":null,"actual_value":null,"input_value":null,"level":"secondary","values":[],"is_member_of_frames":["training_frame","validation_frame"],"is_mutually_exclusive_with":["response_column","weights_column","ignored_columns","fold_column"],"gridable":true},{"__meta":{"schema_version":3,"schema_name":"ModelParameterSchemaV3","schema_type":"Iced"},"name":"weights_column","label":"weights_column","help":"Column with observation weights. Giving some observation a weight of zero is equivalent to excluding it from the dataset; giving an observation a relative weight of 2 is equivalent to repeating that row twice. Negative weights are not allowed. Note: Weights are per-row observation weights and do not increase the size of the data frame. This is typically the number of times a row is repeated, but non-integer values are supported as well. During training, rows with higher weights matter more, due to the larger loss function pre-factor.","required":false,"type":"VecSpecifier","default_value":null,"actual_value":null,"input_value":null,"level":"secondary","values":[],"is_member_of_frames":["training_frame","validation_frame"],"is_mutually_exclusive_with":["response_column","ignored_columns","offset_column","fold_column"],"gridable":true},{"__meta":{"schema_version":3,"schema_name":"ModelParameterSchemaV3","schema_type":"Iced"},"name":"stopping_rounds","label":"stopping_rounds","help":"Early stopping based on convergence of stopping_metric. Stop if simple moving average of length k of the stopping_metric does not improve for k:=stopping_rounds scoring events (0 to disable)","required":false,"type":"int","default_value":0,"actual_value":0,"input_value":0,"level":"secondary","values":[],"is_member_of_frames":[],"is_mutually_exclusive_with":[],"gridable":true},{"__meta":{"schema_version":3,"schema_name":"ModelParameterSchemaV3","schema_type":"Iced"},"name":"stopping_metric","label":"stopping_metric","help":"Metric to use for early stopping (AUTO: logloss for classification, deviance for regression and anonomaly_score for Isolation Forest). Note that custom and custom_increasing can only be used in GBM and DRF with the Python client.","required":false,"type":"enum","default_value":"AUTO","actual_value":null,"input_value":"AUTO","level":"secondary","values":["AUTO","deviance","logloss","MSE","RMSE","MAE","RMSLE","AUC","AUCPR","lift_top_group","misclassification","mean_per_class_error","anomaly_score","custom","custom_increasing"],"is_member_of_frames":[],"is_mutually_exclusive_with":[],"gridable":true},{"__meta":{"schema_version":3,"schema_name":"ModelParameterSchemaV3","schema_type":"Iced"},"name":"stopping_tolerance","label":"stopping_tolerance","help":"Relative tolerance for metric-based stopping criterion (stop if relative improvement is not at least this much)","required":false,"type":"double","default_value":0.001,"actual_value":0.001,"input_value":0.001,"level":"secondary","values":[],"is_member_of_frames":[],"is_mutually_exclusive_with":[],"gridable":true},{"__meta":{"schema_version":3,"schema_name":"ModelParameterSchemaV3","schema_type":"Iced"},"name":"max_runtime_secs","label":"max_runtime_secs","help":"Maximum allowed runtime in seconds for model training. Use 0 to disable.","required":false,"type":"double","default_value":0.0,"actual_value":0.0,"input_value":0.0,"level":"secondary","values":[],"is_member_of_frames":[],"is_mutually_exclusive_with":[],"gridable":true},{"__meta":{"schema_version":3,"schema_name":"ModelParameterSchemaV3","schema_type":"Iced"},"name":"seed","label":"seed","help":"Seed for pseudo random number generator (if applicable)","required":false,"type":"long","default_value":-1,"actual_value":12345,"input_value":12345,"level":"critical","values":[],"is_member_of_frames":[],"is_mutually_exclusive_with":[],"gridable":true},{"__meta":{"schema_version":3,"schema_name":"ModelParameterSchemaV3","schema_type":"Iced"},"name":"distribution","label":"distribution","help":"Distribution function","required":false,"type":"enum","default_value":"AUTO","actual_value":"bernoulli","input_value":"AUTO","level":"secondary","values":["AUTO","bernoulli","quasibinomial","ordinal","multinomial","gaussian","poisson","gamma","tweedie","laplace","quantile","huber","custom"],"is_member_of_frames":[],"is_mutually_exclusive_with":[],"gridable":true},{"__meta":{"schema_version":3,"schema_name":"ModelParameterSchemaV3","schema_type":"Iced"},"name":"tweedie_power","label":"tweedie_power","help":"Tweedie power for Tweedie regression, must be between 1 and 2.","required":false,"type":"double","default_value":1.5,"actual_value":1.5,"input_value":1.5,"level":"secondary","values":[],"is_member_of_frames":[],"is_mutually_exclusive_with":[],"gridable":true},{"__meta":{"schema_version":3,"schema_name":"ModelParameterSchemaV3","schema_type":"Iced"},"name":"categorical_encoding","label":"categorical_encoding","help":"Encoding scheme for categorical features","required":false,"type":"enum","default_value":"AUTO","actual_value":"OneHotInternal","input_value":"AUTO","level":"secondary","values":["AUTO","Enum","OneHotInternal","OneHotExplicit","Binary","Eigen","LabelEncoder","SortByResponse","EnumLimited"],"is_member_of_frames":[],"is_mutually_exclusive_with":[],"gridable":true},{"__meta":{"schema_version":3,"schema_name":"ModelParameterSchemaV3","schema_type":"Iced"},"name":"quiet_mode","label":"quiet_mode","help":"Enable quiet mode","required":false,"type":"boolean","default_value":true,"actual_value":true,"input_value":true,"level":"expert","values":[],"is_member_of_frames":[],"is_mutually_exclusive_with":[],"gridable":false},{"__meta":{"schema_version":3,"schema_name":"ModelParameterSchemaV3","schema_type":"Iced"},"name":"checkpoint","label":"checkpoint","help":"Model checkpoint to resume training with.","required":false,"type":"Key<Model>","default_value":null,"actual_value":null,"input_value":null,"level":"secondary","values":[],"is_member_of_frames":[],"is_mutually_exclusive_with":[],"gridable":false},{"__meta":{"schema_version":3,"schema_name":"ModelParameterSchemaV3","schema_type":"Iced"},"name":"export_checkpoints_dir","label":"export_checkpoints_dir","help":"Automatically export generated models to this directory.","required":false,"type":"string","default_value":null,"actual_value":null,"input_value":null,"level":"secondary","values":[],"is_member_of_frames":[],"is_mutually_exclusive_with":[],"gridable":false},{"__meta":{"schema_version":3,"schema_name":"ModelParameterSchemaV3","schema_type":"Iced"},"name":"ntrees","label":"ntrees","help":"(same as n_estimators) Number of trees.","required":false,"type":"int","default_value":50,"actual_value":50,"input_value":50,"level":"critical","values":[],"is_member_of_frames":[],"is_mutually_exclusive_with":[],"gridable":true},{"__meta":{"schema_version":3,"schema_name":"ModelParameterSchemaV3","schema_type":"Iced"},"name":"max_depth","label":"max_depth","help":"Maximum tree depth (0 for unlimited).","required":false,"type":"int","default_value":6,"actual_value":6,"input_value":6,"level":"critical","values":[],"is_member_of_frames":[],"is_mutually_exclusive_with":[],"gridable":true},{"__meta":{"schema_version":3,"schema_name":"ModelParameterSchemaV3","schema_type":"Iced"},"name":"min_rows","label":"min_rows","help":"(same as min_child_weight) Fewest allowed (weighted) observations in a leaf.","required":false,"type":"double","default_value":1.0,"actual_value":1.0,"input_value":1.0,"level":"critical","values":[],"is_member_of_frames":[],"is_mutually_exclusive_with":[],"gridable":true},{"__meta":{"schema_version":3,"schema_name":"ModelParameterSchemaV3","schema_type":"Iced"},"name":"min_child_weight","label":"min_child_weight","help":"(same as min_rows) Fewest allowed (weighted) observations in a leaf.","required":false,"type":"double","default_value":1.0,"actual_value":1.0,"input_value":1.0,"level":"critical","values":[],"is_member_of_frames":[],"is_mutually_exclusive_with":[],"gridable":true},{"__meta":{"schema_version":3,"schema_name":"ModelParameterSchemaV3","schema_type":"Iced"},"name":"learn_rate","label":"learn_rate","help":"(same as eta) Learning rate (from 0.0 to 1.0)","required":false,"type":"double","default_value":0.3,"actual_value":0.3,"input_value":0.3,"level":"critical","values":[],"is_member_of_frames":[],"is_mutually_exclusive_with":[],"gridable":true},{"__meta":{"schema_version":3,"schema_name":"ModelParameterSchemaV3","schema_type":"Iced"},"name":"eta","label":"eta","help":"(same as learn_rate) Learning rate (from 0.0 to 1.0)","required":false,"type":"double","default_value":0.3,"actual_value":0.3,"input_value":0.3,"level":"critical","values":[],"is_member_of_frames":[],"is_mutually_exclusive_with":[],"gridable":true},{"__meta":{"schema_version":3,"schema_name":"ModelParameterSchemaV3","schema_type":"Iced"},"name":"sample_rate","label":"sample_rate","help":"(same as subsample) Row sample rate per tree (from 0.0 to 1.0)","required":false,"type":"double","default_value":1.0,"actual_value":1.0,"input_value":1.0,"level":"critical","values":[],"is_member_of_frames":[],"is_mutually_exclusive_with":[],"gridable":true},{"__meta":{"schema_version":3,"schema_name":"ModelParameterSchemaV3","schema_type":"Iced"},"name":"subsample","label":"subsample","help":"(same as sample_rate) Row sample rate per tree (from 0.0 to 1.0)","required":false,"type":"double","default_value":1.0,"actual_value":1.0,"input_value":1.0,"level":"critical","values":[],"is_member_of_frames":[],"is_mutually_exclusive_with":[],"gridable":true},{"__meta":{"schema_version":3,"schema_name":"ModelParameterSchemaV3","schema_type":"Iced"},"name":"col_sample_rate","label":"col_sample_rate","help":"(same as colsample_bylevel) Column sample rate (from 0.0 to 1.0)","required":false,"type":"double","default_value":1.0,"actual_value":1.0,"input_value":1.0,"level":"critical","values":[],"is_member_of_frames":[],"is_mutually_exclusive_with":[],"gridable":true},{"__meta":{"schema_version":3,"schema_name":"ModelParameterSchemaV3","schema_type":"Iced"},"name":"colsample_bylevel","label":"colsample_bylevel","help":"(same as col_sample_rate) Column sample rate (from 0.0 to 1.0)","required":false,"type":"double","default_value":1.0,"actual_value":1.0,"input_value":1.0,"level":"critical","values":[],"is_member_of_frames":[],"is_mutually_exclusive_with":[],"gridable":true},{"__meta":{"schema_version":3,"schema_name":"ModelParameterSchemaV3","schema_type":"Iced"},"name":"col_sample_rate_per_tree","label":"col_sample_rate_per_tree","help":"(same as colsample_bytree) Column sample rate per tree (from 0.0 to 1.0)","required":false,"type":"double","default_value":1.0,"actual_value":1.0,"input_value":1.0,"level":"secondary","values":[],"is_member_of_frames":[],"is_mutually_exclusive_with":[],"gridable":true},{"__meta":{"schema_version":3,"schema_name":"ModelParameterSchemaV3","schema_type":"Iced"},"name":"colsample_bytree","label":"colsample_bytree","help":"(same as col_sample_rate_per_tree) Column sample rate per tree (from 0.0 to 1.0)","required":false,"type":"double","default_value":1.0,"actual_value":1.0,"input_value":1.0,"level":"secondary","values":[],"is_member_of_frames":[],"is_mutually_exclusive_with":[],"gridable":true},{"__meta":{"schema_version":3,"schema_name":"ModelParameterSchemaV3","schema_type":"Iced"},"name":"colsample_bynode","label":"colsample_bynode","help":"Column sample rate per tree node (from 0.0 to 1.0)","required":false,"type":"double","default_value":1.0,"actual_value":1.0,"input_value":1.0,"level":"secondary","values":[],"is_member_of_frames":[],"is_mutually_exclusive_with":[],"gridable":true},{"__meta":{"schema_version":3,"schema_name":"ModelParameterSchemaV3","schema_type":"Iced"},"name":"max_abs_leafnode_pred","label":"max_abs_leafnode_pred","help":"(same as max_delta_step) Maximum absolute value of a leaf node prediction","required":false,"type":"float","default_value":0.0,"actual_value":0.0,"input_value":0.0,"level":"expert","values":[],"is_member_of_frames":[],"is_mutually_exclusive_with":[],"gridable":true},{"__meta":{"schema_version":3,"schema_name":"ModelParameterSchemaV3","schema_type":"Iced"},"name":"max_delta_step","label":"max_delta_step","help":"(same as max_abs_leafnode_pred) Maximum absolute value of a leaf node prediction","required":false,"type":"float","default_value":0.0,"actual_value":0.0,"input_value":0.0,"level":"expert","values":[],"is_member_of_frames":[],"is_mutually_exclusive_with":[],"gridable":true},{"__meta":{"schema_version":3,"schema_name":"ModelParameterSchemaV3","schema_type":"Iced"},"name":"monotone_constraints","label":"monotone_constraints","help":"A mapping representing monotonic constraints. Use +1 to enforce an increasing constraint and -1 to specify a decreasing constraint.","required":false,"type":"KeyValue[]","default_value":null,"actual_value":null,"input_value":null,"level":"secondary","values":[],"is_member_of_frames":[],"is_mutually_exclusive_with":[],"gridable":false},{"__meta":{"schema_version":3,"schema_name":"ModelParameterSchemaV3","schema_type":"Iced"},"name":"score_tree_interval","label":"score_tree_interval","help":"Score the model after every so many trees. Disabled if set to 0.","required":false,"type":"int","default_value":0,"actual_value":0,"input_value":0,"level":"secondary","values":[],"is_member_of_frames":[],"is_mutually_exclusive_with":[],"gridable":false},{"__meta":{"schema_version":3,"schema_name":"ModelParameterSchemaV3","schema_type":"Iced"},"name":"min_split_improvement","label":"min_split_improvement","help":"(same as gamma) Minimum relative improvement in squared error reduction for a split to happen","required":false,"type":"float","default_value":0.0,"actual_value":0.0,"input_value":0.0,"level":"secondary","values":[],"is_member_of_frames":[],"is_mutually_exclusive_with":[],"gridable":true},{"__meta":{"schema_version":3,"schema_name":"ModelParameterSchemaV3","schema_type":"Iced"},"name":"gamma","label":"gamma","help":"(same as min_split_improvement) Minimum relative improvement in squared error reduction for a split to happen","required":false,"type":"float","default_value":0.0,"actual_value":0.0,"input_value":0.0,"level":"secondary","values":[],"is_member_of_frames":[],"is_mutually_exclusive_with":[],"gridable":true},{"__meta":{"schema_version":3,"schema_name":"ModelParameterSchemaV3","schema_type":"Iced"},"name":"nthread","label":"nthread","help":"Number of parallel threads that can be used to run XGBoost. Cannot exceed H2O cluster limits (-nthreads parameter). Defaults to maximum available","required":false,"type":"int","default_value":-1,"actual_value":-1,"input_value":-1,"level":"expert","values":[],"is_member_of_frames":[],"is_mutually_exclusive_with":[],"gridable":false},{"__meta":{"schema_version":3,"schema_name":"ModelParameterSchemaV3","schema_type":"Iced"},"name":"save_matrix_directory","label":"save_matrix_directory","help":"Directory where to save matrices passed to XGBoost library. Useful for debugging.","required":false,"type":"string","default_value":null,"actual_value":null,"input_value":null,"level":"expert","values":[],"is_member_of_frames":[],"is_mutually_exclusive_with":[],"gridable":false},{"__meta":{"schema_version":3,"schema_name":"ModelParameterSchemaV3","schema_type":"Iced"},"name":"build_tree_one_node","label":"build_tree_one_node","help":"Run on one node only; no network overhead but fewer cpus used. Suitable for small datasets.","required":false,"type":"boolean","default_value":false,"actual_value":false,"input_value":false,"level":"expert","values":[],"is_member_of_frames":[],"is_mutually_exclusive_with":[],"gridable":false},{"__meta":{"schema_version":3,"schema_name":"ModelParameterSchemaV3","schema_type":"Iced"},"name":"calibrate_model","label":"calibrate_model","help":"Use Platt Scaling to calculate calibrated class probabilities. Calibration can provide more accurate estimates of class probabilities.","required":false,"type":"boolean","default_value":false,"actual_value":false,"input_value":false,"level":"expert","values":[],"is_member_of_frames":[],"is_mutually_exclusive_with":[],"gridable":false},{"__meta":{"schema_version":3,"schema_name":"ModelParameterSchemaV3","schema_type":"Iced"},"name":"calibration_frame","label":"calibration_frame","help":"Calibration frame for Platt Scaling","required":false,"type":"Key<Frame>","default_value":null,"actual_value":null,"input_value":null,"level":"expert","values":[],"is_member_of_frames":[],"is_mutually_exclusive_with":[],"gridable":false},{"__meta":{"schema_version":3,"schema_name":"ModelParameterSchemaV3","schema_type":"Iced"},"name":"max_bins","label":"max_bins","help":"For tree_method=hist only: maximum number of bins","required":false,"type":"int","default_value":256,"actual_value":256,"input_value":256,"level":"expert","values":[],"is_member_of_frames":[],"is_mutually_exclusive_with":[],"gridable":true},{"__meta":{"schema_version":3,"schema_name":"ModelParameterSchemaV3","schema_type":"Iced"},"name":"max_leaves","label":"max_leaves","help":"For tree_method=hist only: maximum number of leaves","required":false,"type":"int","default_value":0,"actual_value":0,"input_value":0,"level":"secondary","values":[],"is_member_of_frames":[],"is_mutually_exclusive_with":[],"gridable":true},{"__meta":{"schema_version":3,"schema_name":"ModelParameterSchemaV3","schema_type":"Iced"},"name":"sample_type","label":"sample_type","help":"For booster=dart only: sample_type","required":false,"type":"enum","default_value":"uniform","actual_value":"uniform","input_value":"uniform","level":"expert","values":["uniform","weighted"],"is_member_of_frames":[],"is_mutually_exclusive_with":[],"gridable":true},{"__meta":{"schema_version":3,"schema_name":"ModelParameterSchemaV3","schema_type":"Iced"},"name":"normalize_type","label":"normalize_type","help":"For booster=dart only: normalize_type","required":false,"type":"enum","default_value":"tree","actual_value":"tree","input_value":"tree","level":"expert","values":["tree","forest"],"is_member_of_frames":[],"is_mutually_exclusive_with":[],"gridable":true},{"__meta":{"schema_version":3,"schema_name":"ModelParameterSchemaV3","schema_type":"Iced"},"name":"rate_drop","label":"rate_drop","help":"For booster=dart only: rate_drop (0..1)","required":false,"type":"float","default_value":0.0,"actual_value":0.0,"input_value":0.0,"level":"expert","values":[],"is_member_of_frames":[],"is_mutually_exclusive_with":[],"gridable":true},{"__meta":{"schema_version":3,"schema_name":"ModelParameterSchemaV3","schema_type":"Iced"},"name":"one_drop","label":"one_drop","help":"For booster=dart only: one_drop","required":false,"type":"boolean","default_value":false,"actual_value":false,"input_value":false,"level":"expert","values":[],"is_member_of_frames":[],"is_mutually_exclusive_with":[],"gridable":true},{"__meta":{"schema_version":3,"schema_name":"ModelParameterSchemaV3","schema_type":"Iced"},"name":"skip_drop","label":"skip_drop","help":"For booster=dart only: skip_drop (0..1)","required":false,"type":"float","default_value":0.0,"actual_value":0.0,"input_value":0.0,"level":"expert","values":[],"is_member_of_frames":[],"is_mutually_exclusive_with":[],"gridable":true},{"__meta":{"schema_version":3,"schema_name":"ModelParameterSchemaV3","schema_type":"Iced"},"name":"tree_method","label":"tree_method","help":"Tree method","required":false,"type":"enum","default_value":"auto","actual_value":"hist","input_value":"auto","level":"secondary","values":["auto","exact","approx","hist"],"is_member_of_frames":[],"is_mutually_exclusive_with":[],"gridable":true},{"__meta":{"schema_version":3,"schema_name":"ModelParameterSchemaV3","schema_type":"Iced"},"name":"grow_policy","label":"grow_policy","help":"Grow policy - depthwise is standard GBM, lossguide is LightGBM","required":false,"type":"enum","default_value":"depthwise","actual_value":"depthwise","input_value":"depthwise","level":"secondary","values":["depthwise","lossguide"],"is_member_of_frames":[],"is_mutually_exclusive_with":[],"gridable":true},{"__meta":{"schema_version":3,"schema_name":"ModelParameterSchemaV3","schema_type":"Iced"},"name":"booster","label":"booster","help":"Booster type","required":false,"type":"enum","default_value":"gbtree","actual_value":"dart","input_value":"dart","level":"expert","values":["gbtree","gblinear","dart"],"is_member_of_frames":[],"is_mutually_exclusive_with":[],"gridable":true},{"__meta":{"schema_version":3,"schema_name":"ModelParameterSchemaV3","schema_type":"Iced"},"name":"reg_lambda","label":"reg_lambda","help":"L2 regularization","required":false,"type":"float","default_value":1.0,"actual_value":1.0,"input_value":1.0,"level":"expert","values":[],"is_member_of_frames":[],"is_mutually_exclusive_with":[],"gridable":true},{"__meta":{"schema_version":3,"schema_name":"ModelParameterSchemaV3","schema_type":"Iced"},"name":"reg_alpha","label":"reg_alpha","help":"L1 regularization","required":false,"type":"float","default_value":0.0,"actual_value":0.0,"input_value":0.0,"level":"expert","values":[],"is_member_of_frames":[],"is_mutually_exclusive_with":[],"gridable":true},{"__meta":{"schema_version":3,"schema_name":"ModelParameterSchemaV3","schema_type":"Iced"},"name":"dmatrix_type","label":"dmatrix_type","help":"Type of DMatrix. For sparse, NAs and 0 are treated equally.","required":false,"type":"enum","default_value":"auto","actual_value":"dense","input_value":"auto","level":"secondary","values":["auto","dense","sparse"],"is_member_of_frames":[],"is_mutually_exclusive_with":[],"gridable":true},{"__meta":{"schema_version":3,"schema_name":"ModelParameterSchemaV3","schema_type":"Iced"},"name":"backend","label":"backend","help":"Backend. By default (auto), a GPU is used if available.","required":false,"type":"enum","default_value":"auto","actual_value":"gpu","input_value":"auto","level":"expert","values":["auto","gpu","cpu"],"is_member_of_frames":[],"is_mutually_exclusive_with":[],"gridable":true},{"__meta":{"schema_version":3,"schema_name":"ModelParameterSchemaV3","schema_type":"Iced"},"name":"gpu_id","label":"gpu_id","help":"Which GPU to use. ","required":false,"type":"int","default_value":0,"actual_value":0,"input_value":0,"level":"expert","values":[],"is_member_of_frames":[],"is_mutually_exclusive_with":[],"gridable":false},{"__meta":{"schema_version":3,"schema_name":"ModelParameterSchemaV3","schema_type":"Iced"},"name":"gainslift_bins","label":"gainslift_bins","help":"Gains/Lift table number of bins. 0 means disabled.. Default value -1 means automatic binning.","required":false,"type":"int","default_value":-1,"actual_value":-1,"input_value":-1,"level":"secondary","values":[],"is_member_of_frames":[],"is_mutually_exclusive_with":[],"gridable":false}],"output":{"__meta":{"schema_version":3,"schema_name":"XGBoostModelOutputV3","schema_type":"XGBoostOutput"},"names":["T_Percent","R_Percent","T_TeachArea","R_TeachArea","algo_leadsidesolder_class"],"original_names":null,"column_types":["Numeric","Numeric","Numeric","Numeric","Enum"],"domains":[null,null,null,null,["false","true"]],"cross_validation_models":null,"cross_validation_predictions":null,"cross_validation_holdout_predictions_frame_id":null,"cross_validation_fold_assignment_frame_id":null,"model_category":"Binomial","model_summary":{"__meta":{"schema_version":3,"schema_name":"TwoDimTableV3","schema_type":"TwoDimTable"},"name":"Model Summary","description":"","columns":[{"__meta":{"schema_version":-1,"schema_name":"ColumnSpecsBase","schema_type":"Iced"},"name":"","type":"string","format":"%s","description":""},{"__meta":{"schema_version":-1,"schema_name":"ColumnSpecsBase","schema_type":"Iced"},"name":"number_of_trees","type":"long","format":"%d","description":"Number of Trees"}],"rowcount":1,"data":[[""],[50]]},"scoring_history":{"__meta":{"schema_version":3,"schema_name":"TwoDimTableV3","schema_type":"TwoDimTable"},"name":"Scoring History","description":"","columns":[{"__meta":{"schema_version":-1,"schema_name":"ColumnSpecsBase","schema_type":"Iced"},"name":"","type":"string","format":"%s","description":""},{"__meta":{"schema_version":-1,"schema_name":"ColumnSpecsBase","schema_type":"Iced"},"name":"timestamp","type":"string","format":"%s","description":"Timestamp"},{"__meta":{"schema_version":-1,"schema_name":"ColumnSpecsBase","schema_type":"Iced"},"name":"duration","type":"string","format":"%s","description":"Duration"},{"__meta":{"schema_version":-1,"schema_name":"ColumnSpecsBase","schema_type":"Iced"},"name":"number_of_trees","type":"long","format":"%d","description":"Number of Trees"},{"__meta":{"schema_version":-1,"schema_name":"ColumnSpecsBase","schema_type":"Iced"},"name":"training_rmse","type":"double","format":"%.5f","description":"Training RMSE"},{"__meta":{"schema_version":-1,"schema_name":"ColumnSpecsBase","schema_type":"Iced"},"name":"training_logloss","type":"double","format":"%.5f","description":"Training LogLoss"},{"__meta":{"schema_version":-1,"schema_name":"ColumnSpecsBase","schema_type":"Iced"},"name":"training_auc","type":"double","format":"%.5f","description":"Training AUC"},{"__meta":{"schema_version":-1,"schema_name":"ColumnSpecsBase","schema_type":"Iced"},"name":"training_pr_auc","type":"double","format":"%.5f","description":"Training pr_auc"},{"__meta":{"schema_version":-1,"schema_name":"ColumnSpecsBase","schema_type":"Iced"},"name":"training_lift","type":"double","format":"%.5f","description":"Training Lift"},{"__meta":{"schema_version":-1,"schema_name":"ColumnSpecsBase","schema_type":"Iced"},"name":"training_classification_error","type":"double","format":"%.5f","description":"Training Classification Error"},{"__meta":{"schema_version":-1,"schema_name":"ColumnSpecsBase","schema_type":"Iced"},"name":"validation_rmse","type":"double","format":"%.5f","description":"Validation RMSE"},{"__meta":{"schema_version":-1,"schema_name":"ColumnSpecsBase","schema_type":"Iced"},"name":"validation_logloss","type":"double","format":"%.5f","description":"Validation LogLoss"},{"__meta":{"schema_version":-1,"schema_name":"ColumnSpecsBase","schema_type":"Iced"},"name":"validation_auc","type":"double","format":"%.5f","description":"Validation AUC"},{"__meta":{"schema_version":-1,"schema_name":"ColumnSpecsBase","schema_type":"Iced"},"name":"validation_pr_auc","type":"double","format":"%.5f","description":"Validation pr_auc"},{"__meta":{"schema_version":-1,"schema_name":"ColumnSpecsBase","schema_type":"Iced"},"name":"validation_lift","type":"double","format":"%.5f","description":"Validation Lift"},{"__meta":{"schema_version":-1,"schema_name":"ColumnSpecsBase","schema_type":"Iced"},"name":"validation_classification_error","type":"double","format":"%.5f","description":"Validation Classification Error"}],"rowcount":50,"data":[["","","","","","","","","","","","","","","","","","","","","","","","","","","","","","","","","","","","","","","","","","","","","","","","","",""],["2020-09-22 09:28:44","2020-09-22 09:28:44","2020-09-22 09:28:45","2020-09-22 09:28:45","2020-09-22 09:28:45","2020-09-22 09:28:45","2020-09-22 09:28:45","2020-09-22 09:28:45","2020-09-22 09:28:45","2020-09-22 09:28:45","2020-09-22 09:28:45","2020-09-22 09:28:45","2020-09-22 09:28:45","2020-09-22 09:28:45","2020-09-22 09:28:45","2020-09-22 09:28:46","2020-09-22 09:28:46","2020-09-22 09:28:46","2020-09-22 09:28:46","2020-09-22 09:28:46","2020-09-22 09:28:46","2020-09-22 09:28:46","2020-09-22 09:28:46","2020-09-22 09:28:46","2020-09-22 09:28:46","2020-09-22 09:28:46","2020-09-22 09:28:46","2020-09-22 09:28:46","2020-09-22 09:28:46","2020-09-22 09:28:47","2020-09-22 09:28:47","2020-09-22 09:28:47","2020-09-22 09:28:47","2020-09-22 09:28:47","2020-09-22 09:28:47","2020-09-22 09:28:47","2020-09-22 09:28:47","2020-09-22 09:28:47","2020-09-22 09:28:47","2020-09-22 09:28:47","2020-09-22 09:28:47","2020-09-22 09:28:48","2020-09-22 09:28:48","2020-09-22 09:28:48","2020-09-22 09:28:48","2020-09-22 09:28:48","2020-09-22 09:28:48","2020-09-22 09:28:48","2020-09-22 09:28:48","2020-09-22 09:28:48"],[" 0.121 sec"," 0.395 sec"," 0.594 sec"," 0.673 sec"," 0.743 sec"," 0.808 sec"," 0.871 sec"," 0.940 sec"," 1.015 sec"," 1.093 sec"," 1.167 sec"," 1.244 sec"," 1.319 sec"," 1.390 sec"," 1.456 sec"," 1.530 sec"," 1.600 sec"," 1.671 sec"," 1.745 sec"," 1.817 sec"," 1.892 sec"," 1.973 sec"," 2.051 sec"," 2.130 sec"," 2.210 sec"," 2.281 sec"," 2.354 sec"," 2.424 sec"," 2.490 sec"," 2.559 sec"," 2.624 sec"," 2.707 sec"," 2.788 sec"," 2.869 sec"," 2.946 sec"," 3.021 sec"," 3.114 sec"," 3.200 sec"," 3.292 sec"," 3.371 sec"," 3.455 sec"," 3.560 sec"," 3.666 sec"," 3.756 sec"," 3.827 sec"," 3.903 sec"," 4.007 sec"," 4.087 sec"," 4.174 sec"," 4.277 sec"],[0,1,2,3,4,5,6,7,8,9,10,11,12,13,14,15,16,17,18,19,20,21,22,23,24,25,26,27,28,29,30,31,32,33,34,35,36,37,38,39,40,41,42,43,44,45,46,47,48,50],[0.5,0.354609776410666,0.2569446520219115,0.18804340143025058,0.13854949229515884,0.10272859858285611,0.07676554075717464,0.0580214915645603,0.044629586265991894,0.03524037858121369,0.0288447608047432,0.02465165033296157,0.022017953265894927,0.02043309174918694,0.019512774536121276,0.018985800550568165,0.018692926281563063,0.018527006918719575,0.018438007715007042,0.0183858083440097,0.018359887250082675,0.018342530350708684,0.018335838959651077,0.018329109043748147,0.018328269746282495,0.018324806835344327,0.018325755174175663,0.018323317802142258,0.01832481443474599,0.018322718332121835,0.018326624383593174,0.018323618099387873,0.01832756316557521,0.018324363457932934,0.0183281056331041,0.018324764959673733,0.018328294711732973,0.018324911697748247,0.018328263121496494,0.018325835358776313,0.01832970468669219,0.01832718989643147,0.018330608868004104,0.01832796399346032,0.01833104328867081,0.018328339164448166,0.018331187514484485,0.01832848395652249,0.018331163964713276,0.018331054484494604],[0.6931471805600147,0.4378821867432209,0.2968871829676926,0.20805210276926836,0.1486254759505089,0.1075074246444579,0.07845320288557484,0.05763683929893251,0.042580673986799294,0.03161837639499871,0.023598815735442636,0.017712319630012137,0.013380561482448075,0.010188684113652183,0.007834784567804717,0.006095528673923402,0.004809609031075874,0.0038582769011546135,0.0031541351124187394,0.0026328862301318646,0.0022468494770968668,0.001960807660335312,0.0017488977714598076,0.0015916840431062069,0.001475087274918292,0.0013885952235544944,0.0013242281156038637,0.0012764213503837832,0.0012407673680987596,0.0012140325948913771,0.0011954281648418933,0.0011815227621819846,0.001170995140273109,0.001163107169077707,0.001156834806830614,0.0011521694504800302,0.001148366799469095,0.0011453842384236386,0.0011430541748351142,0.001142453413447736,0.001142126842292129,0.0011418149550257136,0.0011414949827533985,0.001141220884625988,0.0011409883021515684,0.0011407302339573485,0.0011405049347943269,0.001140242808961091,0.0011399445892425533,0.0011395059027420414],[0.5,0.9996727391731209,0.9996727391731209,0.9996727391731209,0.9996727391731209,0.9996727391731209,0.9996727391731209,0.9996727391731209,0.9996727391731209,0.9996727391731209,0.9996727391731209,0.9996727391731209,0.9996727391731209,0.9996727391731209,0.9996727391731209,0.9996727391731209,0.9996727391731209,0.9996727391731209,0.9996727391731209,0.9996727391731209,0.9996727391731209,0.9996727391731209,0.9996727391731209,0.9996727391731209,0.9996727391731209,0.9996727391731209,0.9996727391731209,0.9996727391731209,0.9996727391731209,0.9996727391731209,0.9996727391731209,0.9996727391731209,0.9996727391731209,0.9996727391731209,0.9996727391731209,0.9996727391731209,0.9996727391731209,0.9996727391731209,0.9996727391731209,0.9996727391731209,0.9996727391731209,0.9996727391731209,0.9996727391731209,0.9996727391731209,0.9996727391731209,0.9996727391731209,0.9996727391731209,0.9996727391731209,0.9996727391731209,0.9996727391731209],[0.9989103192764519,0.9999996428444656,0.9999996428444656,0.9999996428444656,0.9999996428444656,0.9999996428444656,0.9999996428444656,0.9999996428444656,0.9999996428444656,0.9999996428444656,0.9999996428444656,0.9999996428444656,0.9999996428444656,0.9999996428444656,0.9999996428444656,0.9999996428444656,0.9999996428444656,0.9999996428444656,0.9999996428444656,0.9999996428444656,0.9999996428444656,0.9999996428444656,0.9999996428444656,0.9999996428444656,0.9999996428444656,0.9999996428444656,0.9999996428444656,0.9999996428444656,0.9999996428444656,0.9999996428444656,0.9999996428444656,0.9999996428444656,0.9999996428444656,0.9999996428444656,0.9999996428444656,0.9999996428444656,0.9999996428444656,0.9999996428444656,0.9999996428444656,0.9999996428444656,0.9999996428444656,0.9999996428444656,0.9999996428444656,0.9999996428444656,0.9999996428444656,0.9999996428444656,0.9999996428444656,0.9999996428444656,0.9999996428444656,0.9999996428444656],[1.0,1.0010908694229301,1.0010908694229301,1.0010908694229301,1.0010908694229301,1.0010908694229301,1.0010908694229301,1.0010908694229301,1.0010908694229301,1.0010908694229301,1.0010908694229301,1.0010908694229301,1.0010908694229301,1.0010908694229301,1.0010908694229301,1.0010908694229301,1.0010908694229301,1.0010908694229301,1.0010908694229301,1.0010908694229301,1.0010908694229301,1.0010908694229301,1.0010908694229301,1.0010908694229301,1.0010908694229301,1.0010908694229301,1.0010908694229301,1.0010908694229301,1.0010908694229301,1.0010908694229301,1.0010908694229301,1.0010908694229301,1.0010908694229301,1.0010908694229301,1.0010908694229301,1.0010908694229301,1.0010908694229301,1.0010908694229301,1.0010908694229301,1.0010908694229301,1.0010908694229301,1.0010908694229301,1.0010908694229301,1.0010908694229301,1.0010908694229301,1.0010908694229301,1.0010908694229301,1.0010908694229301,1.0010908694229301,1.0010908694229301],[0.0010896807235480004,4.0863027133050016E-4,4.0863027133050016E-4,4.0863027133050016E-4,4.0863027133050016E-4,4.0863027133050016E-4,4.0863027133050016E-4,4.0863027133050016E-4,4.0863027133050016E-4,4.0863027133050016E-4,4.0863027133050016E-4,4.0863027133050016E-4,4.0863027133050016E-4,4.0863027133050016E-4,4.0863027133050016E-4,4.0863027133050016E-4,4.0863027133050016E-4,4.0863027133050016E-4,4.0863027133050016E-4,4.0863027133050016E-4,4.0863027133050016E-4,4.0863027133050016E-4,4.0863027133050016E-4,4.0863027133050016E-4,4.0863027133050016E-4,4.0863027133050016E-4,4.0863027133050016E-4,4.0863027133050016E-4,4.0863027133050016E-4,4.0863027133050016E-4,4.0863027133050016E-4,4.0863027133050016E-4,4.0863027133050016E-4,4.0863027133050016E-4,4.0863027133050016E-4,4.0863027133050016E-4,4.0863027133050016E-4,4.0863027133050016E-4,4.0863027133050016E-4,4.0863027133050016E-4,4.0863027133050016E-4,4.0863027133050016E-4,4.0863027133050016E-4,4.0863027133050016E-4,4.0863027133050016E-4,4.0863027133050016E-4,4.0863027133050016E-4,4.0863027133050016E-4,4.0863027133050016E-4,4.0863027133050016E-4],[0.5,0.3546097764108063,0.25694465202190764,0.18804340143012982,0.13854949229515184,0.10272859858293093,0.0767655407572343,0.05802149156450184,0.04462958626598971,0.035240378581179954,0.02884476080474171,0.0246516503329598,0.022017953265893613,0.020433091749186935,0.019512774536121283,0.01898580055056817,0.018692926281563056,0.018527006918719557,0.01843800771500705,0.0183858083440097,0.018359887250082665,0.018342530350708694,0.018335838959651067,0.018329109043748158,0.018328269746282475,0.018324806835344307,0.018325755174175663,0.01832331780214225,0.018324814434745984,0.018322718332121835,0.018326624383593174,0.01832361809938788,0.01832756316557521,0.01832436345793293,0.01832810563310409,0.018324764959673723,0.018328294711732977,0.01832491169774825,0.018328263121496477,0.018325835358776302,0.01832970468669218,0.018327189896431468,0.0183306088680041,0.018327963993460324,0.01833104328867081,0.018328339164448156,0.01833118751448448,0.018328483956522486,0.018331163964713272,0.018331054484494593],[0.6931471805588758,0.4378821867439238,0.29688718296722627,0.20805210276912348,0.14862547595054726,0.10750742464434972,0.07845320288547535,0.057636839298850585,0.042580673986764954,0.03161837639502366,0.023598815735421195,0.01771231963004257,0.013380561482440089,0.010188684113646733,0.007834784567807635,0.006095528673914804,0.00480960903108069,0.0038582769011578613,0.0031541351124226725,0.0026328862301296433,0.00224684947709993,0.0019608076603340953,0.001748897771457685,0.0015916840431087775,0.0014750872749192856,0.001388595223553938,0.0013242281156051578,0.0012764213503847232,0.0012407673680965216,0.0012140325948917204,0.0011954281648394308,0.0011815227621838835,0.0011709951402745287,0.001163107169079221,0.0011568348068308387,0.001152169450479473,0.0011483667994705083,0.001145384238425779,0.0011430541748377629,0.0011424534134476282,0.00114212684229215,0.0011418149550279154,0.0011414949827560036,0.0011412208846256194,0.0011409883021539415,0.0011407302339570364,0.0011405049347968034,0.001140242808961008,0.0011399445892425076,0.0011395059027418874],[0.5,0.9996727391731209,0.9996727391731209,0.9996727391731209,0.9996727391731209,0.9996727391731209,0.9996727391731209,0.9996727391731209,0.9996727391731209,0.9996727391731209,0.9996727391731209,0.9996727391731209,0.9996727391731209,0.9996727391731209,0.9996727391731209,0.9996727391731209,0.9996727391731209,0.9996727391731209,0.9996727391731209,0.9996727391731209,0.9996727391731209,0.9996727391731209,0.9996727391731209,0.9996727391731209,0.9996727391731209,0.9996727391731209,0.9996727391731209,0.9996727391731209,0.9996727391731209,0.9996727391731209,0.9996727391731209,0.9996727391731209,0.9996727391731209,0.9996727391731209,0.9996727391731209,0.9996727391731209,0.9996727391731209,0.9996727391731209,0.9996727391731209,0.9996727391731209,0.9996727391731209,0.9996727391731209,0.9996727391731209,0.9996727391731209,0.9996727391731209,0.9996727391731209,0.9996727391731209,0.9996727391731209,0.9996727391731209,0.9996727391731209],[0.9989103192764519,0.9999996428444656,0.9999996428444656,0.9999996428444656,0.9999996428444656,0.9999996428444656,0.9999996428444656,0.9999996428444656,0.9999996428444656,0.9999996428444656,0.9999996428444656,0.9999996428444656,0.9999996428444656,0.9999996428444656,0.9999996428444656,0.9999996428444656,0.9999996428444656,0.9999996428444656,0.9999996428444656,0.9999996428444656,0.9999996428444656,0.9999996428444656,0.9999996428444656,0.9999996428444656,0.9999996428444656,0.9999996428444656,0.9999996428444656,0.9999996428444656,0.9999996428444656,0.9999996428444656,0.9999996428444656,0.9999996428444656,0.9999996428444656,0.9999996428444656,0.9999996428444656,0.9999996428444656,0.9999996428444656,0.9999996428444656,0.9999996428444656,0.9999996428444656,0.9999996428444656,0.9999996428444656,0.9999996428444656,0.9999996428444656,0.9999996428444656,0.9999996428444656,0.9999996428444656,0.9999996428444656,0.9999996428444656,0.9999996428444656],[1.0,1.0010908694229301,1.0010908694229301,1.0010908694229301,1.0010908694229301,1.0010908694229301,1.0010908694229301,1.0010908694229301,1.0010908694229301,1.0010908694229301,1.0010908694229301,1.0010908694229301,1.0010908694229301,1.0010908694229301,1.0010908694229301,1.0010908694229301,1.0010908694229301,1.0010908694229301,1.0010908694229301,1.0010908694229301,1.0010908694229301,1.0010908694229301,1.0010908694229301,1.0010908694229301,1.0010908694229301,1.0010908694229301,1.0010908694229301,1.0010908694229301,1.0010908694229301,1.0010908694229301,1.0010908694229301,1.0010908694229301,1.0010908694229301,1.0010908694229301,1.0010908694229301,1.0010908694229301,1.0010908694229301,1.0010908694229301,1.0010908694229301,1.0010908694229301,1.0010908694229301,1.0010908694229301,1.0010908694229301,1.0010908694229301,1.0010908694229301,1.0010908694229301,1.0010908694229301,1.0010908694229301,1.0010908694229301,1.0010908694229301],[0.0010896807235480004,4.0863027133050016E-4,4.0863027133050016E-4,4.0863027133050016E-4,4.0863027133050016E-4,4.0863027133050016E-4,4.0863027133050016E-4,4.0863027133050016E-4,4.0863027133050016E-4,4.0863027133050016E-4,4.0863027133050016E-4,4.0863027133050016E-4,4.0863027133050016E-4,4.0863027133050016E-4,4.0863027133050016E-4,4.0863027133050016E-4,4.0863027133050016E-4,4.0863027133050016E-4,4.0863027133050016E-4,4.0863027133050016E-4,4.0863027133050016E-4,4.0863027133050016E-4,4.0863027133050016E-4,4.0863027133050016E-4,4.0863027133050016E-4,4.0863027133050016E-4,4.0863027133050016E-4,4.0863027133050016E-4,4.0863027133050016E-4,4.0863027133050016E-4,4.0863027133050016E-4,4.0863027133050016E-4,4.0863027133050016E-4,4.0863027133050016E-4,4.0863027133050016E-4,4.0863027133050016E-4,4.0863027133050016E-4,4.0863027133050016E-4,4.0863027133050016E-4,4.0863027133050016E-4,4.0863027133050016E-4,4.0863027133050016E-4,4.0863027133050016E-4,4.0863027133050016E-4,4.0863027133050016E-4,4.0863027133050016E-4,4.0863027133050016E-4,4.0863027133050016E-4,4.0863027133050016E-4,4.0863027133050016E-4]]},"reproducibility_information_table":[{"__meta":{"schema_version":3,"schema_name":"TwoDimTableV3","schema_type":"TwoDimTable"},"name":"Node Information","description":"","columns":[{"__meta":{"schema_version":-1,"schema_name":"ColumnSpecsBase","schema_type":"Iced"},"name":"","type":"string","format":"%s","description":""},{"__meta":{"schema_version":-1,"schema_name":"ColumnSpecsBase","schema_type":"Iced"},"name":"node","type":"int","format":"%d","description":"node"},{"__meta":{"schema_version":-1,"schema_name":"ColumnSpecsBase","schema_type":"Iced"},"name":"h2o","type":"string","format":"%s","description":"h2o"},{"__meta":{"schema_version":-1,"schema_name":"ColumnSpecsBase","schema_type":"Iced"},"name":"healthy","type":"string","format":"%s","description":"healthy"},{"__meta":{"schema_version":-1,"schema_name":"ColumnSpecsBase","schema_type":"Iced"},"name":"last_ping","type":"string","format":"%s","description":"last_ping"},{"__meta":{"schema_version":-1,"schema_name":"ColumnSpecsBase","schema_type":"Iced"},"name":"num_cpus","type":"int","format":"%d","description":"num_cpus"},{"__meta":{"schema_version":-1,"schema_name":"ColumnSpecsBase","schema_type":"Iced"},"name":"sys_load","type":"double","format":"%.5f","description":"sys_load"},{"__meta":{"schema_version":-1,"schema_name":"ColumnSpecsBase","schema_type":"Iced"},"name":"mem_value_size","type":"long","format":"%d","description":"mem_value_size"},{"__meta":{"schema_version":-1,"schema_name":"ColumnSpecsBase","schema_type":"Iced"},"name":"free_mem","type":"long","format":"%d","description":"free_mem"},{"__meta":{"schema_version":-1,"schema_name":"ColumnSpecsBase","schema_type":"Iced"},"name":"pojo_mem","type":"long","format":"%d","description":"pojo_mem"},{"__meta":{"schema_version":-1,"schema_name":"ColumnSpecsBase","schema_type":"Iced"},"name":"swap_mem","type":"long","format":"%d","description":"swap_mem"},{"__meta":{"schema_version":-1,"schema_name":"ColumnSpecsBase","schema_type":"Iced"},"name":"free_disc","type":"long","format":"%d","description":"free_disc"},{"__meta":{"schema_version":-1,"schema_name":"ColumnSpecsBase","schema_type":"Iced"},"name":"max_disc","type":"long","format":"%d","description":"max_disc"},{"__meta":{"schema_version":-1,"schema_name":"ColumnSpecsBase","schema_type":"Iced"},"name":"pid","type":"int","format":"%d","description":"pid"},{"__meta":{"schema_version":-1,"schema_name":"ColumnSpecsBase","schema_type":"Iced"},"name":"num_keys","type":"int","format":"%d","description":"num_keys"},{"__meta":{"schema_version":-1,"schema_name":"ColumnSpecsBase","schema_type":"Iced"},"name":"tcps_active","type":"string","format":"%s","description":"tcps_active"},{"__meta":{"schema_version":-1,"schema_name":"ColumnSpecsBase","schema_type":"Iced"},"name":"open_fds","type":"int","format":"%d","description":"open_fds"},{"__meta":{"schema_version":-1,"schema_name":"ColumnSpecsBase","schema_type":"Iced"},"name":"rpcs_active","type":"string","format":"%s","description":"rpcs_active"},{"__meta":{"schema_version":-1,"schema_name":"ColumnSpecsBase","schema_type":"Iced"},"name":"nthreads","type":"int","format":"%d","description":"nthreads"},{"__meta":{"schema_version":-1,"schema_name":"ColumnSpecsBase","schema_type":"Iced"},"name":"is_leader","type":"string","format":"%s","description":"is_leader"},{"__meta":{"schema_version":-1,"schema_name":"ColumnSpecsBase","schema_type":"Iced"},"name":"total_mem","type":"long","format":"%d","description":"total_mem"},{"__meta":{"schema_version":-1,"schema_name":"ColumnSpecsBase","schema_type":"Iced"},"name":"max_mem","type":"long","format":"%d","description":"max_mem"},{"__meta":{"schema_version":-1,"schema_name":"ColumnSpecsBase","schema_type":"Iced"},"name":"java_version","type":"string","format":"%s","description":"java_version"},{"__meta":{"schema_version":-1,"schema_name":"ColumnSpecsBase","schema_type":"Iced"},"name":"jvm_launch_parameters","type":"string","format":"%s","description":"jvm_launch_parameters"},{"__meta":{"schema_version":-1,"schema_name":"ColumnSpecsBase","schema_type":"Iced"},"name":"os_version","type":"string","format":"%s","description":"os_version"},{"__meta":{"schema_version":-1,"schema_name":"ColumnSpecsBase","schema_type":"Iced"},"name":"machine_physical_mem","type":"long","format":"%d","description":"machine_physical_mem"},{"__meta":{"schema_version":-1,"schema_name":"ColumnSpecsBase","schema_type":"Iced"},"name":"machine_locale","type":"string","format":"%s","description":"machine_locale"}],"rowcount":1,"data":[[""],[0],["10.25.9.1:54321"],["true"],["1600759723985"],[12],[2.11],[0],[6945982968],[689747464],[0],[182759456768],[200510799872],[5646],[5],["\u0000"],[671],["\u0000"],[12],["true"],[3568304128],[7635730432],["Java 1.8.0_265 (from Private Build)"],["[-Xmx8g]"],["Linux 5.0.0-32-generic (amd64)"],[16586354688],["en_US"]]},{"__meta":{"schema_version":3,"schema_name":"TwoDimTableV3","schema_type":"TwoDimTable"},"name":"Cluster Configuration","description":"","columns":[{"__meta":{"schema_version":-1,"schema_name":"ColumnSpecsBase","schema_type":"Iced"},"name":"","type":"string","format":"%s","description":""},{"__meta":{"schema_version":-1,"schema_name":"ColumnSpecsBase","schema_type":"Iced"},"name":"h2o_cluster_uptime","type":"long","format":"%d","description":"H2O cluster uptime"},{"__meta":{"schema_version":-1,"schema_name":"ColumnSpecsBase","schema_type":"Iced"},"name":"h2o_cluster_timezone","type":"string","format":"%s","description":"H2O cluster timezone"},{"__meta":{"schema_version":-1,"schema_name":"ColumnSpecsBase","schema_type":"Iced"},"name":"h2o_data_parsing_timezone","type":"string","format":"%s","description":"H2O data parsing timezone"},{"__meta":{"schema_version":-1,"schema_name":"ColumnSpecsBase","schema_type":"Iced"},"name":"h2o_cluster_version","type":"string","format":"%s","description":"H2O cluster version"},{"__meta":{"schema_version":-1,"schema_name":"ColumnSpecsBase","schema_type":"Iced"},"name":"h2o_cluster_version_age","type":"string","format":"%s","description":"H2O cluster version age"},{"__meta":{"schema_version":-1,"schema_name":"ColumnSpecsBase","schema_type":"Iced"},"name":"h2o_cluster_name","type":"string","format":"%s","description":"H2O cluster name"},{"__meta":{"schema_version":-1,"schema_name":"ColumnSpecsBase","schema_type":"Iced"},"name":"h2o_cluster_total_nodes","type":"int","format":"%d","description":"H2O cluster total nodes"},{"__meta":{"schema_version":-1,"schema_name":"ColumnSpecsBase","schema_type":"Iced"},"name":"h2o_cluster_free_memory","type":"long","format":"%d","description":"H2O cluster free memory"},{"__meta":{"schema_version":-1,"schema_name":"ColumnSpecsBase","schema_type":"Iced"},"name":"h2o_cluster_total_cores","type":"int","format":"%d","description":"H2O cluster total cores"},{"__meta":{"schema_version":-1,"schema_name":"ColumnSpecsBase","schema_type":"Iced"},"name":"h2o_cluster_allowed_cores","type":"int","format":"%d","description":"H2O cluster allowed cores"},{"__meta":{"schema_version":-1,"schema_name":"ColumnSpecsBase","schema_type":"Iced"},"name":"h2o_cluster_status","type":"string","format":"%s","description":"H2O cluster status"},{"__meta":{"schema_version":-1,"schema_name":"ColumnSpecsBase","schema_type":"Iced"},"name":"h2o_internal_security","type":"string","format":"%s","description":"H2O internal security"},{"__meta":{"schema_version":-1,"schema_name":"ColumnSpecsBase","schema_type":"Iced"},"name":"h2o_api_extensions","type":"string","format":"%s","description":"H2O API Extensions"}],"rowcount":1,"data":[[""],[1043335],["Europe/Paris"],["UTC"],["3.30.1.2"],["18 days"],["sparkling-water-gabriel_local-1600758678207"],[1],[6945982968],[12],[12],["locked, healthly"],["false"],["XGBoost, Algos, Amazon S3, Sparkling Water REST API Extensions, AutoML, Core V3, TargetEncoder, Core V4"]]},{"__meta":{"schema_version":3,"schema_name":"TwoDimTableV3","schema_type":"TwoDimTable"},"name":"Input Frames Information","description":"","columns":[{"__meta":{"schema_version":-1,"schema_name":"ColumnSpecsBase","schema_type":"Iced"},"name":"","type":"string","format":"%s","description":""},{"__meta":{"schema_version":-1,"schema_name":"ColumnSpecsBase","schema_type":"Iced"},"name":"input_frame","type":"string","format":"%s","description":"Input Frame"},{"__meta":{"schema_version":-1,"schema_name":"ColumnSpecsBase","schema_type":"Iced"},"name":"checksum","type":"long","format":"%d","description":"Checksum"},{"__meta":{"schema_version":-1,"schema_name":"ColumnSpecsBase","schema_type":"Iced"},"name":"espc","type":"string","format":"%d","description":"ESPC"}],"rowcount":3,"data":[["","",""],["training_frame","validation_frame","calibration_frame"],[7467978964389901388,7468288308260334860,-1],["[0, 6118, 12236, 18354, 24472, 30590, 36708, 42826, 48944, 55062, 61180, 67298, 73416]","[0, 73416]","-1"]]}],"training_metrics":{"__meta":{"schema_version":3,"schema_name":"ModelMetricsBinomialV3","schema_type":"ModelMetricsBinomial"},"model":{"__meta":{"schema_version":3,"schema_name":"ModelKeyV3","schema_type":"Key<Model>"},"name":"XGBoost_model_python_1600758680968_1","type":"Key<Model>","URL":"/3/Models/XGBoost_model_python_1600758680968_1"},"model_checksum":2227032644607434536,"frame":{"__meta":{"schema_version":3,"schema_name":"FrameKeyV3","schema_type":"Key<Frame>"},"name":"py_1_sid_9924","type":"Key<Frame>","URL":"/3/Frames/py_1_sid_9924"},"frame_checksum":-3184494075745550258,"description":null,"model_category":"Binomial","scoring_time":1600759728778,"predictions":null,"MSE":3.3602755851350966E-4,"RMSE":0.018331054484494604,"nobs":73416,"custom_metric_name":null,"custom_metric_value":0.0,"r2":0.6912911154314412,"logloss":0.0011395059027420414,"AUC":0.9996727391731209,"pr_auc":0.9999996428444656,"Gini":0.9993454783462419,"mean_per_class_error":0.15004090760335986,"domain":["false","true"],"cm":{"__meta":{"schema_version":3,"schema_name":"ConfusionMatrixV3","schema_type":"ConfusionMatrix"},"table":{"__meta":{"schema_version":3,"schema_name":"TwoDimTableV3","schema_type":"TwoDimTable"},"name":"Confusion Matrix","description":"Row labels: Actual class; Column labels: Predicted class","columns":[{"__meta":{"schema_version":-1,"schema_name":"ColumnSpecsBase","schema_type":"Iced"},"name":"false","type":"long","format":"%d","description":"false"},{"__meta":{"schema_version":-1,"schema_name":"ColumnSpecsBase","schema_type":"Iced"},"name":"true","type":"long","format":"%d","description":"true"},{"__meta":{"schema_version":-1,"schema_name":"ColumnSpecsBase","schema_type":"Iced"},"name":"Error","type":"double","format":"%.4f","description":"Error"},{"__meta":{"schema_version":-1,"schema_name":"ColumnSpecsBase","schema_type":"Iced"},"name":"Rate","type":"string","format":"= %11s","description":"Rate"}],"rowcount":3,"data":[[56,6,62],[24,73330,73354],[0.3,8.181520671975564E-5,4.0863027133050016E-4],["24 / 80","6 / 73,336","30 / 73,416"]]}},"thresholds_and_metric_scores":{"__meta":{"schema_version":3,"schema_name":"TwoDimTableV3","schema_type":"TwoDimTable"},"name":"Metrics for Thresholds","description":"Binomial metrics as a function of classification thresholds","columns":[{"__meta":{"schema_version":-1,"schema_name":"ColumnSpecsBase","schema_type":"Iced"},"name":"threshold","type":"double","format":"%f","description":"Threshold"},{"__meta":{"schema_version":-1,"schema_name":"ColumnSpecsBase","schema_type":"Iced"},"name":"f1","type":"double","format":"%f","description":"f1"},{"__meta":{"schema_version":-1,"schema_name":"ColumnSpecsBase","schema_type":"Iced"},"name":"f2","type":"double","format":"%f","description":"f2"},{"__meta":{"schema_version":-1,"schema_name":"ColumnSpecsBase","schema_type":"Iced"},"name":"f0point5","type":"double","format":"%f","description":"f0point5"},{"__meta":{"schema_version":-1,"schema_name":"ColumnSpecsBase","schema_type":"Iced"},"name":"accuracy","type":"double","format":"%f","description":"accuracy"},{"__meta":{"schema_version":-1,"schema_name":"ColumnSpecsBase","schema_type":"Iced"},"name":"precision","type":"double","format":"%f","description":"precision"},{"__meta":{"schema_version":-1,"schema_name":"ColumnSpecsBase","schema_type":"Iced"},"name":"recall","type":"double","format":"%f","description":"recall"},{"__meta":{"schema_version":-1,"schema_name":"ColumnSpecsBase","schema_type":"Iced"},"name":"specificity","type":"double","format":"%f","description":"specificity"},{"__meta":{"schema_version":-1,"schema_name":"ColumnSpecsBase","schema_type":"Iced"},"name":"absolute_mcc","type":"double","format":"%f","description":"absolute_mcc"},{"__meta":{"schema_version":-1,"schema_name":"ColumnSpecsBase","schema_type":"Iced"},"name":"min_per_class_accuracy","type":"double","format":"%f","description":"min_per_class_accuracy"},{"__meta":{"schema_version":-1,"schema_name":"ColumnSpecsBase","schema_type":"Iced"},"name":"mean_per_class_accuracy","type":"double","format":"%f","description":"mean_per_class_accuracy"},{"__meta":{"schema_version":-1,"schema_name":"ColumnSpecsBase","schema_type":"Iced"},"name":"tns","type":"long","format":"%d","description":"tns"},{"__meta":{"schema_version":-1,"schema_name":"ColumnSpecsBase","schema_type":"Iced"},"name":"fns","type":"long","format":"%d","description":"fns"},{"__meta":{"schema_version":-1,"schema_name":"ColumnSpecsBase","schema_type":"Iced"},"name":"fps","type":"long","format":"%d","description":"fps"},{"__meta":{"schema_version":-1,"schema_name":"ColumnSpecsBase","schema_type":"Iced"},"name":"tps","type":"long","format":"%d","description":"tps"},{"__meta":{"schema_version":-1,"schema_name":"ColumnSpecsBase","schema_type":"Iced"},"name":"tnr","type":"double","format":"%f","description":"tnr"},{"__meta":{"schema_version":-1,"schema_name":"ColumnSpecsBase","schema_type":"Iced"},"name":"fnr","type":"double","format":"%f","description":"fnr"},{"__meta":{"schema_version":-1,"schema_name":"ColumnSpecsBase","schema_type":"Iced"},"name":"fpr","type":"double","format":"%f","description":"fpr"},{"__meta":{"schema_version":-1,"schema_name":"ColumnSpecsBase","schema_type":"Iced"},"name":"tpr","type":"double","format":"%f","description":"tpr"},{"__meta":{"schema_version":-1,"schema_name":"ColumnSpecsBase","schema_type":"Iced"},"name":"idx","type":"int","format":"%d","description":"idx"}],"rowcount":9,"data":[[0.9999871253967285,0.9999867677688599,0.9998867511749268,0.999825656414032,0.9735524654388428,0.8629191517829895,0.38137269020080566,0.020378556102514267,0.013330797664821148],[0.8934006322476479,0.9609594718087857,0.9933287577213453,0.9987507594426885,0.9989694310030645,0.9997954870816005,0.9997546146086104,0.9996932870764805,0.9994548626253816],[0.8396941151776622,0.9389648613253074,0.98936856727225,0.9980027121640832,0.9983521085643974,0.9998691020949118,0.9999018313899586,0.9998772922489603,0.9997818737048753],[0.9544466798209978,0.9840092155201429,0.9973207788484862,0.9994999289516544,0.9995875173461248,0.9997218829072506,0.9996074411706978,0.9995093496156571,0.9991280653950955],[0.8075487632123788,0.9249346191565871,0.9867603792088918,0.997507355344884,0.9979432276343031,0.9995913697286695,0.9995096436744034,0.9993870545930043,0.998910319276452],[1.0,1.0,1.0,1.0,1.0,0.999672819478147,0.9995093496156572,0.9993867622409071,0.998910319276452],[0.807338824042762,0.9248527326279045,0.9867459365113996,0.9975046361950475,0.9979409839642195,0.9999181847932802,1.0,1.0,1.0],[1.0,1.0,1.0,1.0,1.0,0.7,0.55,0.4375,0.0],[0.06742037367206385,0.11503673299963599,0.2739301257677736,0.5508388725220681,0.5878837190922671,0.7949560788578853,0.7414378883551956,0.661234987338387,0.0],[0.807338824042762,0.9248527326279045,0.9867459365113996,0.9975046361950475,0.9979409839642195,0.7,0.55,0.4375,0.0],[0.9036694120213811,0.9624263663139523,0.9933729682556998,0.9987523180975237,0.9989704919821097,0.84995909239664,0.775,0.71875,0.5],[80,80,80,80,80,56,44,35,0],[14129,5511,972,183,151,6,0,0,0],[0,0,0,0,0,24,36,45,80],[59207,67825,72364,73153,73185,73330,73336,73336,73336],[1.0,1.0,1.0,1.0,1.0,0.7,0.55,0.4375,0.0],[0.19266117595723792,0.07514726737209557,0.013254063488600415,0.0024953638049525473,0.002059016035780517,8.181520671975564E-5,0.0,0.0,0.0],[0.0,0.0,0.0,0.0,0.0,0.3,0.45,0.5625,1.0],[0.807338824042762,0.9248527326279045,0.9867459365113996,0.9975046361950475,0.9979409839642195,0.9999181847932802,1.0,1.0,1.0],[0,1,2,3,4,5,6,7,8]]},"max_criteria_and_metric_scores":{"__meta":{"schema_version":3,"schema_name":"TwoDimTableV3","schema_type":"TwoDimTable"},"name":"Maximum Metrics","description":"Maximum metrics at their respective thresholds","columns":[{"__meta":{"schema_version":-1,"schema_name":"ColumnSpecsBase","schema_type":"Iced"},"name":"metric","type":"string","format":"%s","description":"Metric"},{"__meta":{"schema_version":-1,"schema_name":"ColumnSpecsBase","schema_type":"Iced"},"name":"threshold","type":"double","format":"%f","description":"Threshold"},{"__meta":{"schema_version":-1,"schema_name":"ColumnSpecsBase","schema_type":"Iced"},"name":"value","type":"double","format":"%f","description":"Value"},{"__meta":{"schema_version":-1,"schema_name":"ColumnSpecsBase","schema_type":"Iced"},"name":"idx","type":"long","format":"%d","description":"idx"}],"rowcount":18,"data":[["max f1","max f2","max f0point5","max accuracy","max precision","max recall","max specificity","max absolute_mcc","max min_per_class_accuracy","max mean_per_class_accuracy","max tns","max fns","max fps","max tps","max tnr","max fnr","max fpr","max tpr"],[0.8629191517829895,0.38137269020080566,0.8629191517829895,0.8629191517829895,0.9999871253967285,0.38137269020080566,0.9999871253967285,0.8629191517829895,0.9735524654388428,0.9735524654388428,0.9999871253967285,0.9999871253967285,0.013330797664821148,0.38137269020080566,0.9999871253967285,0.9999871253967285,0.013330797664821148,0.38137269020080566],[0.9997954870816005,0.9999018313899586,0.9997218829072506,0.9995913697286695,1.0,1.0,1.0,0.7949560788578853,0.9979409839642195,0.9989704919821097,80.0,14129.0,80.0,73336.0,1.0,0.19266117595723792,1.0,1.0],[5,6,5,5,0,6,0,5,4,4,0,0,8,6,0,0,8,6]]},"gains_lift_table":{"__meta":{"schema_version":3,"schema_name":"TwoDimTableV3","schema_type":"TwoDimTable"},"name":"Gains/Lift Table","description":"Avg response rate: 99.89 %, avg score: 99.89 %","columns":[{"__meta":{"schema_version":-1,"schema_name":"ColumnSpecsBase","schema_type":"Iced"},"name":"group","type":"int","format":"%d","description":"Group"},{"__meta":{"schema_version":-1,"schema_name":"ColumnSpecsBase","schema_type":"Iced"},"name":"cumulative_data_fraction","type":"double","format":"%.8f","description":"Cumulative Data Fraction"},{"__meta":{"schema_version":-1,"schema_name":"ColumnSpecsBase","schema_type":"Iced"},"name":"lower_threshold","type":"double","format":"%5f","description":"Lower Threshold"},{"__meta":{"schema_version":-1,"schema_name":"ColumnSpecsBase","schema_type":"Iced"},"name":"lift","type":"double","format":"%5f","description":"Lift"},{"__meta":{"schema_version":-1,"schema_name":"ColumnSpecsBase","schema_type":"Iced"},"name":"cumulative_lift","type":"double","format":"%5f","description":"Cumulative Lift"},{"__meta":{"schema_version":-1,"schema_name":"ColumnSpecsBase","schema_type":"Iced"},"name":"response_rate","type":"double","format":"%5f","description":"Response Rate"},{"__meta":{"schema_version":-1,"schema_name":"ColumnSpecsBase","schema_type":"Iced"},"name":"score","type":"double","format":"%5f","description":"Score"},{"__meta":{"schema_version":-1,"schema_name":"ColumnSpecsBase","schema_type":"Iced"},"name":"cumulative_response_rate","type":"double","format":"%5f","description":"Cumulative Response Rate"},{"__meta":{"schema_version":-1,"schema_name":"ColumnSpecsBase","schema_type":"Iced"},"name":"cumulative_score","type":"double","format":"%5f","description":"Cumulative Score"},{"__meta":{"schema_version":-1,"schema_name":"ColumnSpecsBase","schema_type":"Iced"},"name":"capture_rate","type":"double","format":"%5f","description":"Capture Rate"},{"__meta":{"schema_version":-1,"schema_name":"ColumnSpecsBase","schema_type":"Iced"},"name":"cumulative_capture_rate","type":"double","format":"%5f","description":"Cumulative Capture Rate"},{"__meta":{"schema_version":-1,"schema_name":"ColumnSpecsBase","schema_type":"Iced"},"name":"gain","type":"double","format":"%5f","description":"Gain"},{"__meta":{"schema_version":-1,"schema_name":"ColumnSpecsBase","schema_type":"Iced"},"name":"cumulative_gain","type":"double","format":"%5f","description":"Cumulative Gain"},{"__meta":{"schema_version":-1,"schema_name":"ColumnSpecsBase","schema_type":"Iced"},"name":"kolmogorov_smirnov","type":"double","format":"%5f","description":"Kolmogorov Smirnov"}],"rowcount":3,"data":[[1,2,3],[0.8064590824888308,0.9238449384330392,1.0],[0.9999871253967285,0.9999867677688599,0.013330797664821148],[1.0010908694229301,1.0010908694229301,0.9867665500607704],[1.0010908694229301,1.0010908694229301,1.0],[1.0,1.0,0.9856912895725273],[0.9999871253967285,0.9999867677688599,0.985843340258601],[1.0,1.0,0.998910319276452],[0.9999871253967285,0.9999870799557116,0.9989099625882911],[0.807338824042762,0.11751390858514237,0.07514726737209557],[0.807338824042762,0.9248527326279045,1.0],[0.10908694229301297,0.10908694229301297,-1.3233449939229591],[0.10908694229301297,0.10908694229301297,0.0],[0.807338824042762,0.9248527326279045,0.0]]}},"validation_metrics":{"__meta":{"schema_version":3,"schema_name":"ModelMetricsBinomialV3","schema_type":"ModelMetricsBinomial"},"model":{"__meta":{"schema_version":3,"schema_name":"ModelKeyV3","schema_type":"Key<Model>"},"name":"XGBoost_model_python_1600758680968_1","type":"Key<Model>","URL":"/3/Models/XGBoost_model_python_1600758680968_1"},"model_checksum":2227032644607434536,"frame":{"__meta":{"schema_version":3,"schema_name":"FrameKeyV3","schema_type":"Key<Frame>"},"name":"py_2_sid_9924","type":"Key<Frame>","URL":"/3/Frames/py_2_sid_9924"},"frame_checksum":-3184494075745550258,"description":null,"model_category":"Binomial","scoring_time":1600759728841,"predictions":null,"MSE":3.3602755851350934E-4,"RMSE":0.018331054484494593,"nobs":73416,"custom_metric_name":null,"custom_metric_value":0.0,"r2":0.6912911154314414,"logloss":0.0011395059027418874,"AUC":0.9996727391731209,"pr_auc":0.9999996428444656,"Gini":0.9993454783462419,"mean_per_class_error":0.15004090760335986,"domain":["false","true"],"cm":{"__meta":{"schema_version":3,"schema_name":"ConfusionMatrixV3","schema_type":"ConfusionMatrix"},"table":{"__meta":{"schema_version":3,"schema_name":"TwoDimTableV3","schema_type":"TwoDimTable"},"name":"Confusion Matrix","description":"Row labels: Actual class; Column labels: Predicted class","columns":[{"__meta":{"schema_version":-1,"schema_name":"ColumnSpecsBase","schema_type":"Iced"},"name":"false","type":"long","format":"%d","description":"false"},{"__meta":{"schema_version":-1,"schema_name":"ColumnSpecsBase","schema_type":"Iced"},"name":"true","type":"long","format":"%d","description":"true"},{"__meta":{"schema_version":-1,"schema_name":"ColumnSpecsBase","schema_type":"Iced"},"name":"Error","type":"double","format":"%.4f","description":"Error"},{"__meta":{"schema_version":-1,"schema_name":"ColumnSpecsBase","schema_type":"Iced"},"name":"Rate","type":"string","format":"= %11s","description":"Rate"}],"rowcount":3,"data":[[56,6,62],[24,73330,73354],[0.3,8.181520671975564E-5,4.0863027133050016E-4],["24 / 80","6 / 73,336","30 / 73,416"]]}},"thresholds_and_metric_scores":{"__meta":{"schema_version":3,"schema_name":"TwoDimTableV3","schema_type":"TwoDimTable"},"name":"Metrics for Thresholds","description":"Binomial metrics as a function of classification thresholds","columns":[{"__meta":{"schema_version":-1,"schema_name":"ColumnSpecsBase","schema_type":"Iced"},"name":"threshold","type":"double","format":"%f","description":"Threshold"},{"__meta":{"schema_version":-1,"schema_name":"ColumnSpecsBase","schema_type":"Iced"},"name":"f1","type":"double","format":"%f","description":"f1"},{"__meta":{"schema_version":-1,"schema_name":"ColumnSpecsBase","schema_type":"Iced"},"name":"f2","type":"double","format":"%f","description":"f2"},{"__meta":{"schema_version":-1,"schema_name":"ColumnSpecsBase","schema_type":"Iced"},"name":"f0point5","type":"double","format":"%f","description":"f0point5"},{"__meta":{"schema_version":-1,"schema_name":"ColumnSpecsBase","schema_type":"Iced"},"name":"accuracy","type":"double","format":"%f","description":"accuracy"},{"__meta":{"schema_version":-1,"schema_name":"ColumnSpecsBase","schema_type":"Iced"},"name":"precision","type":"double","format":"%f","description":"precision"},{"__meta":{"schema_version":-1,"schema_name":"ColumnSpecsBase","schema_type":"Iced"},"name":"recall","type":"double","format":"%f","description":"recall"},{"__meta":{"schema_version":-1,"schema_name":"ColumnSpecsBase","schema_type":"Iced"},"name":"specificity","type":"double","format":"%f","description":"specificity"},{"__meta":{"schema_version":-1,"schema_name":"ColumnSpecsBase","schema_type":"Iced"},"name":"absolute_mcc","type":"double","format":"%f","description":"absolute_mcc"},{"__meta":{"schema_version":-1,"schema_name":"ColumnSpecsBase","schema_type":"Iced"},"name":"min_per_class_accuracy","type":"double","format":"%f","description":"min_per_class_accuracy"},{"__meta":{"schema_version":-1,"schema_name":"ColumnSpecsBase","schema_type":"Iced"},"name":"mean_per_class_accuracy","type":"double","format":"%f","description":"mean_per_class_accuracy"},{"__meta":{"schema_version":-1,"schema_name":"ColumnSpecsBase","schema_type":"Iced"},"name":"tns","type":"long","format":"%d","description":"tns"},{"__meta":{"schema_version":-1,"schema_name":"ColumnSpecsBase","schema_type":"Iced"},"name":"fns","type":"long","format":"%d","description":"fns"},{"__meta":{"schema_version":-1,"schema_name":"ColumnSpecsBase","schema_type":"Iced"},"name":"fps","type":"long","format":"%d","description":"fps"},{"__meta":{"schema_version":-1,"schema_name":"ColumnSpecsBase","schema_type":"Iced"},"name":"tps","type":"long","format":"%d","description":"tps"},{"__meta":{"schema_version":-1,"schema_name":"ColumnSpecsBase","schema_type":"Iced"},"name":"tnr","type":"double","format":"%f","description":"tnr"},{"__meta":{"schema_version":-1,"schema_name":"ColumnSpecsBase","schema_type":"Iced"},"name":"fnr","type":"double","format":"%f","description":"fnr"},{"__meta":{"schema_version":-1,"schema_name":"ColumnSpecsBase","schema_type":"Iced"},"name":"fpr","type":"double","format":"%f","description":"fpr"},{"__meta":{"schema_version":-1,"schema_name":"ColumnSpecsBase","schema_type":"Iced"},"name":"tpr","type":"double","format":"%f","description":"tpr"},{"__meta":{"schema_version":-1,"schema_name":"ColumnSpecsBase","schema_type":"Iced"},"name":"idx","type":"int","format":"%d","description":"idx"}],"rowcount":9,"data":[[0.9999871253967285,0.9999867677688599,0.9998867511749268,0.999825656414032,0.9735524654388428,0.8629191517829895,0.38137269020080566,0.020378556102514267,0.013330797664821148],[0.8934006322476479,0.9609594718087857,0.9933287577213453,0.9987507594426885,0.9989694310030645,0.9997954870816005,0.9997546146086104,0.9996932870764805,0.9994548626253816],[0.8396941151776622,0.9389648613253074,0.98936856727225,0.9980027121640832,0.9983521085643974,0.9998691020949118,0.9999018313899586,0.9998772922489603,0.9997818737048753],[0.9544466798209978,0.9840092155201429,0.9973207788484862,0.9994999289516544,0.9995875173461248,0.9997218829072506,0.9996074411706978,0.9995093496156571,0.9991280653950955],[0.8075487632123788,0.9249346191565871,0.9867603792088918,0.997507355344884,0.9979432276343031,0.9995913697286695,0.9995096436744034,0.9993870545930043,0.998910319276452],[1.0,1.0,1.0,1.0,1.0,0.999672819478147,0.9995093496156572,0.9993867622409071,0.998910319276452],[0.807338824042762,0.9248527326279045,0.9867459365113996,0.9975046361950475,0.9979409839642195,0.9999181847932802,1.0,1.0,1.0],[1.0,1.0,1.0,1.0,1.0,0.7,0.55,0.4375,0.0],[0.06742037367206385,0.11503673299963599,0.2739301257677736,0.5508388725220681,0.5878837190922671,0.7949560788578853,0.7414378883551956,0.661234987338387,0.0],[0.807338824042762,0.9248527326279045,0.9867459365113996,0.9975046361950475,0.9979409839642195,0.7,0.55,0.4375,0.0],[0.9036694120213811,0.9624263663139523,0.9933729682556998,0.9987523180975237,0.9989704919821097,0.84995909239664,0.775,0.71875,0.5],[80,80,80,80,80,56,44,35,0],[14129,5511,972,183,151,6,0,0,0],[0,0,0,0,0,24,36,45,80],[59207,67825,72364,73153,73185,73330,73336,73336,73336],[1.0,1.0,1.0,1.0,1.0,0.7,0.55,0.4375,0.0],[0.19266117595723792,0.07514726737209557,0.013254063488600415,0.0024953638049525473,0.002059016035780517,8.181520671975564E-5,0.0,0.0,0.0],[0.0,0.0,0.0,0.0,0.0,0.3,0.45,0.5625,1.0],[0.807338824042762,0.9248527326279045,0.9867459365113996,0.9975046361950475,0.9979409839642195,0.9999181847932802,1.0,1.0,1.0],[0,1,2,3,4,5,6,7,8]]},"max_criteria_and_metric_scores":{"__meta":{"schema_version":3,"schema_name":"TwoDimTableV3","schema_type":"TwoDimTable"},"name":"Maximum Metrics","description":"Maximum metrics at their respective thresholds","columns":[{"__meta":{"schema_version":-1,"schema_name":"ColumnSpecsBase","schema_type":"Iced"},"name":"metric","type":"string","format":"%s","description":"Metric"},{"__meta":{"schema_version":-1,"schema_name":"ColumnSpecsBase","schema_type":"Iced"},"name":"threshold","type":"double","format":"%f","description":"Threshold"},{"__meta":{"schema_version":-1,"schema_name":"ColumnSpecsBase","schema_type":"Iced"},"name":"value","type":"double","format":"%f","description":"Value"},{"__meta":{"schema_version":-1,"schema_name":"ColumnSpecsBase","schema_type":"Iced"},"name":"idx","type":"long","format":"%d","description":"idx"}],"rowcount":18,"data":[["max f1","max f2","max f0point5","max accuracy","max precision","max recall","max specificity","max absolute_mcc","max min_per_class_accuracy","max mean_per_class_accuracy","max tns","max fns","max fps","max tps","max tnr","max fnr","max fpr","max tpr"],[0.8629191517829895,0.38137269020080566,0.8629191517829895,0.8629191517829895,0.9999871253967285,0.38137269020080566,0.9999871253967285,0.8629191517829895,0.9735524654388428,0.9735524654388428,0.9999871253967285,0.9999871253967285,0.013330797664821148,0.38137269020080566,0.9999871253967285,0.9999871253967285,0.013330797664821148,0.38137269020080566],[0.9997954870816005,0.9999018313899586,0.9997218829072506,0.9995913697286695,1.0,1.0,1.0,0.7949560788578853,0.9979409839642195,0.9989704919821097,80.0,14129.0,80.0,73336.0,1.0,0.19266117595723792,1.0,1.0],[5,6,5,5,0,6,0,5,4,4,0,0,8,6,0,0,8,6]]},"gains_lift_table":{"__meta":{"schema_version":3,"schema_name":"TwoDimTableV3","schema_type":"TwoDimTable"},"name":"Gains/Lift Table","description":"Avg response rate: 99.89 %, avg score: 99.89 %","columns":[{"__meta":{"schema_version":-1,"schema_name":"ColumnSpecsBase","schema_type":"Iced"},"name":"group","type":"int","format":"%d","description":"Group"},{"__meta":{"schema_version":-1,"schema_name":"ColumnSpecsBase","schema_type":"Iced"},"name":"cumulative_data_fraction","type":"double","format":"%.8f","description":"Cumulative Data Fraction"},{"__meta":{"schema_version":-1,"schema_name":"ColumnSpecsBase","schema_type":"Iced"},"name":"lower_threshold","type":"double","format":"%5f","description":"Lower Threshold"},{"__meta":{"schema_version":-1,"schema_name":"ColumnSpecsBase","schema_type":"Iced"},"name":"lift","type":"double","format":"%5f","description":"Lift"},{"__meta":{"schema_version":-1,"schema_name":"ColumnSpecsBase","schema_type":"Iced"},"name":"cumulative_lift","type":"double","format":"%5f","description":"Cumulative Lift"},{"__meta":{"schema_version":-1,"schema_name":"ColumnSpecsBase","schema_type":"Iced"},"name":"response_rate","type":"double","format":"%5f","description":"Response Rate"},{"__meta":{"schema_version":-1,"schema_name":"ColumnSpecsBase","schema_type":"Iced"},"name":"score","type":"double","format":"%5f","description":"Score"},{"__meta":{"schema_version":-1,"schema_name":"ColumnSpecsBase","schema_type":"Iced"},"name":"cumulative_response_rate","type":"double","format":"%5f","description":"Cumulative Response Rate"},{"__meta":{"schema_version":-1,"schema_name":"ColumnSpecsBase","schema_type":"Iced"},"name":"cumulative_score","type":"double","format":"%5f","description":"Cumulative Score"},{"__meta":{"schema_version":-1,"schema_name":"ColumnSpecsBase","schema_type":"Iced"},"name":"capture_rate","type":"double","format":"%5f","description":"Capture Rate"},{"__meta":{"schema_version":-1,"schema_name":"ColumnSpecsBase","schema_type":"Iced"},"name":"cumulative_capture_rate","type":"double","format":"%5f","description":"Cumulative Capture Rate"},{"__meta":{"schema_version":-1,"schema_name":"ColumnSpecsBase","schema_type":"Iced"},"name":"gain","type":"double","format":"%5f","description":"Gain"},{"__meta":{"schema_version":-1,"schema_name":"ColumnSpecsBase","schema_type":"Iced"},"name":"cumulative_gain","type":"double","format":"%5f","description":"Cumulative Gain"},{"__meta":{"schema_version":-1,"schema_name":"ColumnSpecsBase","schema_type":"Iced"},"name":"kolmogorov_smirnov","type":"double","format":"%5f","description":"Kolmogorov Smirnov"}],"rowcount":3,"data":[[1,2,3],[0.8064590824888308,0.9238449384330392,1.0],[0.9999871253967285,0.9999867677688599,0.013330797664821148],[1.0010908694229301,1.0010908694229301,0.9867665500607704],[1.0010908694229301,1.0010908694229301,1.0],[1.0,1.0,0.9856912895725273],[0.9999871253967285,0.9999867677688599,0.985843340258601],[1.0,1.0,0.998910319276452],[0.9999871253967285,0.9999870799557116,0.9989099625882911],[0.807338824042762,0.11751390858514237,0.07514726737209557],[0.807338824042762,0.9248527326279045,1.0],[0.10908694229301297,0.10908694229301297,-1.3233449939229591],[0.10908694229301297,0.10908694229301297,0.0],[0.807338824042762,0.9248527326279045,0.0]]}},"cross_validation_metrics":null,"cross_validation_metrics_summary":null,"status":null,"start_time":1600759724604,"end_time":1600759728847,"run_time":4243,"default_threshold":0.8629191517829895,"help":{"domains":"Domains for categorical columns", "__meta":"Metadata on this schema instance, to make it self-describing.", "help":"Help information for output fields", "training_metrics":"Training data model metrics", "cross_validation_models":"Cross-validation models (model ids)", "cross_validation_predictions":"Cross-validation predictions, one per cv model (deprecated, use cross_validation_holdout_predictions_frame_id instead)", "cross_validation_metrics_summary":"Cross-validation model metrics summary", "variable_importances_frequency":"Variable Importances - Frequency", "status":"Job status", "reproducibility_information_table":"Model reproducibility information", "variable_importances":"Variable Importances", "model_summary":"Model summary", "variable_importances_cover":"Variable Importances - Cover", "end_time":"End time in milliseconds", "names":"Column names", "cross_validation_fold_assignment_frame_id":"Cross-validation fold assignment (each row is assigned to one holdout fold)", "sparse":"Sparse", "run_time":"Runtime in milliseconds", "default_threshold":"Default threshold used for predictions", "scoring_history":"Scoring history", "cross_validation_holdout_predictions_frame_id":"Cross-validation holdout predictions (full out-of-sample predictions on training data)", "model_category":"Category of the model (e.g., Binomial)", "native_parameters":"XGBoost Native Parameters", "column_types":"Column types", "original_names":"Original column names", "start_time":"Start time in milliseconds", "cross_validation_metrics":"Cross-validation model metrics", "validation_metrics":"Validation data model metrics"},"variable_importances":{"__meta":{"schema_version":3,"schema_name":"TwoDimTableV3","schema_type":"TwoDimTable"},"name":"Variable Importances","description":"","columns":[{"__meta":{"schema_version":-1,"schema_name":"ColumnSpecsBase","schema_type":"Iced"},"name":"variable","type":"string","format":"%s","description":"Variable"},{"__meta":{"schema_version":-1,"schema_name":"ColumnSpecsBase","schema_type":"Iced"},"name":"relative_importance","type":"double","format":"%5f","description":"Relative Importance"},{"__meta":{"schema_version":-1,"schema_name":"ColumnSpecsBase","schema_type":"Iced"},"name":"scaled_importance","type":"double","format":"%5f","description":"Scaled Importance"},{"__meta":{"schema_version":-1,"schema_name":"ColumnSpecsBase","schema_type":"Iced"},"name":"percentage","type":"double","format":"%5f","description":"Percentage"}],"rowcount":4,"data":[["T_Percent","T_TeachArea","R_Percent","R_TeachArea"],[374.6564636230469,278.4716491699219,216.99195861816406,180.9180908203125],[1.0,0.7432719736822706,0.579175804201489,0.4828906168354261],[0.3564632351955886,0.26494913236899253,0.2064548809126695,0.17213275152274934]]},"variable_importances_cover":{"__meta":{"schema_version":3,"schema_name":"TwoDimTableV3","schema_type":"TwoDimTable"},"name":"Variable Importances - Cover","description":"","columns":[{"__meta":{"schema_version":-1,"schema_name":"ColumnSpecsBase","schema_type":"Iced"},"name":"variable","type":"string","format":"%s","description":"Variable"},{"__meta":{"schema_version":-1,"schema_name":"ColumnSpecsBase","schema_type":"Iced"},"name":"relative_importance","type":"double","format":"%5f","description":"Relative Importance"},{"__meta":{"schema_version":-1,"schema_name":"ColumnSpecsBase","schema_type":"Iced"},"name":"scaled_importance","type":"double","format":"%5f","description":"Scaled Importance"},{"__meta":{"schema_version":-1,"schema_name":"ColumnSpecsBase","schema_type":"Iced"},"name":"percentage","type":"double","format":"%5f","description":"Percentage"}],"rowcount":4,"data":[["R_Percent","T_Percent","T_TeachArea","R_TeachArea"],[96721.75,7877.51513671875,4581.62939453125,955.8106689453125],[1.0,0.08144512621740974,0.04736917388830589,0.009882065501764728],[0.8781972351922915,0.07152488466401645,0.04159947754205312,0.008678402601638909]]},"variable_importances_frequency":{"__meta":{"schema_version":3,"schema_name":"TwoDimTableV3","schema_type":"TwoDimTable"},"name":"Variable Importances - Frequency","description":"","columns":[{"__meta":{"schema_version":-1,"schema_name":"ColumnSpecsBase","schema_type":"Iced"},"name":"variable","type":"string","format":"%s","description":"Variable"},{"__meta":{"schema_version":-1,"schema_name":"ColumnSpecsBase","schema_type":"Iced"},"name":"relative_importance","type":"double","format":"%5f","description":"Relative Importance"},{"__meta":{"schema_version":-1,"schema_name":"ColumnSpecsBase","schema_type":"Iced"},"name":"scaled_importance","type":"double","format":"%5f","description":"Scaled Importance"},{"__meta":{"schema_version":-1,"schema_name":"ColumnSpecsBase","schema_type":"Iced"},"name":"percentage","type":"double","format":"%5f","description":"Percentage"}],"rowcount":4,"data":[["R_TeachArea","R_Percent","T_TeachArea","T_Percent"],[44.0,38.0,31.0,29.0],[1.0,0.8636363636363636,0.7045454545454546,0.6590909090909091],[0.30985915492957744,0.2676056338028169,0.21830985915492956,0.20422535211267606]]},"native_parameters":{"__meta":{"schema_version":3,"schema_name":"TwoDimTableV3","schema_type":"TwoDimTable"},"name":"Native XGBoost Parameters","description":"","columns":[{"__meta":{"schema_version":-1,"schema_name":"ColumnSpecsBase","schema_type":"Iced"},"name":"","type":"string","format":"%s","description":""},{"__meta":{"schema_version":-1,"schema_name":"ColumnSpecsBase","schema_type":"Iced"},"name":"name","type":"string","format":"%s","description":"Name"},{"__meta":{"schema_version":-1,"schema_name":"ColumnSpecsBase","schema_type":"Iced"},"name":"value","type":"string","format":"%s","description":"Value"}],"rowcount":25,"data":[["","","","","","","","","","","","","","","","","","","","","","","","",""],["updater","normalize_type","eta","objective","silent","nthread","seed","colsample_bylevel","rate_drop","max_bin","one_drop","sample_type","max_depth","lambda","colsample_bytree","gamma","gpu_id","alpha","booster","grow_policy","skip_drop","nround","max_delta_step","subsample","min_child_weight"],["grow_gpu_hist","tree",0.3,"binary:logistic",true,12,12345,1.0,0.0,256,"0","uniform",6,1.0,1.0,0.0,0,0.0,"dart","depthwise",0.0,50,0.0,1.0,1.0]]},"sparse":false},"compatible_frames":null}
