{"__meta":{"schema_version":3,"schema_name":"XGBoostModelV3","schema_type":"XGBoostModel"},"model_id":{"__meta":{"schema_version":3,"schema_name":"ModelKeyV3","schema_type":"Key<Model>"},"name":"XGBoost_model_python_1600065991970_207","type":"Key<Model>","URL":"/3/Models/XGBoost_model_python_1600065991970_207"},"algo":"xgboost","algo_full_name":"XGBoost","response_column_name":"algo_leadsidesolder_class","data_frame":{"__meta":{"schema_version":3,"schema_name":"FrameKeyV3","schema_type":"Key<Frame>"},"name":"py_11_sid_b1d6","type":"Key<Frame>","URL":"/3/Frames/py_11_sid_b1d6"},"timestamp":1600068807824,"have_pojo":true,"have_mojo":true,"algo":"xgboost","algo_full_name":"XGBoost","model_id":{"__meta":{"schema_version":3,"schema_name":"ModelKeyV3","schema_type":"Key<Model>"},"name":"XGBoost_model_python_1600065991970_207","type":"Key<Model>","URL":"/3/Models/XGBoost_model_python_1600065991970_207"},"parameters":[{"__meta":{"schema_version":3,"schema_name":"ModelParameterSchemaV3","schema_type":"Iced"},"name":"model_id","label":"model_id","help":"Destination id for this model; auto-generated if not specified.","required":false,"type":"Key<Model>","default_value":null,"actual_value":{"__meta":{"schema_version":3,"schema_name":"ModelKeyV3","schema_type":"Key<Model>"},"name":"XGBoost_model_python_1600065991970_207","type":"Key<Model>","URL":"/3/Models/XGBoost_model_python_1600065991970_207"},"input_value":null,"level":"critical","values":[],"is_member_of_frames":[],"is_mutually_exclusive_with":[],"gridable":false},{"__meta":{"schema_version":3,"schema_name":"ModelParameterSchemaV3","schema_type":"Iced"},"name":"training_frame","label":"training_frame","help":"Id of the training data frame.","required":false,"type":"Key<Frame>","default_value":null,"actual_value":{"__meta":{"schema_version":3,"schema_name":"FrameKeyV3","schema_type":"Key<Frame>"},"name":"py_11_sid_b1d6","type":"Key<Frame>","URL":"/3/Frames/py_11_sid_b1d6"},"input_value":{"__meta":{"schema_version":3,"schema_name":"FrameKeyV3","schema_type":"Key<Frame>"},"name":"py_11_sid_b1d6","type":"Key<Frame>","URL":"/3/Frames/py_11_sid_b1d6"},"level":"critical","values":[],"is_member_of_frames":[],"is_mutually_exclusive_with":[],"gridable":false},{"__meta":{"schema_version":3,"schema_name":"ModelParameterSchemaV3","schema_type":"Iced"},"name":"validation_frame","label":"validation_frame","help":"Id of the validation data frame.","required":false,"type":"Key<Frame>","default_value":null,"actual_value":{"__meta":{"schema_version":3,"schema_name":"FrameKeyV3","schema_type":"Key<Frame>"},"name":"py_12_sid_b1d6","type":"Key<Frame>","URL":"/3/Frames/py_12_sid_b1d6"},"input_value":{"__meta":{"schema_version":3,"schema_name":"FrameKeyV3","schema_type":"Key<Frame>"},"name":"py_12_sid_b1d6","type":"Key<Frame>","URL":"/3/Frames/py_12_sid_b1d6"},"level":"critical","values":[],"is_member_of_frames":[],"is_mutually_exclusive_with":[],"gridable":true},{"__meta":{"schema_version":3,"schema_name":"ModelParameterSchemaV3","schema_type":"Iced"},"name":"nfolds","label":"nfolds","help":"Number of folds for K-fold cross-validation (0 to disable or >= 2).","required":false,"type":"int","default_value":0,"actual_value":0,"input_value":0,"level":"critical","values":[],"is_member_of_frames":[],"is_mutually_exclusive_with":[],"gridable":false},{"__meta":{"schema_version":3,"schema_name":"ModelParameterSchemaV3","schema_type":"Iced"},"name":"keep_cross_validation_models","label":"keep_cross_validation_models","help":"Whether to keep the cross-validation models.","required":false,"type":"boolean","default_value":true,"actual_value":true,"input_value":true,"level":"expert","values":[],"is_member_of_frames":[],"is_mutually_exclusive_with":[],"gridable":false},{"__meta":{"schema_version":3,"schema_name":"ModelParameterSchemaV3","schema_type":"Iced"},"name":"keep_cross_validation_predictions","label":"keep_cross_validation_predictions","help":"Whether to keep the predictions of the cross-validation models.","required":false,"type":"boolean","default_value":false,"actual_value":false,"input_value":false,"level":"expert","values":[],"is_member_of_frames":[],"is_mutually_exclusive_with":[],"gridable":false},{"__meta":{"schema_version":3,"schema_name":"ModelParameterSchemaV3","schema_type":"Iced"},"name":"keep_cross_validation_fold_assignment","label":"keep_cross_validation_fold_assignment","help":"Whether to keep the cross-validation fold assignment.","required":false,"type":"boolean","default_value":false,"actual_value":false,"input_value":false,"level":"expert","values":[],"is_member_of_frames":[],"is_mutually_exclusive_with":[],"gridable":false},{"__meta":{"schema_version":3,"schema_name":"ModelParameterSchemaV3","schema_type":"Iced"},"name":"score_each_iteration","label":"score_each_iteration","help":"Whether to score during each iteration of model training.","required":false,"type":"boolean","default_value":false,"actual_value":false,"input_value":false,"level":"secondary","values":[],"is_member_of_frames":[],"is_mutually_exclusive_with":[],"gridable":false},{"__meta":{"schema_version":3,"schema_name":"ModelParameterSchemaV3","schema_type":"Iced"},"name":"fold_assignment","label":"fold_assignment","help":"Cross-validation fold assignment scheme, if fold_column is not specified. The 'Stratified' option will stratify the folds based on the response variable, for classification problems.","required":false,"type":"enum","default_value":"AUTO","actual_value":null,"input_value":"AUTO","level":"secondary","values":["AUTO","Random","Modulo","Stratified"],"is_member_of_frames":[],"is_mutually_exclusive_with":[],"gridable":true},{"__meta":{"schema_version":3,"schema_name":"ModelParameterSchemaV3","schema_type":"Iced"},"name":"fold_column","label":"fold_column","help":"Column with cross-validation fold index assignment per observation.","required":false,"type":"VecSpecifier","default_value":null,"actual_value":null,"input_value":null,"level":"secondary","values":[],"is_member_of_frames":["training_frame"],"is_mutually_exclusive_with":["response_column","weights_column","ignored_columns","offset_column"],"gridable":true},{"__meta":{"schema_version":3,"schema_name":"ModelParameterSchemaV3","schema_type":"Iced"},"name":"response_column","label":"response_column","help":"Response variable column.","required":false,"type":"VecSpecifier","default_value":null,"actual_value":{"__meta":{"schema_version":3,"schema_name":"ColSpecifierV3","schema_type":"VecSpecifier"},"column_name":"algo_leadsidesolder_class","is_member_of_frames":null},"input_value":{"__meta":{"schema_version":3,"schema_name":"ColSpecifierV3","schema_type":"VecSpecifier"},"column_name":"algo_leadsidesolder_class","is_member_of_frames":null},"level":"critical","values":[],"is_member_of_frames":["training_frame","validation_frame"],"is_mutually_exclusive_with":["weights_column","ignored_columns","offset_column","fold_column"],"gridable":true},{"__meta":{"schema_version":3,"schema_name":"ModelParameterSchemaV3","schema_type":"Iced"},"name":"ignored_columns","label":"ignored_columns","help":"Names of columns to ignore for training.","required":false,"type":"string[]","default_value":null,"actual_value":["insp_st_time"],"input_value":["insp_st_time"],"level":"critical","values":[],"is_member_of_frames":["training_frame","validation_frame"],"is_mutually_exclusive_with":["response_column","weights_column","offset_column","fold_column"],"gridable":false},{"__meta":{"schema_version":3,"schema_name":"ModelParameterSchemaV3","schema_type":"Iced"},"name":"ignore_const_cols","label":"ignore_const_cols","help":"Ignore constant columns.","required":false,"type":"boolean","default_value":true,"actual_value":true,"input_value":true,"level":"critical","values":[],"is_member_of_frames":[],"is_mutually_exclusive_with":[],"gridable":false},{"__meta":{"schema_version":3,"schema_name":"ModelParameterSchemaV3","schema_type":"Iced"},"name":"offset_column","label":"offset_column","help":"Offset column. This will be added to the combination of columns before applying the link function.","required":false,"type":"VecSpecifier","default_value":null,"actual_value":null,"input_value":null,"level":"secondary","values":[],"is_member_of_frames":["training_frame","validation_frame"],"is_mutually_exclusive_with":["response_column","weights_column","ignored_columns","fold_column"],"gridable":true},{"__meta":{"schema_version":3,"schema_name":"ModelParameterSchemaV3","schema_type":"Iced"},"name":"weights_column","label":"weights_column","help":"Column with observation weights. Giving some observation a weight of zero is equivalent to excluding it from the dataset; giving an observation a relative weight of 2 is equivalent to repeating that row twice. Negative weights are not allowed. Note: Weights are per-row observation weights and do not increase the size of the data frame. This is typically the number of times a row is repeated, but non-integer values are supported as well. During training, rows with higher weights matter more, due to the larger loss function pre-factor.","required":false,"type":"VecSpecifier","default_value":null,"actual_value":null,"input_value":null,"level":"secondary","values":[],"is_member_of_frames":["training_frame","validation_frame"],"is_mutually_exclusive_with":["response_column","ignored_columns","offset_column","fold_column"],"gridable":true},{"__meta":{"schema_version":3,"schema_name":"ModelParameterSchemaV3","schema_type":"Iced"},"name":"stopping_rounds","label":"stopping_rounds","help":"Early stopping based on convergence of stopping_metric. Stop if simple moving average of length k of the stopping_metric does not improve for k:=stopping_rounds scoring events (0 to disable)","required":false,"type":"int","default_value":0,"actual_value":0,"input_value":0,"level":"secondary","values":[],"is_member_of_frames":[],"is_mutually_exclusive_with":[],"gridable":true},{"__meta":{"schema_version":3,"schema_name":"ModelParameterSchemaV3","schema_type":"Iced"},"name":"stopping_metric","label":"stopping_metric","help":"Metric to use for early stopping (AUTO: logloss for classification, deviance for regression and anonomaly_score for Isolation Forest). Note that custom and custom_increasing can only be used in GBM and DRF with the Python client.","required":false,"type":"enum","default_value":"AUTO","actual_value":null,"input_value":"AUTO","level":"secondary","values":["AUTO","deviance","logloss","MSE","RMSE","MAE","RMSLE","AUC","AUCPR","lift_top_group","misclassification","mean_per_class_error","anomaly_score","custom","custom_increasing"],"is_member_of_frames":[],"is_mutually_exclusive_with":[],"gridable":true},{"__meta":{"schema_version":3,"schema_name":"ModelParameterSchemaV3","schema_type":"Iced"},"name":"stopping_tolerance","label":"stopping_tolerance","help":"Relative tolerance for metric-based stopping criterion (stop if relative improvement is not at least this much)","required":false,"type":"double","default_value":0.001,"actual_value":0.001,"input_value":0.001,"level":"secondary","values":[],"is_member_of_frames":[],"is_mutually_exclusive_with":[],"gridable":true},{"__meta":{"schema_version":3,"schema_name":"ModelParameterSchemaV3","schema_type":"Iced"},"name":"max_runtime_secs","label":"max_runtime_secs","help":"Maximum allowed runtime in seconds for model training. Use 0 to disable.","required":false,"type":"double","default_value":0.0,"actual_value":0.0,"input_value":0.0,"level":"secondary","values":[],"is_member_of_frames":[],"is_mutually_exclusive_with":[],"gridable":true},{"__meta":{"schema_version":3,"schema_name":"ModelParameterSchemaV3","schema_type":"Iced"},"name":"seed","label":"seed","help":"Seed for pseudo random number generator (if applicable)","required":false,"type":"long","default_value":-1,"actual_value":1234,"input_value":1234,"level":"critical","values":[],"is_member_of_frames":[],"is_mutually_exclusive_with":[],"gridable":true},{"__meta":{"schema_version":3,"schema_name":"ModelParameterSchemaV3","schema_type":"Iced"},"name":"distribution","label":"distribution","help":"Distribution function","required":false,"type":"enum","default_value":"AUTO","actual_value":"bernoulli","input_value":"AUTO","level":"secondary","values":["AUTO","bernoulli","quasibinomial","ordinal","multinomial","gaussian","poisson","gamma","tweedie","laplace","quantile","huber","custom"],"is_member_of_frames":[],"is_mutually_exclusive_with":[],"gridable":true},{"__meta":{"schema_version":3,"schema_name":"ModelParameterSchemaV3","schema_type":"Iced"},"name":"tweedie_power","label":"tweedie_power","help":"Tweedie power for Tweedie regression, must be between 1 and 2.","required":false,"type":"double","default_value":1.5,"actual_value":1.5,"input_value":1.5,"level":"secondary","values":[],"is_member_of_frames":[],"is_mutually_exclusive_with":[],"gridable":true},{"__meta":{"schema_version":3,"schema_name":"ModelParameterSchemaV3","schema_type":"Iced"},"name":"categorical_encoding","label":"categorical_encoding","help":"Encoding scheme for categorical features","required":false,"type":"enum","default_value":"AUTO","actual_value":"OneHotInternal","input_value":"AUTO","level":"secondary","values":["AUTO","Enum","OneHotInternal","OneHotExplicit","Binary","Eigen","LabelEncoder","SortByResponse","EnumLimited"],"is_member_of_frames":[],"is_mutually_exclusive_with":[],"gridable":true},{"__meta":{"schema_version":3,"schema_name":"ModelParameterSchemaV3","schema_type":"Iced"},"name":"quiet_mode","label":"quiet_mode","help":"Enable quiet mode","required":false,"type":"boolean","default_value":true,"actual_value":true,"input_value":true,"level":"expert","values":[],"is_member_of_frames":[],"is_mutually_exclusive_with":[],"gridable":false},{"__meta":{"schema_version":3,"schema_name":"ModelParameterSchemaV3","schema_type":"Iced"},"name":"checkpoint","label":"checkpoint","help":"Model checkpoint to resume training with.","required":false,"type":"Key<Model>","default_value":null,"actual_value":null,"input_value":null,"level":"secondary","values":[],"is_member_of_frames":[],"is_mutually_exclusive_with":[],"gridable":false},{"__meta":{"schema_version":3,"schema_name":"ModelParameterSchemaV3","schema_type":"Iced"},"name":"export_checkpoints_dir","label":"export_checkpoints_dir","help":"Automatically export generated models to this directory.","required":false,"type":"string","default_value":null,"actual_value":null,"input_value":null,"level":"secondary","values":[],"is_member_of_frames":[],"is_mutually_exclusive_with":[],"gridable":false},{"__meta":{"schema_version":3,"schema_name":"ModelParameterSchemaV3","schema_type":"Iced"},"name":"ntrees","label":"ntrees","help":"(same as n_estimators) Number of trees.","required":false,"type":"int","default_value":50,"actual_value":50,"input_value":50,"level":"critical","values":[],"is_member_of_frames":[],"is_mutually_exclusive_with":[],"gridable":true},{"__meta":{"schema_version":3,"schema_name":"ModelParameterSchemaV3","schema_type":"Iced"},"name":"max_depth","label":"max_depth","help":"Maximum tree depth (0 for unlimited).","required":false,"type":"int","default_value":6,"actual_value":6,"input_value":6,"level":"critical","values":[],"is_member_of_frames":[],"is_mutually_exclusive_with":[],"gridable":true},{"__meta":{"schema_version":3,"schema_name":"ModelParameterSchemaV3","schema_type":"Iced"},"name":"min_rows","label":"min_rows","help":"(same as min_child_weight) Fewest allowed (weighted) observations in a leaf.","required":false,"type":"double","default_value":1.0,"actual_value":1.0,"input_value":1.0,"level":"critical","values":[],"is_member_of_frames":[],"is_mutually_exclusive_with":[],"gridable":true},{"__meta":{"schema_version":3,"schema_name":"ModelParameterSchemaV3","schema_type":"Iced"},"name":"min_child_weight","label":"min_child_weight","help":"(same as min_rows) Fewest allowed (weighted) observations in a leaf.","required":false,"type":"double","default_value":1.0,"actual_value":1.0,"input_value":1.0,"level":"critical","values":[],"is_member_of_frames":[],"is_mutually_exclusive_with":[],"gridable":true},{"__meta":{"schema_version":3,"schema_name":"ModelParameterSchemaV3","schema_type":"Iced"},"name":"learn_rate","label":"learn_rate","help":"(same as eta) Learning rate (from 0.0 to 1.0)","required":false,"type":"double","default_value":0.3,"actual_value":0.3,"input_value":0.3,"level":"critical","values":[],"is_member_of_frames":[],"is_mutually_exclusive_with":[],"gridable":true},{"__meta":{"schema_version":3,"schema_name":"ModelParameterSchemaV3","schema_type":"Iced"},"name":"eta","label":"eta","help":"(same as learn_rate) Learning rate (from 0.0 to 1.0)","required":false,"type":"double","default_value":0.3,"actual_value":0.3,"input_value":0.3,"level":"critical","values":[],"is_member_of_frames":[],"is_mutually_exclusive_with":[],"gridable":true},{"__meta":{"schema_version":3,"schema_name":"ModelParameterSchemaV3","schema_type":"Iced"},"name":"sample_rate","label":"sample_rate","help":"(same as subsample) Row sample rate per tree (from 0.0 to 1.0)","required":false,"type":"double","default_value":1.0,"actual_value":1.0,"input_value":1.0,"level":"critical","values":[],"is_member_of_frames":[],"is_mutually_exclusive_with":[],"gridable":true},{"__meta":{"schema_version":3,"schema_name":"ModelParameterSchemaV3","schema_type":"Iced"},"name":"subsample","label":"subsample","help":"(same as sample_rate) Row sample rate per tree (from 0.0 to 1.0)","required":false,"type":"double","default_value":1.0,"actual_value":1.0,"input_value":1.0,"level":"critical","values":[],"is_member_of_frames":[],"is_mutually_exclusive_with":[],"gridable":true},{"__meta":{"schema_version":3,"schema_name":"ModelParameterSchemaV3","schema_type":"Iced"},"name":"col_sample_rate","label":"col_sample_rate","help":"(same as colsample_bylevel) Column sample rate (from 0.0 to 1.0)","required":false,"type":"double","default_value":1.0,"actual_value":1.0,"input_value":1.0,"level":"critical","values":[],"is_member_of_frames":[],"is_mutually_exclusive_with":[],"gridable":true},{"__meta":{"schema_version":3,"schema_name":"ModelParameterSchemaV3","schema_type":"Iced"},"name":"colsample_bylevel","label":"colsample_bylevel","help":"(same as col_sample_rate) Column sample rate (from 0.0 to 1.0)","required":false,"type":"double","default_value":1.0,"actual_value":1.0,"input_value":1.0,"level":"critical","values":[],"is_member_of_frames":[],"is_mutually_exclusive_with":[],"gridable":true},{"__meta":{"schema_version":3,"schema_name":"ModelParameterSchemaV3","schema_type":"Iced"},"name":"col_sample_rate_per_tree","label":"col_sample_rate_per_tree","help":"(same as colsample_bytree) Column sample rate per tree (from 0.0 to 1.0)","required":false,"type":"double","default_value":1.0,"actual_value":1.0,"input_value":1.0,"level":"secondary","values":[],"is_member_of_frames":[],"is_mutually_exclusive_with":[],"gridable":true},{"__meta":{"schema_version":3,"schema_name":"ModelParameterSchemaV3","schema_type":"Iced"},"name":"colsample_bytree","label":"colsample_bytree","help":"(same as col_sample_rate_per_tree) Column sample rate per tree (from 0.0 to 1.0)","required":false,"type":"double","default_value":1.0,"actual_value":1.0,"input_value":1.0,"level":"secondary","values":[],"is_member_of_frames":[],"is_mutually_exclusive_with":[],"gridable":true},{"__meta":{"schema_version":3,"schema_name":"ModelParameterSchemaV3","schema_type":"Iced"},"name":"colsample_bynode","label":"colsample_bynode","help":"Column sample rate per tree node (from 0.0 to 1.0)","required":false,"type":"double","default_value":1.0,"actual_value":1.0,"input_value":1.0,"level":"secondary","values":[],"is_member_of_frames":[],"is_mutually_exclusive_with":[],"gridable":true},{"__meta":{"schema_version":3,"schema_name":"ModelParameterSchemaV3","schema_type":"Iced"},"name":"max_abs_leafnode_pred","label":"max_abs_leafnode_pred","help":"(same as max_delta_step) Maximum absolute value of a leaf node prediction","required":false,"type":"float","default_value":0.0,"actual_value":0.0,"input_value":0.0,"level":"expert","values":[],"is_member_of_frames":[],"is_mutually_exclusive_with":[],"gridable":true},{"__meta":{"schema_version":3,"schema_name":"ModelParameterSchemaV3","schema_type":"Iced"},"name":"max_delta_step","label":"max_delta_step","help":"(same as max_abs_leafnode_pred) Maximum absolute value of a leaf node prediction","required":false,"type":"float","default_value":0.0,"actual_value":0.0,"input_value":0.0,"level":"expert","values":[],"is_member_of_frames":[],"is_mutually_exclusive_with":[],"gridable":true},{"__meta":{"schema_version":3,"schema_name":"ModelParameterSchemaV3","schema_type":"Iced"},"name":"monotone_constraints","label":"monotone_constraints","help":"A mapping representing monotonic constraints. Use +1 to enforce an increasing constraint and -1 to specify a decreasing constraint.","required":false,"type":"KeyValue[]","default_value":null,"actual_value":null,"input_value":null,"level":"secondary","values":[],"is_member_of_frames":[],"is_mutually_exclusive_with":[],"gridable":false},{"__meta":{"schema_version":3,"schema_name":"ModelParameterSchemaV3","schema_type":"Iced"},"name":"score_tree_interval","label":"score_tree_interval","help":"Score the model after every so many trees. Disabled if set to 0.","required":false,"type":"int","default_value":0,"actual_value":0,"input_value":0,"level":"secondary","values":[],"is_member_of_frames":[],"is_mutually_exclusive_with":[],"gridable":false},{"__meta":{"schema_version":3,"schema_name":"ModelParameterSchemaV3","schema_type":"Iced"},"name":"min_split_improvement","label":"min_split_improvement","help":"(same as gamma) Minimum relative improvement in squared error reduction for a split to happen","required":false,"type":"float","default_value":0.0,"actual_value":0.0,"input_value":0.0,"level":"secondary","values":[],"is_member_of_frames":[],"is_mutually_exclusive_with":[],"gridable":true},{"__meta":{"schema_version":3,"schema_name":"ModelParameterSchemaV3","schema_type":"Iced"},"name":"gamma","label":"gamma","help":"(same as min_split_improvement) Minimum relative improvement in squared error reduction for a split to happen","required":false,"type":"float","default_value":0.0,"actual_value":0.0,"input_value":0.0,"level":"secondary","values":[],"is_member_of_frames":[],"is_mutually_exclusive_with":[],"gridable":true},{"__meta":{"schema_version":3,"schema_name":"ModelParameterSchemaV3","schema_type":"Iced"},"name":"nthread","label":"nthread","help":"Number of parallel threads that can be used to run XGBoost. Cannot exceed H2O cluster limits (-nthreads parameter). Defaults to maximum available","required":false,"type":"int","default_value":-1,"actual_value":-1,"input_value":-1,"level":"expert","values":[],"is_member_of_frames":[],"is_mutually_exclusive_with":[],"gridable":false},{"__meta":{"schema_version":3,"schema_name":"ModelParameterSchemaV3","schema_type":"Iced"},"name":"save_matrix_directory","label":"save_matrix_directory","help":"Directory where to save matrices passed to XGBoost library. Useful for debugging.","required":false,"type":"string","default_value":null,"actual_value":null,"input_value":null,"level":"expert","values":[],"is_member_of_frames":[],"is_mutually_exclusive_with":[],"gridable":false},{"__meta":{"schema_version":3,"schema_name":"ModelParameterSchemaV3","schema_type":"Iced"},"name":"build_tree_one_node","label":"build_tree_one_node","help":"Run on one node only; no network overhead but fewer cpus used. Suitable for small datasets.","required":false,"type":"boolean","default_value":false,"actual_value":false,"input_value":false,"level":"expert","values":[],"is_member_of_frames":[],"is_mutually_exclusive_with":[],"gridable":false},{"__meta":{"schema_version":3,"schema_name":"ModelParameterSchemaV3","schema_type":"Iced"},"name":"calibrate_model","label":"calibrate_model","help":"Use Platt Scaling to calculate calibrated class probabilities. Calibration can provide more accurate estimates of class probabilities.","required":false,"type":"boolean","default_value":false,"actual_value":false,"input_value":false,"level":"expert","values":[],"is_member_of_frames":[],"is_mutually_exclusive_with":[],"gridable":false},{"__meta":{"schema_version":3,"schema_name":"ModelParameterSchemaV3","schema_type":"Iced"},"name":"calibration_frame","label":"calibration_frame","help":"Calibration frame for Platt Scaling","required":false,"type":"Key<Frame>","default_value":null,"actual_value":null,"input_value":null,"level":"expert","values":[],"is_member_of_frames":[],"is_mutually_exclusive_with":[],"gridable":false},{"__meta":{"schema_version":3,"schema_name":"ModelParameterSchemaV3","schema_type":"Iced"},"name":"max_bins","label":"max_bins","help":"For tree_method=hist only: maximum number of bins","required":false,"type":"int","default_value":256,"actual_value":256,"input_value":256,"level":"expert","values":[],"is_member_of_frames":[],"is_mutually_exclusive_with":[],"gridable":true},{"__meta":{"schema_version":3,"schema_name":"ModelParameterSchemaV3","schema_type":"Iced"},"name":"max_leaves","label":"max_leaves","help":"For tree_method=hist only: maximum number of leaves","required":false,"type":"int","default_value":0,"actual_value":0,"input_value":0,"level":"secondary","values":[],"is_member_of_frames":[],"is_mutually_exclusive_with":[],"gridable":true},{"__meta":{"schema_version":3,"schema_name":"ModelParameterSchemaV3","schema_type":"Iced"},"name":"sample_type","label":"sample_type","help":"For booster=dart only: sample_type","required":false,"type":"enum","default_value":"uniform","actual_value":"uniform","input_value":"uniform","level":"expert","values":["uniform","weighted"],"is_member_of_frames":[],"is_mutually_exclusive_with":[],"gridable":true},{"__meta":{"schema_version":3,"schema_name":"ModelParameterSchemaV3","schema_type":"Iced"},"name":"normalize_type","label":"normalize_type","help":"For booster=dart only: normalize_type","required":false,"type":"enum","default_value":"tree","actual_value":"tree","input_value":"tree","level":"expert","values":["tree","forest"],"is_member_of_frames":[],"is_mutually_exclusive_with":[],"gridable":true},{"__meta":{"schema_version":3,"schema_name":"ModelParameterSchemaV3","schema_type":"Iced"},"name":"rate_drop","label":"rate_drop","help":"For booster=dart only: rate_drop (0..1)","required":false,"type":"float","default_value":0.0,"actual_value":0.0,"input_value":0.0,"level":"expert","values":[],"is_member_of_frames":[],"is_mutually_exclusive_with":[],"gridable":true},{"__meta":{"schema_version":3,"schema_name":"ModelParameterSchemaV3","schema_type":"Iced"},"name":"one_drop","label":"one_drop","help":"For booster=dart only: one_drop","required":false,"type":"boolean","default_value":false,"actual_value":false,"input_value":false,"level":"expert","values":[],"is_member_of_frames":[],"is_mutually_exclusive_with":[],"gridable":true},{"__meta":{"schema_version":3,"schema_name":"ModelParameterSchemaV3","schema_type":"Iced"},"name":"skip_drop","label":"skip_drop","help":"For booster=dart only: skip_drop (0..1)","required":false,"type":"float","default_value":0.0,"actual_value":0.0,"input_value":0.0,"level":"expert","values":[],"is_member_of_frames":[],"is_mutually_exclusive_with":[],"gridable":true},{"__meta":{"schema_version":3,"schema_name":"ModelParameterSchemaV3","schema_type":"Iced"},"name":"tree_method","label":"tree_method","help":"Tree method","required":false,"type":"enum","default_value":"auto","actual_value":"hist","input_value":"auto","level":"secondary","values":["auto","exact","approx","hist"],"is_member_of_frames":[],"is_mutually_exclusive_with":[],"gridable":true},{"__meta":{"schema_version":3,"schema_name":"ModelParameterSchemaV3","schema_type":"Iced"},"name":"grow_policy","label":"grow_policy","help":"Grow policy - depthwise is standard GBM, lossguide is LightGBM","required":false,"type":"enum","default_value":"depthwise","actual_value":"depthwise","input_value":"depthwise","level":"secondary","values":["depthwise","lossguide"],"is_member_of_frames":[],"is_mutually_exclusive_with":[],"gridable":true},{"__meta":{"schema_version":3,"schema_name":"ModelParameterSchemaV3","schema_type":"Iced"},"name":"booster","label":"booster","help":"Booster type","required":false,"type":"enum","default_value":"gbtree","actual_value":"dart","input_value":"dart","level":"expert","values":["gbtree","gblinear","dart"],"is_member_of_frames":[],"is_mutually_exclusive_with":[],"gridable":true},{"__meta":{"schema_version":3,"schema_name":"ModelParameterSchemaV3","schema_type":"Iced"},"name":"reg_lambda","label":"reg_lambda","help":"L2 regularization","required":false,"type":"float","default_value":1.0,"actual_value":1.0,"input_value":1.0,"level":"expert","values":[],"is_member_of_frames":[],"is_mutually_exclusive_with":[],"gridable":true},{"__meta":{"schema_version":3,"schema_name":"ModelParameterSchemaV3","schema_type":"Iced"},"name":"reg_alpha","label":"reg_alpha","help":"L1 regularization","required":false,"type":"float","default_value":0.0,"actual_value":0.0,"input_value":0.0,"level":"expert","values":[],"is_member_of_frames":[],"is_mutually_exclusive_with":[],"gridable":true},{"__meta":{"schema_version":3,"schema_name":"ModelParameterSchemaV3","schema_type":"Iced"},"name":"dmatrix_type","label":"dmatrix_type","help":"Type of DMatrix. For sparse, NAs and 0 are treated equally.","required":false,"type":"enum","default_value":"auto","actual_value":"dense","input_value":"auto","level":"secondary","values":["auto","dense","sparse"],"is_member_of_frames":[],"is_mutually_exclusive_with":[],"gridable":true},{"__meta":{"schema_version":3,"schema_name":"ModelParameterSchemaV3","schema_type":"Iced"},"name":"backend","label":"backend","help":"Backend. By default (auto), a GPU is used if available.","required":false,"type":"enum","default_value":"auto","actual_value":"gpu","input_value":"auto","level":"expert","values":["auto","gpu","cpu"],"is_member_of_frames":[],"is_mutually_exclusive_with":[],"gridable":true},{"__meta":{"schema_version":3,"schema_name":"ModelParameterSchemaV3","schema_type":"Iced"},"name":"gpu_id","label":"gpu_id","help":"Which GPU to use. ","required":false,"type":"int","default_value":0,"actual_value":0,"input_value":0,"level":"expert","values":[],"is_member_of_frames":[],"is_mutually_exclusive_with":[],"gridable":false},{"__meta":{"schema_version":3,"schema_name":"ModelParameterSchemaV3","schema_type":"Iced"},"name":"gainslift_bins","label":"gainslift_bins","help":"Gains/Lift table number of bins. 0 means disabled.. Default value -1 means automatic binning.","required":false,"type":"int","default_value":-1,"actual_value":-1,"input_value":-1,"level":"secondary","values":[],"is_member_of_frames":[],"is_mutually_exclusive_with":[],"gridable":false}],"output":{"__meta":{"schema_version":3,"schema_name":"XGBoostModelOutputV3","schema_type":"XGBoostOutput"},"names":["T_Percent","R_Percent","T_TeachArea","R_TeachArea","algo_leadsidesolder_class"],"original_names":null,"column_types":["Numeric","Numeric","Numeric","Numeric","Enum"],"domains":[null,null,null,null,["false-true","true-true"]],"cross_validation_models":null,"cross_validation_predictions":null,"cross_validation_holdout_predictions_frame_id":null,"cross_validation_fold_assignment_frame_id":null,"model_category":"Binomial","model_summary":{"__meta":{"schema_version":3,"schema_name":"TwoDimTableV3","schema_type":"TwoDimTable"},"name":"Model Summary","description":"","columns":[{"__meta":{"schema_version":-1,"schema_name":"ColumnSpecsBase","schema_type":"Iced"},"name":"","type":"string","format":"%s","description":""},{"__meta":{"schema_version":-1,"schema_name":"ColumnSpecsBase","schema_type":"Iced"},"name":"number_of_trees","type":"long","format":"%d","description":"Number of Trees"}],"rowcount":1,"data":[[""],[50]]},"scoring_history":{"__meta":{"schema_version":3,"schema_name":"TwoDimTableV3","schema_type":"TwoDimTable"},"name":"Scoring History","description":"","columns":[{"__meta":{"schema_version":-1,"schema_name":"ColumnSpecsBase","schema_type":"Iced"},"name":"","type":"string","format":"%s","description":""},{"__meta":{"schema_version":-1,"schema_name":"ColumnSpecsBase","schema_type":"Iced"},"name":"timestamp","type":"string","format":"%s","description":"Timestamp"},{"__meta":{"schema_version":-1,"schema_name":"ColumnSpecsBase","schema_type":"Iced"},"name":"duration","type":"string","format":"%s","description":"Duration"},{"__meta":{"schema_version":-1,"schema_name":"ColumnSpecsBase","schema_type":"Iced"},"name":"number_of_trees","type":"long","format":"%d","description":"Number of Trees"},{"__meta":{"schema_version":-1,"schema_name":"ColumnSpecsBase","schema_type":"Iced"},"name":"training_rmse","type":"double","format":"%.5f","description":"Training RMSE"},{"__meta":{"schema_version":-1,"schema_name":"ColumnSpecsBase","schema_type":"Iced"},"name":"training_logloss","type":"double","format":"%.5f","description":"Training LogLoss"},{"__meta":{"schema_version":-1,"schema_name":"ColumnSpecsBase","schema_type":"Iced"},"name":"training_auc","type":"double","format":"%.5f","description":"Training AUC"},{"__meta":{"schema_version":-1,"schema_name":"ColumnSpecsBase","schema_type":"Iced"},"name":"training_pr_auc","type":"double","format":"%.5f","description":"Training pr_auc"},{"__meta":{"schema_version":-1,"schema_name":"ColumnSpecsBase","schema_type":"Iced"},"name":"training_lift","type":"double","format":"%.5f","description":"Training Lift"},{"__meta":{"schema_version":-1,"schema_name":"ColumnSpecsBase","schema_type":"Iced"},"name":"training_classification_error","type":"double","format":"%.5f","description":"Training Classification Error"},{"__meta":{"schema_version":-1,"schema_name":"ColumnSpecsBase","schema_type":"Iced"},"name":"validation_rmse","type":"double","format":"%.5f","description":"Validation RMSE"},{"__meta":{"schema_version":-1,"schema_name":"ColumnSpecsBase","schema_type":"Iced"},"name":"validation_logloss","type":"double","format":"%.5f","description":"Validation LogLoss"},{"__meta":{"schema_version":-1,"schema_name":"ColumnSpecsBase","schema_type":"Iced"},"name":"validation_auc","type":"double","format":"%.5f","description":"Validation AUC"},{"__meta":{"schema_version":-1,"schema_name":"ColumnSpecsBase","schema_type":"Iced"},"name":"validation_pr_auc","type":"double","format":"%.5f","description":"Validation pr_auc"},{"__meta":{"schema_version":-1,"schema_name":"ColumnSpecsBase","schema_type":"Iced"},"name":"validation_lift","type":"double","format":"%.5f","description":"Validation Lift"},{"__meta":{"schema_version":-1,"schema_name":"ColumnSpecsBase","schema_type":"Iced"},"name":"validation_classification_error","type":"double","format":"%.5f","description":"Validation Classification Error"}],"rowcount":51,"data":[["","","","","","","","","","","","","","","","","","","","","","","","","","","","","","","","","","","","","","","","","","","","","","","","","","",""],["2020-09-14 09:33:25","2020-09-14 09:33:25","2020-09-14 09:33:25","2020-09-14 09:33:25","2020-09-14 09:33:25","2020-09-14 09:33:25","2020-09-14 09:33:25","2020-09-14 09:33:25","2020-09-14 09:33:25","2020-09-14 09:33:25","2020-09-14 09:33:25","2020-09-14 09:33:25","2020-09-14 09:33:25","2020-09-14 09:33:26","2020-09-14 09:33:26","2020-09-14 09:33:26","2020-09-14 09:33:26","2020-09-14 09:33:26","2020-09-14 09:33:26","2020-09-14 09:33:26","2020-09-14 09:33:26","2020-09-14 09:33:26","2020-09-14 09:33:26","2020-09-14 09:33:26","2020-09-14 09:33:26","2020-09-14 09:33:26","2020-09-14 09:33:26","2020-09-14 09:33:26","2020-09-14 09:33:26","2020-09-14 09:33:26","2020-09-14 09:33:26","2020-09-14 09:33:26","2020-09-14 09:33:26","2020-09-14 09:33:26","2020-09-14 09:33:26","2020-09-14 09:33:27","2020-09-14 09:33:27","2020-09-14 09:33:27","2020-09-14 09:33:27","2020-09-14 09:33:27","2020-09-14 09:33:27","2020-09-14 09:33:27","2020-09-14 09:33:27","2020-09-14 09:33:27","2020-09-14 09:33:27","2020-09-14 09:33:27","2020-09-14 09:33:27","2020-09-14 09:33:27","2020-09-14 09:33:27","2020-09-14 09:33:27","2020-09-14 09:33:27"],[" 0.019 sec"," 0.089 sec"," 0.154 sec"," 0.188 sec"," 0.217 sec"," 0.256 sec"," 0.283 sec"," 0.317 sec"," 0.355 sec"," 0.393 sec"," 0.431 sec"," 0.470 sec"," 0.511 sec"," 0.552 sec"," 0.587 sec"," 0.625 sec"," 0.674 sec"," 0.718 sec"," 0.757 sec"," 0.801 sec"," 0.842 sec"," 0.889 sec"," 0.928 sec"," 0.973 sec"," 1.018 sec"," 1.067 sec"," 1.110 sec"," 1.157 sec"," 1.204 sec"," 1.255 sec"," 1.305 sec"," 1.350 sec"," 1.394 sec"," 1.441 sec"," 1.488 sec"," 1.537 sec"," 1.590 sec"," 1.642 sec"," 1.692 sec"," 1.751 sec"," 1.805 sec"," 1.854 sec"," 1.901 sec"," 1.950 sec"," 2.002 sec"," 2.061 sec"," 2.116 sec"," 2.167 sec"," 2.226 sec"," 2.268 sec"," 2.317 sec"],[0,1,2,3,4,5,6,7,8,9,10,11,12,13,14,15,16,17,18,19,20,21,22,23,24,25,26,27,28,29,30,31,32,33,34,35,36,37,38,39,40,41,42,43,44,45,46,47,48,49,50],[0.5,0.3544256963472506,0.25654791528707016,0.18738733744984723,0.13756520242369233,0.10132046508664296,0.07480594390543346,0.05534760023661904,0.041045483920423016,0.03053284630921072,0.022818923701590537,0.01718285337133502,0.013098448716768605,0.010179835882863562,0.008139770059991345,0.006810870328034304,0.00589965562536077,0.005327937839938691,0.004991159528361461,0.004782087307415646,0.004668776221541428,0.00463815212393356,0.004589251316641302,0.004606139988217962,0.004632900437150457,0.004658745412168946,0.004619443480663755,0.004454318982062176,0.00427454218062099,0.004249842710981149,0.00386323288768542,0.003865348669481774,0.0036430195185072236,0.003492089386093904,0.0034889841663249366,0.0031588189560478193,0.0028896717779997036,0.0026261909160148,0.002536938180954137,0.002466696489636064,0.0022534399428585012,0.002207599142813761,0.0020324761505268562,0.0020352829503536124,0.0019612529242745394,0.0018654389826988874,0.0018705915200670066,0.0018055300947503563,0.0018154319910406017,0.0017560714718588529,0.0017694370471386157],[0.6931471805599415,0.4376134608611657,0.2964434729013653,0.20748220778225843,0.1479603172264794,0.10676908803967312,0.07765827150364485,0.05679839777610594,0.041708860754462174,0.030721131323794462,0.02268238512439831,0.016781214028416147,0.01243844075396693,0.009236718659119231,0.006873017005578961,0.005133663715256065,0.0038400819378373676,0.00288410173149668,0.0021841525466642525,0.001657699625747476,0.0012743087993795329,9.87796933083631E-4,7.760849430739138E-4,6.261498680294872E-4,5.188390993638804E-4,4.392457073688277E-4,3.632832738010803E-4,3.185464593394814E-4,2.847965333545749E-4,2.4827939603738167E-4,2.1800182013752406E-4,1.9541838245634472E-4,1.819895192046277E-4,1.7222601773314111E-4,1.607141835279997E-4,1.499032014241238E-4,1.395206015854377E-4,1.3004211645034606E-4,1.2676457035041186E-4,1.2466715635070242E-4,1.1752745513044031E-4,1.1590714233283721E-4,1.1036654296511747E-4,1.0857269472404835E-4,1.0758400401252468E-4,1.0604602614871971E-4,1.0524414763919029E-4,1.0449911862654604E-4,1.0385719229870833E-4,1.0320857894246647E-4,1.0263640218704416E-4],[0.5,0.9999999934403622,0.9999999934403622,0.9999999934403622,0.9999999934403622,0.9999999934403622,0.9999999934403622,0.9999999934403622,0.9999999934403622,0.9999999934403622,0.9999999934403622,0.9999999934403622,0.9999999934403622,0.9999999934403622,0.9999999934403622,0.9999999934403622,0.9999999934403622,0.9999999934403622,0.9999999934403622,0.9999999934403622,0.9999999934403622,0.9999999934403622,0.9999999934403622,0.9999999868807246,0.9999999868807246,0.9999999868807246,0.9999999868807246,1.0,1.0,1.0,1.0,1.0,1.0,1.0,1.0,1.0,1.0,1.0,1.0,1.0,1.0,1.0,1.0,1.0,1.0,1.0,1.0,1.0,1.0,1.0,1.0],[0.45995012701298105,0.99999999229944,0.99999999229944,0.99999999229944,0.99999999229944,0.99999999229944,0.99999999229944,0.99999999229944,0.99999999229944,0.99999999229944,0.99999999229944,0.99999999229944,0.99999999229944,0.99999999229944,0.99999999229944,0.99999999229944,0.99999999229944,0.99999999229944,0.99999999229944,0.99999999229944,0.99999999229944,0.99999999229944,0.99999999229944,0.9999999846003105,0.9999999846003105,0.9999999846003105,0.9999999846003105,1.0,1.0,1.0,1.0,1.0,1.0,1.0,1.0,1.0,1.0,1.0,1.0,1.0,1.0,1.0,1.0,1.0,1.0,1.0,1.0,1.0,1.0,1.0,1.0],[1.0,2.174148763680584,2.174148763680584,2.174148763680584,2.174148763680584,2.174148763680584,2.174148763680584,2.174148763680584,2.174148763680584,2.174148763680584,2.174148763680584,2.174148763680584,2.174148763680584,2.174148763680584,2.174148763680584,2.174148763680584,2.174148763680584,2.174148763680584,2.174148763680584,2.174148763680584,2.174148763680584,2.174148763680584,2.174148763680584,2.174148763680584,2.174148763680584,2.174148763680584,2.174148763680584,2.174148763680584,2.174148763680584,2.174148763680584,2.174148763680584,2.174148763680584,2.174148763680584,2.174148763680584,2.174148763680584,2.174148763680584,2.174148763680584,2.174148763680584,2.174148763680584,2.174148763680584,2.174148763680584,2.174148763680584,2.174148763680584,2.174148763680584,2.174148763680584,2.174148763680584,2.174148763680584,2.174148763680584,2.174148763680584,2.174148763680584,2.174148763680584],[0.540049872987019,2.3305134121046867E-5,2.3305134121046867E-5,2.3305134121046867E-5,2.3305134121046867E-5,2.3305134121046867E-5,2.3305134121046867E-5,2.3305134121046867E-5,2.3305134121046867E-5,2.3305134121046867E-5,2.3305134121046867E-5,2.3305134121046867E-5,2.3305134121046867E-5,2.3305134121046867E-5,2.3305134121046867E-5,2.3305134121046867E-5,2.3305134121046867E-5,2.3305134121046867E-5,2.3305134121046867E-5,2.3305134121046867E-5,2.3305134121046867E-5,2.3305134121046867E-5,2.3305134121046867E-5,2.3305134121046867E-5,2.3305134121046867E-5,2.3305134121046867E-5,2.3305134121046867E-5,0.0,0.0,0.0,0.0,0.0,0.0,0.0,0.0,0.0,0.0,0.0,0.0,0.0,0.0,0.0,0.0,0.0,0.0,0.0,0.0,0.0,0.0,0.0,0.0],[0.5,0.354428109186204,0.25655761452879483,0.18740883924908613,0.1376039439113838,0.10138351426293878,0.07490270444739425,0.055490645904785356,0.041251517605385736,0.030823691245290157,0.023222198855787603,0.01773153301563165,0.013827880492476886,0.011120685319916486,0.0093074194707188,0.008017415643850346,0.0073061168067673115,0.006893601246213104,0.006669576721016728,0.006545147896338052,0.00648655116468419,0.00634107595130871,0.006346667271638449,0.006323171966751479,0.006310741468462003,0.00630257324060248,0.006331365265290303,0.006026155853425922,0.0056941461261742835,0.005839552940943764,0.005374011925145306,0.005420058453728483,0.005061024798760266,0.004815302261782508,0.004761620064215973,0.004331677725385854,0.004032376720522732,0.003645441542456195,0.0034894435781155668,0.0033638836388482168,0.003041242718679682,0.0029491404863341937,0.002678829624564959,0.0026363827304163906,0.002542935037720769,0.0024290898316725864,0.0023941375313859844,0.0023098731694304246,0.002284446545401394,0.0022097250374296215,0.0021918061915958144],[0.6931471805600834,0.4376164976263681,0.2964522263968359,0.20749651884774145,0.1479796137751833,0.10679276487881711,0.07768576811523226,0.056829222510874196,0.04174258751674365,0.03075739569771023,0.022720874790891427,0.01682166387014578,0.012480622423220563,0.009280435452338427,0.006918097225701511,0.005171506482584754,0.0038800496199773715,0.0029257277866921697,0.002225593211078002,0.0017007468179452488,0.0013173373508674898,0.0010264132201275036,8.155503649124486E-4,6.651750273892995E-4,5.567087636741744E-4,4.7612545378424687E-4,4.024219476370251E-4,3.512894671243803E-4,3.117773089704881E-4,2.7974075504179303E-4,2.4499607959775E-4,2.231522602702888E-4,2.0571639329057566E-4,1.9323582405979565E-4,1.803616930057065E-4,1.6757979901969817E-4,1.5663072469043098E-4,1.4481716983154866E-4,1.405477632026008E-4,1.3762461128071296E-4,1.2872766299836286E-4,1.264950538193497E-4,1.195609402305791E-4,1.1687629245673659E-4,1.1576754844666863E-4,1.1399296492833645E-4,1.1258614643223557E-4,1.1170465339584164E-4,1.1053441139174808E-4,1.0980288560355268E-4,1.0876160717582815E-4],[0.5,0.999999988123208,0.999999988123208,0.999999988123208,0.999999988123208,0.999999988123208,0.999999988123208,0.999999988123208,0.999999988123208,0.999999988123208,0.999999988123208,0.999999988123208,0.999999988123208,0.999999988123208,0.999999988123208,0.999999988123208,0.999999988123208,0.999999988123208,0.999999988123208,0.999999988123208,0.999999988123208,0.999999988123208,0.999999988123208,0.9999999762464159,0.9999999762464159,0.9999999762464159,0.9999999762464159,1.0,1.0,1.0,1.0,1.0,1.0,1.0,1.0,1.0,1.0,1.0,1.0,1.0,1.0,1.0,1.0,1.0,1.0,1.0,1.0,1.0,1.0,1.0,1.0],[0.46740253384807784,0.9999999864681657,0.9999999864681657,0.9999999864681657,0.9999999864681657,0.9999999864681657,0.9999999864681657,0.9999999864681657,0.9999999864681657,0.9999999864681657,0.9999999864681657,0.9999999864681657,0.9999999864681657,0.9999999864681657,0.9999999864681657,0.9999999864681657,0.9999999864681657,0.9999999864681657,0.9999999864681657,0.9999999864681657,0.9999999864681657,0.9999999864681657,0.9999999864681657,0.9999999729379055,0.9999999729379055,0.9999999729379055,0.9999999729379055,1.0,1.0,1.0,1.0,1.0,1.0,1.0,1.0,1.0,1.0,1.0,1.0,1.0,1.0,1.0,1.0,1.0,1.0,1.0,1.0,1.0,1.0,1.0,1.0],[1.0,2.1394834806886927,2.1394834806886927,2.1394834806886927,2.1394834806886927,2.1394834806886927,2.1394834806886927,2.1394834806886927,2.1394834806886927,2.1394834806886927,2.1394834806886927,2.1394834806886927,2.1394834806886927,2.1394834806886927,2.1394834806886927,2.1394834806886927,2.1394834806886927,2.1394834806886927,2.1394834806886927,2.1394834806886927,2.1394834806886927,2.1394834806886927,2.1394834806886927,2.1394834806886927,2.1394834806886927,2.1394834806886927,2.1394834806886927,2.1394834806886927,2.1394834806886927,2.1394834806886927,2.1394834806886927,2.1394834806886927,2.1394834806886927,2.1394834806886927,2.1394834806886927,2.1394834806886927,2.1394834806886927,2.1394834806886927,2.1394834806886927,2.1394834806886927,2.1394834806886927,2.1394834806886927,2.1394834806886927,2.1394834806886927,2.1394834806886927,2.1394834806886927,2.1394834806886927,2.1394834806886927,2.1394834806886927,2.1394834806886927,2.1394834806886927],[0.5325974661519222,5.4374422271763365E-5,5.4374422271763365E-5,5.4374422271763365E-5,5.4374422271763365E-5,5.4374422271763365E-5,5.4374422271763365E-5,5.4374422271763365E-5,5.4374422271763365E-5,5.4374422271763365E-5,5.4374422271763365E-5,5.4374422271763365E-5,5.4374422271763365E-5,5.4374422271763365E-5,5.4374422271763365E-5,5.4374422271763365E-5,5.4374422271763365E-5,5.4374422271763365E-5,5.4374422271763365E-5,5.4374422271763365E-5,5.4374422271763365E-5,5.4374422271763365E-5,5.4374422271763365E-5,5.4374422271763365E-5,5.4374422271763365E-5,5.4374422271763365E-5,5.4374422271763365E-5,0.0,0.0,0.0,0.0,0.0,0.0,0.0,0.0,0.0,0.0,0.0,0.0,0.0,0.0,0.0,0.0,0.0,0.0,0.0,0.0,0.0,0.0,0.0,0.0]]},"reproducibility_information_table":[{"__meta":{"schema_version":3,"schema_name":"TwoDimTableV3","schema_type":"TwoDimTable"},"name":"Node Information","description":"","columns":[{"__meta":{"schema_version":-1,"schema_name":"ColumnSpecsBase","schema_type":"Iced"},"name":"","type":"string","format":"%s","description":""},{"__meta":{"schema_version":-1,"schema_name":"ColumnSpecsBase","schema_type":"Iced"},"name":"node","type":"int","format":"%d","description":"node"},{"__meta":{"schema_version":-1,"schema_name":"ColumnSpecsBase","schema_type":"Iced"},"name":"h2o","type":"string","format":"%s","description":"h2o"},{"__meta":{"schema_version":-1,"schema_name":"ColumnSpecsBase","schema_type":"Iced"},"name":"healthy","type":"string","format":"%s","description":"healthy"},{"__meta":{"schema_version":-1,"schema_name":"ColumnSpecsBase","schema_type":"Iced"},"name":"last_ping","type":"string","format":"%s","description":"last_ping"},{"__meta":{"schema_version":-1,"schema_name":"ColumnSpecsBase","schema_type":"Iced"},"name":"num_cpus","type":"int","format":"%d","description":"num_cpus"},{"__meta":{"schema_version":-1,"schema_name":"ColumnSpecsBase","schema_type":"Iced"},"name":"sys_load","type":"double","format":"%.5f","description":"sys_load"},{"__meta":{"schema_version":-1,"schema_name":"ColumnSpecsBase","schema_type":"Iced"},"name":"mem_value_size","type":"long","format":"%d","description":"mem_value_size"},{"__meta":{"schema_version":-1,"schema_name":"ColumnSpecsBase","schema_type":"Iced"},"name":"free_mem","type":"long","format":"%d","description":"free_mem"},{"__meta":{"schema_version":-1,"schema_name":"ColumnSpecsBase","schema_type":"Iced"},"name":"pojo_mem","type":"long","format":"%d","description":"pojo_mem"},{"__meta":{"schema_version":-1,"schema_name":"ColumnSpecsBase","schema_type":"Iced"},"name":"swap_mem","type":"long","format":"%d","description":"swap_mem"},{"__meta":{"schema_version":-1,"schema_name":"ColumnSpecsBase","schema_type":"Iced"},"name":"free_disc","type":"long","format":"%d","description":"free_disc"},{"__meta":{"schema_version":-1,"schema_name":"ColumnSpecsBase","schema_type":"Iced"},"name":"max_disc","type":"long","format":"%d","description":"max_disc"},{"__meta":{"schema_version":-1,"schema_name":"ColumnSpecsBase","schema_type":"Iced"},"name":"pid","type":"int","format":"%d","description":"pid"},{"__meta":{"schema_version":-1,"schema_name":"ColumnSpecsBase","schema_type":"Iced"},"name":"num_keys","type":"int","format":"%d","description":"num_keys"},{"__meta":{"schema_version":-1,"schema_name":"ColumnSpecsBase","schema_type":"Iced"},"name":"tcps_active","type":"string","format":"%s","description":"tcps_active"},{"__meta":{"schema_version":-1,"schema_name":"ColumnSpecsBase","schema_type":"Iced"},"name":"open_fds","type":"int","format":"%d","description":"open_fds"},{"__meta":{"schema_version":-1,"schema_name":"ColumnSpecsBase","schema_type":"Iced"},"name":"rpcs_active","type":"string","format":"%s","description":"rpcs_active"},{"__meta":{"schema_version":-1,"schema_name":"ColumnSpecsBase","schema_type":"Iced"},"name":"nthreads","type":"int","format":"%d","description":"nthreads"},{"__meta":{"schema_version":-1,"schema_name":"ColumnSpecsBase","schema_type":"Iced"},"name":"is_leader","type":"string","format":"%s","description":"is_leader"},{"__meta":{"schema_version":-1,"schema_name":"ColumnSpecsBase","schema_type":"Iced"},"name":"total_mem","type":"long","format":"%d","description":"total_mem"},{"__meta":{"schema_version":-1,"schema_name":"ColumnSpecsBase","schema_type":"Iced"},"name":"max_mem","type":"long","format":"%d","description":"max_mem"},{"__meta":{"schema_version":-1,"schema_name":"ColumnSpecsBase","schema_type":"Iced"},"name":"java_version","type":"string","format":"%s","description":"java_version"},{"__meta":{"schema_version":-1,"schema_name":"ColumnSpecsBase","schema_type":"Iced"},"name":"jvm_launch_parameters","type":"string","format":"%s","description":"jvm_launch_parameters"},{"__meta":{"schema_version":-1,"schema_name":"ColumnSpecsBase","schema_type":"Iced"},"name":"os_version","type":"string","format":"%s","description":"os_version"},{"__meta":{"schema_version":-1,"schema_name":"ColumnSpecsBase","schema_type":"Iced"},"name":"machine_physical_mem","type":"long","format":"%d","description":"machine_physical_mem"},{"__meta":{"schema_version":-1,"schema_name":"ColumnSpecsBase","schema_type":"Iced"},"name":"machine_locale","type":"string","format":"%s","description":"machine_locale"}],"rowcount":1,"data":[[""],[0],["10.25.9.1:54321"],["true"],["1600068804517"],[12],[0.31],[10325252],[7188839816],[1390769524],[0],[182442786816],[200510799872],[4691],[7306],["\u0000"],[488],["\u0000"],[12],["true"],[5043650560],[8589934592],["Java 11.0.8 (from Ubuntu)"],["[-Xmx8g]"],["Linux 5.0.0-32-generic (amd64)"],[16586354688],["en_US"]]},{"__meta":{"schema_version":3,"schema_name":"TwoDimTableV3","schema_type":"TwoDimTable"},"name":"Cluster Configuration","description":"","columns":[{"__meta":{"schema_version":-1,"schema_name":"ColumnSpecsBase","schema_type":"Iced"},"name":"","type":"string","format":"%s","description":""},{"__meta":{"schema_version":-1,"schema_name":"ColumnSpecsBase","schema_type":"Iced"},"name":"h2o_cluster_uptime","type":"long","format":"%d","description":"H2O cluster uptime"},{"__meta":{"schema_version":-1,"schema_name":"ColumnSpecsBase","schema_type":"Iced"},"name":"h2o_cluster_timezone","type":"string","format":"%s","description":"H2O cluster timezone"},{"__meta":{"schema_version":-1,"schema_name":"ColumnSpecsBase","schema_type":"Iced"},"name":"h2o_data_parsing_timezone","type":"string","format":"%s","description":"H2O data parsing timezone"},{"__meta":{"schema_version":-1,"schema_name":"ColumnSpecsBase","schema_type":"Iced"},"name":"h2o_cluster_version","type":"string","format":"%s","description":"H2O cluster version"},{"__meta":{"schema_version":-1,"schema_name":"ColumnSpecsBase","schema_type":"Iced"},"name":"h2o_cluster_version_age","type":"string","format":"%s","description":"H2O cluster version age"},{"__meta":{"schema_version":-1,"schema_name":"ColumnSpecsBase","schema_type":"Iced"},"name":"h2o_cluster_name","type":"string","format":"%s","description":"H2O cluster name"},{"__meta":{"schema_version":-1,"schema_name":"ColumnSpecsBase","schema_type":"Iced"},"name":"h2o_cluster_total_nodes","type":"int","format":"%d","description":"H2O cluster total nodes"},{"__meta":{"schema_version":-1,"schema_name":"ColumnSpecsBase","schema_type":"Iced"},"name":"h2o_cluster_free_memory","type":"long","format":"%d","description":"H2O cluster free memory"},{"__meta":{"schema_version":-1,"schema_name":"ColumnSpecsBase","schema_type":"Iced"},"name":"h2o_cluster_total_cores","type":"int","format":"%d","description":"H2O cluster total cores"},{"__meta":{"schema_version":-1,"schema_name":"ColumnSpecsBase","schema_type":"Iced"},"name":"h2o_cluster_allowed_cores","type":"int","format":"%d","description":"H2O cluster allowed cores"},{"__meta":{"schema_version":-1,"schema_name":"ColumnSpecsBase","schema_type":"Iced"},"name":"h2o_cluster_status","type":"string","format":"%s","description":"H2O cluster status"},{"__meta":{"schema_version":-1,"schema_name":"ColumnSpecsBase","schema_type":"Iced"},"name":"h2o_internal_security","type":"string","format":"%s","description":"H2O internal security"},{"__meta":{"schema_version":-1,"schema_name":"ColumnSpecsBase","schema_type":"Iced"},"name":"h2o_api_extensions","type":"string","format":"%s","description":"H2O API Extensions"}],"rowcount":1,"data":[[""],[2813234],["Europe/Paris"],["UTC"],["3.30.1.2"],["10 days"],["sparkling-water-gabriel_local-1600065989381"],[1],[7188839816],[12],[12],["locked, healthly"],["false"],["XGBoost, Algos, Amazon S3, Sparkling Water REST API Extensions, AutoML, Core V3, TargetEncoder, Core V4"]]},{"__meta":{"schema_version":3,"schema_name":"TwoDimTableV3","schema_type":"TwoDimTable"},"name":"Input Frames Information","description":"","columns":[{"__meta":{"schema_version":-1,"schema_name":"ColumnSpecsBase","schema_type":"Iced"},"name":"","type":"string","format":"%s","description":""},{"__meta":{"schema_version":-1,"schema_name":"ColumnSpecsBase","schema_type":"Iced"},"name":"input_frame","type":"string","format":"%s","description":"Input Frame"},{"__meta":{"schema_version":-1,"schema_name":"ColumnSpecsBase","schema_type":"Iced"},"name":"checksum","type":"long","format":"%d","description":"Checksum"},{"__meta":{"schema_version":-1,"schema_name":"ColumnSpecsBase","schema_type":"Iced"},"name":"espc","type":"string","format":"%d","description":"ESPC"}],"rowcount":3,"data":[["","",""],["training_frame","validation_frame","calibration_frame"],[8449711308894157586,4413184371311871684,-1],["[0, 3576, 7152, 10728, 14304, 17880, 21456, 25032, 28608, 32184, 35759, 39334, 42909]","[0, 18391]","-1"]]}],"training_metrics":{"__meta":{"schema_version":3,"schema_name":"ModelMetricsBinomialV3","schema_type":"ModelMetricsBinomial"},"model":{"__meta":{"schema_version":3,"schema_name":"ModelKeyV3","schema_type":"Key<Model>"},"name":"XGBoost_model_python_1600065991970_207","type":"Key<Model>","URL":"/3/Models/XGBoost_model_python_1600065991970_207"},"model_checksum":2766958587069885536,"frame":{"__meta":{"schema_version":3,"schema_name":"FrameKeyV3","schema_type":"Key<Frame>"},"name":"py_11_sid_b1d6","type":"Key<Frame>","URL":"/3/Frames/py_11_sid_b1d6"},"frame_checksum":-2796486871203310934,"description":null,"model_category":"Binomial","scoring_time":1600068807803,"predictions":null,"MSE":3.130907463786624E-6,"RMSE":0.0017694370471386157,"nobs":42909,"custom_metric_name":null,"custom_metric_value":0.0,"r2":0.9999873955000601,"logloss":1.0263640218704416E-4,"AUC":1.0,"pr_auc":1.0,"Gini":1.0,"mean_per_class_error":0.0,"domain":["false-true","true-true"],"cm":{"__meta":{"schema_version":3,"schema_name":"ConfusionMatrixV3","schema_type":"ConfusionMatrix"},"table":{"__meta":{"schema_version":3,"schema_name":"TwoDimTableV3","schema_type":"TwoDimTable"},"name":"Confusion Matrix","description":"Row labels: Actual class; Column labels: Predicted class","columns":[{"__meta":{"schema_version":-1,"schema_name":"ColumnSpecsBase","schema_type":"Iced"},"name":"false-true","type":"long","format":"%d","description":"false-true"},{"__meta":{"schema_version":-1,"schema_name":"ColumnSpecsBase","schema_type":"Iced"},"name":"true-true","type":"long","format":"%d","description":"true-true"},{"__meta":{"schema_version":-1,"schema_name":"ColumnSpecsBase","schema_type":"Iced"},"name":"Error","type":"double","format":"%.4f","description":"Error"},{"__meta":{"schema_version":-1,"schema_name":"ColumnSpecsBase","schema_type":"Iced"},"name":"Rate","type":"string","format":"= %10s","description":"Rate"}],"rowcount":3,"data":[[23173,0,23173],[0,19736,19736],[0.0,0.0,0.0],["0 / 23,173","0 / 19,736","0 / 42,909"]]}},"thresholds_and_metric_scores":{"__meta":{"schema_version":3,"schema_name":"TwoDimTableV3","schema_type":"TwoDimTable"},"name":"Metrics for Thresholds","description":"Binomial metrics as a function of classification thresholds","columns":[{"__meta":{"schema_version":-1,"schema_name":"ColumnSpecsBase","schema_type":"Iced"},"name":"threshold","type":"double","format":"%f","description":"Threshold"},{"__meta":{"schema_version":-1,"schema_name":"ColumnSpecsBase","schema_type":"Iced"},"name":"f1","type":"double","format":"%f","description":"f1"},{"__meta":{"schema_version":-1,"schema_name":"ColumnSpecsBase","schema_type":"Iced"},"name":"f2","type":"double","format":"%f","description":"f2"},{"__meta":{"schema_version":-1,"schema_name":"ColumnSpecsBase","schema_type":"Iced"},"name":"f0point5","type":"double","format":"%f","description":"f0point5"},{"__meta":{"schema_version":-1,"schema_name":"ColumnSpecsBase","schema_type":"Iced"},"name":"accuracy","type":"double","format":"%f","description":"accuracy"},{"__meta":{"schema_version":-1,"schema_name":"ColumnSpecsBase","schema_type":"Iced"},"name":"precision","type":"double","format":"%f","description":"precision"},{"__meta":{"schema_version":-1,"schema_name":"ColumnSpecsBase","schema_type":"Iced"},"name":"recall","type":"double","format":"%f","description":"recall"},{"__meta":{"schema_version":-1,"schema_name":"ColumnSpecsBase","schema_type":"Iced"},"name":"specificity","type":"double","format":"%f","description":"specificity"},{"__meta":{"schema_version":-1,"schema_name":"ColumnSpecsBase","schema_type":"Iced"},"name":"absolute_mcc","type":"double","format":"%f","description":"absolute_mcc"},{"__meta":{"schema_version":-1,"schema_name":"ColumnSpecsBase","schema_type":"Iced"},"name":"min_per_class_accuracy","type":"double","format":"%f","description":"min_per_class_accuracy"},{"__meta":{"schema_version":-1,"schema_name":"ColumnSpecsBase","schema_type":"Iced"},"name":"mean_per_class_accuracy","type":"double","format":"%f","description":"mean_per_class_accuracy"},{"__meta":{"schema_version":-1,"schema_name":"ColumnSpecsBase","schema_type":"Iced"},"name":"tns","type":"long","format":"%d","description":"tns"},{"__meta":{"schema_version":-1,"schema_name":"ColumnSpecsBase","schema_type":"Iced"},"name":"fns","type":"long","format":"%d","description":"fns"},{"__meta":{"schema_version":-1,"schema_name":"ColumnSpecsBase","schema_type":"Iced"},"name":"fps","type":"long","format":"%d","description":"fps"},{"__meta":{"schema_version":-1,"schema_name":"ColumnSpecsBase","schema_type":"Iced"},"name":"tps","type":"long","format":"%d","description":"tps"},{"__meta":{"schema_version":-1,"schema_name":"ColumnSpecsBase","schema_type":"Iced"},"name":"tnr","type":"double","format":"%f","description":"tnr"},{"__meta":{"schema_version":-1,"schema_name":"ColumnSpecsBase","schema_type":"Iced"},"name":"fnr","type":"double","format":"%f","description":"fnr"},{"__meta":{"schema_version":-1,"schema_name":"ColumnSpecsBase","schema_type":"Iced"},"name":"fpr","type":"double","format":"%f","description":"fpr"},{"__meta":{"schema_version":-1,"schema_name":"ColumnSpecsBase","schema_type":"Iced"},"name":"tpr","type":"double","format":"%f","description":"tpr"},{"__meta":{"schema_version":-1,"schema_name":"ColumnSpecsBase","schema_type":"Iced"},"name":"idx","type":"int","format":"%d","description":"idx"}],"rowcount":26,"data":[[0.9999911785125732,0.9999886751174927,0.9999274015426636,0.9998825788497925,0.999630331993103,0.9995719790458679,0.9995236396789551,0.9993852376937866,0.9991310238838196,0.9990498423576355,0.9987801909446716,0.9984124898910522,0.9977700710296631,0.9958237409591675,0.9938342571258545,0.7663956880569458,0.11332611739635468,0.0040359534323215485,0.0032377263996750116,5.140182329341769E-4,3.542794001987204E-5,3.1831954402150586E-5,2.7610238248598762E-5,2.6287680157111026E-5,2.5250088583561592E-5,2.3726499421172775E-5],[0.03396921850874134,0.6596033686498234,0.9222662116040956,0.9249959148101748,0.9823132057959058,0.984851991873055,0.9888567256705177,0.9937799530947282,0.998375964271214,0.9986808726534754,0.9989602089726358,0.9992140158718085,0.9992901328465673,0.9998479704049055,0.9999746649438829,1.0,0.9998480166168499,0.9982297304132316,0.9978764283547376,0.9712837422180663,0.9477981078614993,0.9067561048448232,0.789345278566572,0.7295039550528573,0.6845172031076582,0.6300901907574428],[0.02150469824052469,0.5477350658725861,0.8811682823244602,0.8851614786397848,0.971998285609323,0.9759814865787891,0.9822891750216296,0.9900849282782722,0.997404072361483,0.9978910654175285,0.9983373716278551,0.9987430181755518,0.9988646961034748,0.9997567748343029,0.9999594645263937,1.0,0.9999392011024867,0.9992911392405065,0.9991494876675711,0.9883121175398359,0.9784440874928114,0.9604921208109869,0.9035471642829674,0.8708390695047478,0.8443425285782737,0.8098282356610014],[0.08080568720379147,0.8288952615048477,0.9673853274068642,0.9685845957291476,0.9928493995997333,0.9938852207134257,0.9955126882607799,0.9975026610988291,0.9993497520929854,0.9994719311073199,0.9995838239473792,0.999685458013718,0.9997159321483645,0.9999391826143367,0.9999898658235032,1.0,0.9997568487599287,0.9971705739692805,0.9966066090328837,0.9548322173626969,0.9190135598271495,0.858714191235337,0.7007726394727872,0.6276395461252735,0.5755681022817414,0.515644921932153],[0.547996923722296,0.7663893355706262,0.9336502831573795,0.935817660630637,0.9840126779929619,0.9862732760027034,0.9898622666573446,0.9943135472744645,0.998508471416253,0.9987881330257056,0.9990444895010371,0.9992775408422475,0.9993474562446106,0.9998601691952738,0.9999766948658789,1.0,0.9998601691952738,0.9983686406115267,0.998042368733832,0.9728029084807384,0.9493346384208441,0.9054044606026708,0.7545037171688923,0.6589060570043581,0.5760330000699154,0.45995012701298094],[1.0,1.0,1.0,1.0,1.0,1.0,1.0,1.0,1.0,1.0,1.0,1.0,1.0,1.0,1.0,1.0,0.999696079424577,0.9964657174593557,0.9957618567103935,0.9441706932019327,0.9007759014148791,0.8294179449464173,0.65199867855963,0.5741882927964622,0.5203543556211769,0.45995012701298094],[0.017278070531009323,0.49209566274827726,0.85574584515606,0.8604580462099716,0.9652411836238346,0.970156059991893,0.9779590595865424,0.987636805837049,0.9967571949736522,0.9973652209160924,0.997922578029996,0.9984292663153628,0.9985812728009729,0.9996959870287799,0.9999493311714633,1.0,1.0,1.0,1.0,1.0,1.0,1.0,1.0,1.0,1.0,1.0],[1.0,1.0,1.0,1.0,1.0,1.0,1.0,1.0,1.0,1.0,1.0,1.0,1.0,1.0,1.0,1.0,0.9997410779786821,0.9969792430846244,0.9963750917015493,0.9496396668536659,0.9061839209424761,0.8248392525784318,0.545419237906184,0.3684028826651707,0.2149484313640875,0.0],[0.0969833383139676,0.586092926850592,0.8729912369770034,0.8769601257570188,0.9682398076310001,0.9726810063586989,0.9797648838935292,0.988608035120683,0.9970014534733727,0.997563107511377,0.9980781890905426,0.998546637980908,0.998687208515045,0.9997185657603835,0.9999530896746377,1.0,0.9997185784484496,0.9967224472000245,0.9960684270132867,0.9469012316737571,0.9034758647770444,0.827125430502981,0.5963326440635565,0.4599267574938533,0.33443886211719254,0.0],[0.017278070531009323,0.49209566274827726,0.85574584515606,0.8604580462099716,0.9652411836238346,0.970156059991893,0.9779590595865424,0.987636805837049,0.9967571949736522,0.9973652209160924,0.997922578029996,0.9984292663153628,0.9985812728009729,0.9996959870287799,0.9999493311714633,1.0,0.9997410779786821,0.9969792430846244,0.9963750917015493,0.9496396668536659,0.9061839209424761,0.8248392525784318,0.545419237906184,0.3684028826651707,0.2149484313640875,0.0],[0.5086390352655047,0.7460478313741387,0.92787292257803,0.9302290231049858,0.9826205918119173,0.9850780299959465,0.9889795297932712,0.9938184029185245,0.9983785974868261,0.9986826104580462,0.9989612890149979,0.9992146331576814,0.9992906364004864,0.99984799351439,0.9999746655857317,1.0,0.999870538989341,0.9984896215423122,0.9981875458507746,0.974819833426833,0.953091960471238,0.9124196262892159,0.772709618953092,0.6842014413325853,0.6074742156820437,0.5],[23173,23173,23173,23173,23173,23173,23173,23173,23173,23173,23173,23173,23173,23173,23173,23173,23167,23103,23089,22006,20999,19114,12639,8537,4981,0],[19395,10024,2847,2754,686,589,435,244,64,52,41,31,28,6,1,0,0,0,0,0,0,0,0,0,0,0],[0,0,0,0,0,0,0,0,0,0,0,0,0,0,0,0,6,70,84,1167,2174,4059,10534,14636,18192,23173],[341,9712,16889,16982,19050,19147,19301,19492,19672,19684,19695,19705,19708,19730,19735,19736,19736,19736,19736,19736,19736,19736,19736,19736,19736,19736],[1.0,1.0,1.0,1.0,1.0,1.0,1.0,1.0,1.0,1.0,1.0,1.0,1.0,1.0,1.0,1.0,0.9997410779786821,0.9969792430846244,0.9963750917015493,0.9496396668536659,0.9061839209424761,0.8248392525784318,0.545419237906184,0.3684028826651707,0.2149484313640875,0.0],[0.9827219294689907,0.5079043372517228,0.14425415484394,0.13954195379002837,0.03475881637616538,0.02984394000810701,0.02204094041345764,0.012363194162950952,0.0032428050263477908,0.00263477908390758,0.0020774219700040535,0.0015707336846372112,0.0014187271990271585,3.040129712201054E-4,5.066882853668423E-5,0.0,0.0,0.0,0.0,0.0,0.0,0.0,0.0,0.0,0.0,0.0],[0.0,0.0,0.0,0.0,0.0,0.0,0.0,0.0,0.0,0.0,0.0,0.0,0.0,0.0,0.0,0.0,2.5892202131791306E-4,0.0030207569153756528,0.0036249082984507832,0.0503603331463341,0.09381607905752384,0.1751607474215682,0.4545807620938161,0.6315971173348294,0.7850515686359125,1.0],[0.017278070531009323,0.49209566274827726,0.85574584515606,0.8604580462099716,0.9652411836238346,0.970156059991893,0.9779590595865424,0.987636805837049,0.9967571949736522,0.9973652209160924,0.997922578029996,0.9984292663153628,0.9985812728009729,0.9996959870287799,0.9999493311714633,1.0,1.0,1.0,1.0,1.0,1.0,1.0,1.0,1.0,1.0,1.0],[0,1,2,3,4,5,6,7,8,9,10,11,12,13,14,15,16,17,18,19,20,21,22,23,24,25]]},"max_criteria_and_metric_scores":{"__meta":{"schema_version":3,"schema_name":"TwoDimTableV3","schema_type":"TwoDimTable"},"name":"Maximum Metrics","description":"Maximum metrics at their respective thresholds","columns":[{"__meta":{"schema_version":-1,"schema_name":"ColumnSpecsBase","schema_type":"Iced"},"name":"metric","type":"string","format":"%s","description":"Metric"},{"__meta":{"schema_version":-1,"schema_name":"ColumnSpecsBase","schema_type":"Iced"},"name":"threshold","type":"double","format":"%f","description":"Threshold"},{"__meta":{"schema_version":-1,"schema_name":"ColumnSpecsBase","schema_type":"Iced"},"name":"value","type":"double","format":"%f","description":"Value"},{"__meta":{"schema_version":-1,"schema_name":"ColumnSpecsBase","schema_type":"Iced"},"name":"idx","type":"long","format":"%d","description":"idx"}],"rowcount":18,"data":[["max f1","max f2","max f0point5","max accuracy","max precision","max recall","max specificity","max absolute_mcc","max min_per_class_accuracy","max mean_per_class_accuracy","max tns","max fns","max fps","max tps","max tnr","max fnr","max fpr","max tpr"],[0.7663956880569458,0.7663956880569458,0.7663956880569458,0.7663956880569458,0.9999911785125732,0.7663956880569458,0.9999911785125732,0.7663956880569458,0.7663956880569458,0.7663956880569458,0.9999911785125732,0.9999911785125732,2.3726499421172775E-5,0.7663956880569458,0.9999911785125732,0.9999911785125732,2.3726499421172775E-5,0.7663956880569458],[1.0,1.0,1.0,1.0,1.0,1.0,1.0,1.0,1.0,1.0,23173.0,19395.0,23173.0,19736.0,1.0,0.9827219294689907,1.0,1.0],[15,15,15,15,0,15,0,15,15,15,0,0,25,15,0,0,25,15]]},"gains_lift_table":{"__meta":{"schema_version":3,"schema_name":"TwoDimTableV3","schema_type":"TwoDimTable"},"name":"Gains/Lift Table","description":"Avg response rate: 46.00 %, avg score: 45.99 %","columns":[{"__meta":{"schema_version":-1,"schema_name":"ColumnSpecsBase","schema_type":"Iced"},"name":"group","type":"int","format":"%d","description":"Group"},{"__meta":{"schema_version":-1,"schema_name":"ColumnSpecsBase","schema_type":"Iced"},"name":"cumulative_data_fraction","type":"double","format":"%.8f","description":"Cumulative Data Fraction"},{"__meta":{"schema_version":-1,"schema_name":"ColumnSpecsBase","schema_type":"Iced"},"name":"lower_threshold","type":"double","format":"%5f","description":"Lower Threshold"},{"__meta":{"schema_version":-1,"schema_name":"ColumnSpecsBase","schema_type":"Iced"},"name":"lift","type":"double","format":"%5f","description":"Lift"},{"__meta":{"schema_version":-1,"schema_name":"ColumnSpecsBase","schema_type":"Iced"},"name":"cumulative_lift","type":"double","format":"%5f","description":"Cumulative Lift"},{"__meta":{"schema_version":-1,"schema_name":"ColumnSpecsBase","schema_type":"Iced"},"name":"response_rate","type":"double","format":"%5f","description":"Response Rate"},{"__meta":{"schema_version":-1,"schema_name":"ColumnSpecsBase","schema_type":"Iced"},"name":"score","type":"double","format":"%5f","description":"Score"},{"__meta":{"schema_version":-1,"schema_name":"ColumnSpecsBase","schema_type":"Iced"},"name":"cumulative_response_rate","type":"double","format":"%5f","description":"Cumulative Response Rate"},{"__meta":{"schema_version":-1,"schema_name":"ColumnSpecsBase","schema_type":"Iced"},"name":"cumulative_score","type":"double","format":"%5f","description":"Cumulative Score"},{"__meta":{"schema_version":-1,"schema_name":"ColumnSpecsBase","schema_type":"Iced"},"name":"capture_rate","type":"double","format":"%5f","description":"Capture Rate"},{"__meta":{"schema_version":-1,"schema_name":"ColumnSpecsBase","schema_type":"Iced"},"name":"cumulative_capture_rate","type":"double","format":"%5f","description":"Cumulative Capture Rate"},{"__meta":{"schema_version":-1,"schema_name":"ColumnSpecsBase","schema_type":"Iced"},"name":"gain","type":"double","format":"%5f","description":"Gain"},{"__meta":{"schema_version":-1,"schema_name":"ColumnSpecsBase","schema_type":"Iced"},"name":"cumulative_gain","type":"double","format":"%5f","description":"Cumulative Gain"},{"__meta":{"schema_version":-1,"schema_name":"ColumnSpecsBase","schema_type":"Iced"},"name":"kolmogorov_smirnov","type":"double","format":"%5f","description":"Kolmogorov Smirnov"}],"rowcount":7,"data":[[1,2,3,4,5,6,7],[0.22633946258360718,0.3936004101703605,0.4439628050059428,0.5106154885921369,0.7054464098440887,0.8010440700086229,1.0],[0.9999886751174927,0.9999274015426636,0.999630331993103,3.542794001987204E-5,2.7610238248598762E-5,2.6287680157111026E-5,2.3726499421172775E-5],[2.174148763680584,2.174148763680584,2.174148763680584,0.5214916265331749,0.0,0.0,0.0],[2.174148763680584,2.174148763680584,2.174148763680584,1.9584208124144227,1.417542120911794,1.2483707669032933,1.0],[1.0,1.0,1.0,0.23986013986013985,0.0,0.0,0.0],[0.9999887630147046,0.9999274015426636,0.9996411875959129,0.24013410326838788,2.8562144343030003E-5,2.6287680157111026E-5,2.4361134897505753E-5],[1.0,1.0,1.0,0.9007759014148791,0.65199867855963,0.5741882927964622,0.45995012701298094],[0.9999887630147046,0.9999626873864946,0.9999262169903032,0.9007475111370545,0.6519860174608382,0.5741802798965313,0.459948555119257],[0.49209566274827726,0.36365018240778274,0.10949533846777462,0.03475881637616538,0.0,0.0,0.0],[0.49209566274827726,0.85574584515606,0.9652411836238346,1.0,1.0,1.0,1.0],[117.41487636805839,117.41487636805839,117.41487636805839,-47.8508373466825,-100.0,-100.0,-100.0],[117.41487636805839,117.41487636805839,117.41487636805839,95.84208124144227,41.7542120911794,24.83707669032933,0.0],[0.49209566274827726,0.85574584515606,0.9652411836238346,0.9061839209424761,0.545419237906184,0.36840288266517063,0.0]]}},"validation_metrics":{"__meta":{"schema_version":3,"schema_name":"ModelMetricsBinomialV3","schema_type":"ModelMetricsBinomial"},"model":{"__meta":{"schema_version":3,"schema_name":"ModelKeyV3","schema_type":"Key<Model>"},"name":"XGBoost_model_python_1600065991970_207","type":"Key<Model>","URL":"/3/Models/XGBoost_model_python_1600065991970_207"},"model_checksum":2766958587069885536,"frame":{"__meta":{"schema_version":3,"schema_name":"FrameKeyV3","schema_type":"Key<Frame>"},"name":"py_12_sid_b1d6","type":"Key<Frame>","URL":"/3/Frames/py_12_sid_b1d6"},"frame_checksum":-7684927282980851738,"description":null,"model_category":"Binomial","scoring_time":1600068807821,"predictions":null,"MSE":4.8040143815177485E-6,"RMSE":0.0021918061915958144,"nobs":18391,"custom_metric_name":null,"custom_metric_value":0.0,"r2":0.9999807019183089,"logloss":1.0876160717582815E-4,"AUC":1.0,"pr_auc":1.0,"Gini":1.0,"mean_per_class_error":0.0,"domain":["false-true","true-true"],"cm":{"__meta":{"schema_version":3,"schema_name":"ConfusionMatrixV3","schema_type":"ConfusionMatrix"},"table":{"__meta":{"schema_version":3,"schema_name":"TwoDimTableV3","schema_type":"TwoDimTable"},"name":"Confusion Matrix","description":"Row labels: Actual class; Column labels: Predicted class","columns":[{"__meta":{"schema_version":-1,"schema_name":"ColumnSpecsBase","schema_type":"Iced"},"name":"false-true","type":"long","format":"%d","description":"false-true"},{"__meta":{"schema_version":-1,"schema_name":"ColumnSpecsBase","schema_type":"Iced"},"name":"true-true","type":"long","format":"%d","description":"true-true"},{"__meta":{"schema_version":-1,"schema_name":"ColumnSpecsBase","schema_type":"Iced"},"name":"Error","type":"double","format":"%.4f","description":"Error"},{"__meta":{"schema_version":-1,"schema_name":"ColumnSpecsBase","schema_type":"Iced"},"name":"Rate","type":"string","format":"= %10s","description":"Rate"}],"rowcount":3,"data":[[9795,0,9795],[0,8596,8596],[0.0,0.0,0.0],["0 / 9,795","0 / 8,596","0 / 18,391"]]}},"thresholds_and_metric_scores":{"__meta":{"schema_version":3,"schema_name":"TwoDimTableV3","schema_type":"TwoDimTable"},"name":"Metrics for Thresholds","description":"Binomial metrics as a function of classification thresholds","columns":[{"__meta":{"schema_version":-1,"schema_name":"ColumnSpecsBase","schema_type":"Iced"},"name":"threshold","type":"double","format":"%f","description":"Threshold"},{"__meta":{"schema_version":-1,"schema_name":"ColumnSpecsBase","schema_type":"Iced"},"name":"f1","type":"double","format":"%f","description":"f1"},{"__meta":{"schema_version":-1,"schema_name":"ColumnSpecsBase","schema_type":"Iced"},"name":"f2","type":"double","format":"%f","description":"f2"},{"__meta":{"schema_version":-1,"schema_name":"ColumnSpecsBase","schema_type":"Iced"},"name":"f0point5","type":"double","format":"%f","description":"f0point5"},{"__meta":{"schema_version":-1,"schema_name":"ColumnSpecsBase","schema_type":"Iced"},"name":"accuracy","type":"double","format":"%f","description":"accuracy"},{"__meta":{"schema_version":-1,"schema_name":"ColumnSpecsBase","schema_type":"Iced"},"name":"precision","type":"double","format":"%f","description":"precision"},{"__meta":{"schema_version":-1,"schema_name":"ColumnSpecsBase","schema_type":"Iced"},"name":"recall","type":"double","format":"%f","description":"recall"},{"__meta":{"schema_version":-1,"schema_name":"ColumnSpecsBase","schema_type":"Iced"},"name":"specificity","type":"double","format":"%f","description":"specificity"},{"__meta":{"schema_version":-1,"schema_name":"ColumnSpecsBase","schema_type":"Iced"},"name":"absolute_mcc","type":"double","format":"%f","description":"absolute_mcc"},{"__meta":{"schema_version":-1,"schema_name":"ColumnSpecsBase","schema_type":"Iced"},"name":"min_per_class_accuracy","type":"double","format":"%f","description":"min_per_class_accuracy"},{"__meta":{"schema_version":-1,"schema_name":"ColumnSpecsBase","schema_type":"Iced"},"name":"mean_per_class_accuracy","type":"double","format":"%f","description":"mean_per_class_accuracy"},{"__meta":{"schema_version":-1,"schema_name":"ColumnSpecsBase","schema_type":"Iced"},"name":"tns","type":"long","format":"%d","description":"tns"},{"__meta":{"schema_version":-1,"schema_name":"ColumnSpecsBase","schema_type":"Iced"},"name":"fns","type":"long","format":"%d","description":"fns"},{"__meta":{"schema_version":-1,"schema_name":"ColumnSpecsBase","schema_type":"Iced"},"name":"fps","type":"long","format":"%d","description":"fps"},{"__meta":{"schema_version":-1,"schema_name":"ColumnSpecsBase","schema_type":"Iced"},"name":"tps","type":"long","format":"%d","description":"tps"},{"__meta":{"schema_version":-1,"schema_name":"ColumnSpecsBase","schema_type":"Iced"},"name":"tnr","type":"double","format":"%f","description":"tnr"},{"__meta":{"schema_version":-1,"schema_name":"ColumnSpecsBase","schema_type":"Iced"},"name":"fnr","type":"double","format":"%f","description":"fnr"},{"__meta":{"schema_version":-1,"schema_name":"ColumnSpecsBase","schema_type":"Iced"},"name":"fpr","type":"double","format":"%f","description":"fpr"},{"__meta":{"schema_version":-1,"schema_name":"ColumnSpecsBase","schema_type":"Iced"},"name":"tpr","type":"double","format":"%f","description":"tpr"},{"__meta":{"schema_version":-1,"schema_name":"ColumnSpecsBase","schema_type":"Iced"},"name":"idx","type":"int","format":"%d","description":"idx"}],"rowcount":26,"data":[[0.9999911785125732,0.9999886751174927,0.9999274015426636,0.9998825788497925,0.999630331993103,0.9995719790458679,0.9995236396789551,0.9993852376937866,0.9991310238838196,0.9990498423576355,0.9987801909446716,0.9977700710296631,0.9958237409591675,0.9938342571258545,0.7663956880569458,0.1412167102098465,0.11332611739635468,0.0040359534323215485,0.0032377263996750116,5.140182329341769E-4,3.542794001987204E-5,3.1831954402150586E-5,2.7610238248598762E-5,2.6287680157111026E-5,2.5250088583561592E-5,2.3726499421172775E-5],[0.03407661520869068,0.6523477306576781,0.9179254783484391,0.9201005025125628,0.9832032174118761,0.985243772872152,0.9880510918829831,0.992498827941866,0.9986020503261882,0.9989519040409921,0.9992432621223588,0.999359757872068,0.9998254697771831,0.9999418300273399,1.0,0.9999418367940441,0.9998836803536117,0.9987219704891368,0.9986059479553904,0.9715738909296412,0.9492573574071006,0.909822184589331,0.7938677502770595,0.7327905886364606,0.689472628834971,0.6370474672990699],[0.021573567312425792,0.5397587235698534,0.8748440349361742,0.8780090150570634,0.9733932921116731,0.97659723847414,0.9810178366879398,0.9880518995612806,0.9977651550423688,0.9983241003677668,0.9987897688924058,0.9989760059577835,0.9997207808827978,0.9999069312920262,1.0,0.9999767339056793,0.9999534688939556,0.9994883958885634,0.9994419123802436,0.9884322608835638,0.9790655823595069,0.9618655447139915,0.9059101256217857,0.8727080752908688,0.8473473572146757,0.8144007579346281],[0.08104873803307222,0.8242868462757528,0.9654697595593688,0.966430908898976,0.9932128859573656,0.9940447832301096,0.9951859229747677,0.9969859659037393,0.9994403507135526,0.9995804978092662,0.9996971673499815,0.9997438047326253,0.9999301805995159,0.9999767311988087,1.0,0.9999069421179975,0.9998139015539219,0.9979567196062041,0.9977713808153033,0.9552809388335705,0.921210562414266,0.8631215358663347,0.7064895785390229,0.6315387328082755,0.581187797490264,0.5231256085686465],[0.5406992550704148,0.7588494372247295,0.9290957533576206,0.930835734870317,0.9845576640748191,0.9864063944320591,0.9889619922788321,0.9930400739492143,0.9986950138654777,0.9990212603991082,0.999293132510467,0.9994018813550106,0.9998368767331847,0.9999456255777283,1.0,0.9999456255777283,0.9998912511554565,0.9988037627100212,0.9986950138654777,0.972649665597303,0.9500299059322495,0.9073459844489152,0.7572725789788484,0.6591267467783155,0.5789788483497362,0.46740253384807784],[1.0,1.0,1.0,1.0,1.0,1.0,1.0,1.0,1.0,1.0,1.0,1.0,1.0,1.0,1.0,0.9998836803536117,0.9997673877645964,0.9974472035275006,0.997215777262181,0.9447191999120782,0.9034156594850237,0.8345631067961164,0.6581929555895866,0.5782711066263034,0.5261031886896382,0.46740253384807784],[0.017333643555141925,0.4840623545835272,0.8483015355979525,0.8520241973010703,0.9669613773848301,0.9709167054443928,0.9763843648208469,0.9851093531875291,0.9972080037226617,0.9979060027919963,0.9984876686831085,0.9987203350395533,0.9996510004653327,0.9998836668217775,1.0,1.0,1.0,1.0,1.0,1.0,1.0,1.0,1.0,1.0,1.0,1.0],[1.0,1.0,1.0,1.0,1.0,1.0,1.0,1.0,1.0,1.0,1.0,1.0,1.0,1.0,1.0,0.9998979070954569,0.9997958141909137,0.997753956100051,0.9975497702909648,0.9486472690148035,0.9061766207248596,0.8260336906584992,0.5442572741194487,0.35997958141909137,0.20949464012251148,0.0],[0.09647414209691059,0.5772320339535757,0.8652376738211718,0.8683868325948547,0.969388942205555,0.9730120896540927,0.9780387504089394,0.9861045115383522,0.9973818663260544,0.9980358422307357,0.9985811056630196,0.998799283306161,0.9996724075356045,0.9998907921441778,1.0,0.9998907936992315,0.9997816008767254,0.997600568023343,0.9973827597960646,0.9466811971209966,0.9047950869793996,0.8302874461258699,0.5985200947786229,0.4562518941441136,0.3319876476344286,0.0],[0.017333643555141925,0.4840623545835272,0.8483015355979525,0.8520241973010703,0.9669613773848301,0.9709167054443928,0.9763843648208469,0.9851093531875291,0.9972080037226617,0.9979060027919963,0.9984876686831085,0.9987203350395533,0.9996510004653327,0.9998836668217775,1.0,0.9998979070954569,0.9997958141909137,0.997753956100051,0.9975497702909648,0.9486472690148035,0.9061766207248596,0.8260336906584992,0.5442572741194487,0.35997958141909137,0.20949464012251148,0.0],[0.5086668217775709,0.7420311772917636,0.9241507677989762,0.9260120986505351,0.983480688692415,0.9854583527221964,0.9881921824104234,0.9925546765937645,0.9986040018613309,0.9989530013959982,0.9992438343415542,0.9993601675197766,0.9998255002326664,0.9999418334108887,1.0,0.9999489535477284,0.9998979070954568,0.9988769780500255,0.9987748851454824,0.9743236345074018,0.9530883103624298,0.9130168453292495,0.7721286370597243,0.6799897907095457,0.6047473200612558,0.5],[9795,9795,9795,9795,9795,9795,9795,9795,9795,9795,9795,9795,9795,9795,9795,9794,9793,9773,9771,9292,8876,8091,5331,3526,2052,0],[8447,4435,1304,1272,284,250,203,128,24,18,13,11,3,1,0,0,0,0,0,0,0,0,0,0,0,0],[0,0,0,0,0,0,0,0,0,0,0,0,0,0,0,1,2,22,24,503,919,1704,4464,6269,7743,9795],[149,4161,7292,7324,8312,8346,8393,8468,8572,8578,8583,8585,8593,8595,8596,8596,8596,8596,8596,8596,8596,8596,8596,8596,8596,8596],[1.0,1.0,1.0,1.0,1.0,1.0,1.0,1.0,1.0,1.0,1.0,1.0,1.0,1.0,1.0,0.9998979070954569,0.9997958141909137,0.997753956100051,0.9975497702909648,0.9486472690148035,0.9061766207248596,0.8260336906584992,0.5442572741194487,0.35997958141909137,0.20949464012251148,0.0],[0.9826663564448581,0.5159376454164728,0.15169846440204746,0.14797580269892974,0.03303862261516985,0.02908329455560726,0.023615635179153095,0.014890646812470917,0.002791996277338297,0.0020939972080037225,0.0015123313168915774,0.0012796649604467194,3.489995346672871E-4,1.1633317822242904E-4,0.0,0.0,0.0,0.0,0.0,0.0,0.0,0.0,0.0,0.0,0.0,0.0],[0.0,0.0,0.0,0.0,0.0,0.0,0.0,0.0,0.0,0.0,0.0,0.0,0.0,0.0,0.0,1.0209290454313425E-4,2.041858090862685E-4,0.0022460438999489536,0.002450229709035222,0.05135273098519653,0.09382337927514038,0.17396630934150076,0.4557427258805513,0.6400204185809086,0.7905053598774885,1.0],[0.017333643555141925,0.4840623545835272,0.8483015355979525,0.8520241973010703,0.9669613773848301,0.9709167054443928,0.9763843648208469,0.9851093531875291,0.9972080037226617,0.9979060027919963,0.9984876686831085,0.9987203350395533,0.9996510004653327,0.9998836668217775,1.0,1.0,1.0,1.0,1.0,1.0,1.0,1.0,1.0,1.0,1.0,1.0],[0,1,2,3,4,5,6,7,8,9,10,11,12,13,14,15,16,17,18,19,20,21,22,23,24,25]]},"max_criteria_and_metric_scores":{"__meta":{"schema_version":3,"schema_name":"TwoDimTableV3","schema_type":"TwoDimTable"},"name":"Maximum Metrics","description":"Maximum metrics at their respective thresholds","columns":[{"__meta":{"schema_version":-1,"schema_name":"ColumnSpecsBase","schema_type":"Iced"},"name":"metric","type":"string","format":"%s","description":"Metric"},{"__meta":{"schema_version":-1,"schema_name":"ColumnSpecsBase","schema_type":"Iced"},"name":"threshold","type":"double","format":"%f","description":"Threshold"},{"__meta":{"schema_version":-1,"schema_name":"ColumnSpecsBase","schema_type":"Iced"},"name":"value","type":"double","format":"%f","description":"Value"},{"__meta":{"schema_version":-1,"schema_name":"ColumnSpecsBase","schema_type":"Iced"},"name":"idx","type":"long","format":"%d","description":"idx"}],"rowcount":18,"data":[["max f1","max f2","max f0point5","max accuracy","max precision","max recall","max specificity","max absolute_mcc","max min_per_class_accuracy","max mean_per_class_accuracy","max tns","max fns","max fps","max tps","max tnr","max fnr","max fpr","max tpr"],[0.7663956880569458,0.7663956880569458,0.7663956880569458,0.7663956880569458,0.9999911785125732,0.7663956880569458,0.9999911785125732,0.7663956880569458,0.7663956880569458,0.7663956880569458,0.9999911785125732,0.9999911785125732,2.3726499421172775E-5,0.7663956880569458,0.9999911785125732,0.9999911785125732,2.3726499421172775E-5,0.7663956880569458],[1.0,1.0,1.0,1.0,1.0,1.0,1.0,1.0,1.0,1.0,9795.0,8447.0,9795.0,8596.0,1.0,0.9826663564448581,1.0,1.0],[14,14,14,14,0,14,0,14,14,14,0,0,25,14,0,0,25,14]]},"gains_lift_table":{"__meta":{"schema_version":3,"schema_name":"TwoDimTableV3","schema_type":"TwoDimTable"},"name":"Gains/Lift Table","description":"Avg response rate: 46.74 %, avg score: 46.74 %","columns":[{"__meta":{"schema_version":-1,"schema_name":"ColumnSpecsBase","schema_type":"Iced"},"name":"group","type":"int","format":"%d","description":"Group"},{"__meta":{"schema_version":-1,"schema_name":"ColumnSpecsBase","schema_type":"Iced"},"name":"cumulative_data_fraction","type":"double","format":"%.8f","description":"Cumulative Data Fraction"},{"__meta":{"schema_version":-1,"schema_name":"ColumnSpecsBase","schema_type":"Iced"},"name":"lower_threshold","type":"double","format":"%5f","description":"Lower Threshold"},{"__meta":{"schema_version":-1,"schema_name":"ColumnSpecsBase","schema_type":"Iced"},"name":"lift","type":"double","format":"%5f","description":"Lift"},{"__meta":{"schema_version":-1,"schema_name":"ColumnSpecsBase","schema_type":"Iced"},"name":"cumulative_lift","type":"double","format":"%5f","description":"Cumulative Lift"},{"__meta":{"schema_version":-1,"schema_name":"ColumnSpecsBase","schema_type":"Iced"},"name":"response_rate","type":"double","format":"%5f","description":"Response Rate"},{"__meta":{"schema_version":-1,"schema_name":"ColumnSpecsBase","schema_type":"Iced"},"name":"score","type":"double","format":"%5f","description":"Score"},{"__meta":{"schema_version":-1,"schema_name":"ColumnSpecsBase","schema_type":"Iced"},"name":"cumulative_response_rate","type":"double","format":"%5f","description":"Cumulative Response Rate"},{"__meta":{"schema_version":-1,"schema_name":"ColumnSpecsBase","schema_type":"Iced"},"name":"cumulative_score","type":"double","format":"%5f","description":"Cumulative Score"},{"__meta":{"schema_version":-1,"schema_name":"ColumnSpecsBase","schema_type":"Iced"},"name":"capture_rate","type":"double","format":"%5f","description":"Capture Rate"},{"__meta":{"schema_version":-1,"schema_name":"ColumnSpecsBase","schema_type":"Iced"},"name":"cumulative_capture_rate","type":"double","format":"%5f","description":"Cumulative Capture Rate"},{"__meta":{"schema_version":-1,"schema_name":"ColumnSpecsBase","schema_type":"Iced"},"name":"gain","type":"double","format":"%5f","description":"Gain"},{"__meta":{"schema_version":-1,"schema_name":"ColumnSpecsBase","schema_type":"Iced"},"name":"cumulative_gain","type":"double","format":"%5f","description":"Cumulative Gain"},{"__meta":{"schema_version":-1,"schema_name":"ColumnSpecsBase","schema_type":"Iced"},"name":"kolmogorov_smirnov","type":"double","format":"%5f","description":"Kolmogorov Smirnov"}],"rowcount":7,"data":[[1,2,3,4,5,6,7],[0.22625197107280734,0.39649828720569846,0.45196019792289704,0.5173726279158284,0.7101299548692295,0.8082757870697623,1.0],[0.9999886751174927,0.9999274015426636,0.999630331993103,3.542794001987204E-5,2.7610238248598762E-5,2.6287680157111026E-5,2.3726499421172775E-5],[2.1394834806886927,2.1394834806886927,2.1394834806886927,0.5050817194643297,0.0,0.0,0.0],[2.1394834806886927,2.1394834806886927,2.1394834806886927,1.9328428796636892,1.4081929555895867,1.2372014799865456,1.0],[1.0,1.0,1.0,0.23607647547797173,0.0,0.0,0.0],[0.9999887647608157,0.9999274015426636,0.9996382456199796,0.2361875827514612,2.8545089357354244E-5,2.6287680157111026E-5,2.43634167284221E-5],[1.0,1.0,1.0,0.9034156594850237,0.6581929555895866,0.5782711066263034,0.46740253384807784],[0.9999887647608157,0.9999624169500595,0.9999226365414116,0.9033621247485255,0.6581617005607957,0.5782468387882056,0.46738758979903544],[0.4840623545835272,0.3642391810144253,0.11865984178687762,0.03303862261516985,0.0,0.0,0.0],[0.4840623545835272,0.8483015355979525,0.9669613773848301,1.0,1.0,1.0,1.0],[113.94834806886927,113.94834806886927,113.94834806886927,-49.49182805356703,-100.0,-100.0,-100.0],[113.94834806886927,113.94834806886927,113.94834806886927,93.28428796636892,40.81929555895867,23.72014799865456,0.0],[0.4840623545835272,0.8483015355979525,0.9669613773848301,0.9061766207248596,0.5442572741194487,0.35997958141909137,0.0]]}},"cross_validation_metrics":null,"cross_validation_metrics_summary":null,"status":null,"start_time":1600068805489,"end_time":1600068807823,"run_time":2334,"default_threshold":0.7663956880569458,"help":{"domains":"Domains for categorical columns", "__meta":"Metadata on this schema instance, to make it self-describing.", "help":"Help information for output fields", "training_metrics":"Training data model metrics", "cross_validation_models":"Cross-validation models (model ids)", "cross_validation_predictions":"Cross-validation predictions, one per cv model (deprecated, use cross_validation_holdout_predictions_frame_id instead)", "cross_validation_metrics_summary":"Cross-validation model metrics summary", "variable_importances_frequency":"Variable Importances - Frequency", "status":"Job status", "reproducibility_information_table":"Model reproducibility information", "variable_importances":"Variable Importances", "model_summary":"Model summary", "variable_importances_cover":"Variable Importances - Cover", "end_time":"End time in milliseconds", "names":"Column names", "cross_validation_fold_assignment_frame_id":"Cross-validation fold assignment (each row is assigned to one holdout fold)", "sparse":"Sparse", "run_time":"Runtime in milliseconds", "default_threshold":"Default threshold used for predictions", "scoring_history":"Scoring history", "cross_validation_holdout_predictions_frame_id":"Cross-validation holdout predictions (full out-of-sample predictions on training data)", "model_category":"Category of the model (e.g., Binomial)", "native_parameters":"XGBoost Native Parameters", "column_types":"Column types", "original_names":"Original column names", "start_time":"Start time in milliseconds", "cross_validation_metrics":"Cross-validation model metrics", "validation_metrics":"Validation data model metrics"},"variable_importances":{"__meta":{"schema_version":3,"schema_name":"TwoDimTableV3","schema_type":"TwoDimTable"},"name":"Variable Importances","description":"","columns":[{"__meta":{"schema_version":-1,"schema_name":"ColumnSpecsBase","schema_type":"Iced"},"name":"variable","type":"string","format":"%s","description":"Variable"},{"__meta":{"schema_version":-1,"schema_name":"ColumnSpecsBase","schema_type":"Iced"},"name":"relative_importance","type":"double","format":"%5f","description":"Relative Importance"},{"__meta":{"schema_version":-1,"schema_name":"ColumnSpecsBase","schema_type":"Iced"},"name":"scaled_importance","type":"double","format":"%5f","description":"Scaled Importance"},{"__meta":{"schema_version":-1,"schema_name":"ColumnSpecsBase","schema_type":"Iced"},"name":"percentage","type":"double","format":"%5f","description":"Percentage"}],"rowcount":4,"data":[["R_Percent","R_TeachArea","T_Percent","T_TeachArea"],[88267.1328125,19145.318359375,7444.984375,0.29244011640548706],[1.0,0.21690200813528324,0.084346054276113,3.3131258157744645E-6],[0.7684910224107601,0.1666872459948308,0.06481918548696354,2.546107445540002E-6]]},"variable_importances_cover":{"__meta":{"schema_version":3,"schema_name":"TwoDimTableV3","schema_type":"TwoDimTable"},"name":"Variable Importances - Cover","description":"","columns":[{"__meta":{"schema_version":-1,"schema_name":"ColumnSpecsBase","schema_type":"Iced"},"name":"variable","type":"string","format":"%s","description":"Variable"},{"__meta":{"schema_version":-1,"schema_name":"ColumnSpecsBase","schema_type":"Iced"},"name":"relative_importance","type":"double","format":"%5f","description":"Relative Importance"},{"__meta":{"schema_version":-1,"schema_name":"ColumnSpecsBase","schema_type":"Iced"},"name":"scaled_importance","type":"double","format":"%5f","description":"Scaled Importance"},{"__meta":{"schema_version":-1,"schema_name":"ColumnSpecsBase","schema_type":"Iced"},"name":"percentage","type":"double","format":"%5f","description":"Percentage"}],"rowcount":4,"data":[["R_Percent","R_TeachArea","T_Percent","T_TeachArea"],[57395.44921875,34113.98046875,34079.0546875,6.175226211547852],[1.0,0.5943673397995745,0.5937588284676587,1.0759086818908497E-4],[0.45698956787646994,0.2716196737748945,0.2713415904442744,4.916790436118418E-5]]},"variable_importances_frequency":{"__meta":{"schema_version":3,"schema_name":"TwoDimTableV3","schema_type":"TwoDimTable"},"name":"Variable Importances - Frequency","description":"","columns":[{"__meta":{"schema_version":-1,"schema_name":"ColumnSpecsBase","schema_type":"Iced"},"name":"variable","type":"string","format":"%s","description":"Variable"},{"__meta":{"schema_version":-1,"schema_name":"ColumnSpecsBase","schema_type":"Iced"},"name":"relative_importance","type":"double","format":"%5f","description":"Relative Importance"},{"__meta":{"schema_version":-1,"schema_name":"ColumnSpecsBase","schema_type":"Iced"},"name":"scaled_importance","type":"double","format":"%5f","description":"Scaled Importance"},{"__meta":{"schema_version":-1,"schema_name":"ColumnSpecsBase","schema_type":"Iced"},"name":"percentage","type":"double","format":"%5f","description":"Percentage"}],"rowcount":4,"data":[["R_Percent","T_Percent","R_TeachArea","T_TeachArea"],[74.0,68.0,42.0,1.0],[1.0,0.918918918918919,0.5675675675675675,0.013513513513513514],[0.4,0.3675675675675676,0.22702702702702704,0.005405405405405406]]},"native_parameters":{"__meta":{"schema_version":3,"schema_name":"TwoDimTableV3","schema_type":"TwoDimTable"},"name":"Native XGBoost Parameters","description":"","columns":[{"__meta":{"schema_version":-1,"schema_name":"ColumnSpecsBase","schema_type":"Iced"},"name":"","type":"string","format":"%s","description":""},{"__meta":{"schema_version":-1,"schema_name":"ColumnSpecsBase","schema_type":"Iced"},"name":"name","type":"string","format":"%s","description":"Name"},{"__meta":{"schema_version":-1,"schema_name":"ColumnSpecsBase","schema_type":"Iced"},"name":"value","type":"string","format":"%s","description":"Value"}],"rowcount":25,"data":[["","","","","","","","","","","","","","","","","","","","","","","","",""],["updater","normalize_type","eta","objective","silent","nthread","seed","colsample_bylevel","rate_drop","max_bin","one_drop","sample_type","max_depth","lambda","colsample_bytree","gamma","gpu_id","alpha","booster","grow_policy","skip_drop","nround","max_delta_step","subsample","min_child_weight"],["grow_gpu_hist","tree",0.3,"binary:logistic",true,12,1234,1.0,0.0,256,"0","uniform",6,1.0,1.0,0.0,0,0.0,"dart","depthwise",0.0,50,0.0,1.0,1.0]]},"sparse":false},"compatible_frames":null}
